,A,AAPL,ABBV,ABNB,ABT,ACGL,ACN,ADBE,ADI,ADM,ADP,ADSK,AEE,AEP,AES,AFL,AIG,AIZ,AJG,AKAM,ALB,ALGN,ALL,ALLE,AMAT,AMCR,AMD,AME,AMGN,AMP,AMT,AMZN,ANET,AON,AOS,APA,APD,APH,APO,APP,APTV,ARE,ARES,ATO,AVGO,AVY,AWK,AXON,AXP,AZO,BA,BAC,BALL,BAX,BBY,BDX,BEN,BF-B,BG,BIIB,BKNG,BKR,BLDR,BLK,BMY,BNY,BR,BRK-B,BRO,BSX,BX,BXP,C,CAH,CARR,CASY,CAT,CB,CBOE,CBRE,CCI,CCL,CDNS,CDW,CEG,CF,CFG,CHD,CHRW,CHTR,CI,CIEN,CINF,CL,CLX,CMCSA,CME,CMG,CMI,CMS,CNC,CNP,COF,COHR,COIN,COO,COP,COR,COST,CPAY,CPRT,CPT,CRH,CRL,CRM,CRWD,CSCO,CSGP,CSX,CTAS,CTSH,CTVA,CVNA,CVS,CVX,D,DAL,DASH,DD,DDOG,DE,DECK,DELL,DG,DGX,DHI,DHR,DIS,DLR,DLTR,DOC,DOV,DOW,DPZ,DRI,DTE,DUK,DVA,DVN,DXCM,EBAY,ECHO,ECL,ED,EFX,EG,EIX,EL,ELV,EME,EMR,EOG,EQIX,EQT,ERIE,ES,ESS,ETN,ETR,EVRG,EW,EXC,EXE,EXPD,EXPE,EXR,F,FANG,FAST,FCX,FDS,FDX,FE,FERG,FFIV,FICO,FIS,FISV,FITB,FIX,FLEX,FOX,FOXA,FRT,FSLR,FTNT,FTV,GD,GDDY,GE,GEHC,GEN,GEV,GILD,GIS,GL,GLW,GM,GNRC,GOOG,GOOGL,GPC,GPN,GRMN,GS,GWW,HAL,HAS,HBAN,HCA,HD,HIG,HII,HLT,HON,HOOD,HPE,HPQ,HRL,HSIC,HST,HSY,HUBB,HUM,HWM,IBKR,IBM,ICE,IDXX,IEX,IFF,INCY,INTC,INTU,INVH,IP,IQV,IR,IRM,ISRG,IT,ITW,IVZ,J,JBHT,JBL,JCI,JKHY,JNJ,JPM,KDP,KEY,KEYS,KHC,KIM,KKR,KLAC,KMB,KMI,KO,KR,KVUE,L,LDOS,LEN,LH,LHX,LII,LIN,LITE,LLY,LMT,LNT,LOW,LRCX,LULU,LUV,LVS,LYB,LYV,MA,MAA,MAR,MAS,MCD,MCHP,MCK,MCO,MDLZ,MDT,MET,META,MGM,MKC,MLM,MMM,MNST,MO,MOS,MPC,MPWR,MRK,MRNA,MRSH,MRVL,MS,MSCI,MSFT,MSI,MTB,MTD,MU,NCLH,NDAQ,NDSN,NEE,NEM,NFLX,NI,NKE,NOC,NOW,NRG,NSC,NTAP,NTRS,NUE,NVDA,NVR,NWS,NWSA,NXPI,O,ODFL,OKE,OMC,ON,ORCL,ORLY,OTIS,OXY,PANW,PAYX,PCAR,PCG,PEG,PEP,PFE,PFG,PG,PGR,PH,PHM,PKG,PLD,PLTR,PM,PNC,PNR,PNW,PODD,PPG,PPL,PRU,PSA,PSKY,PSX,PTC,PWR,PYPL,QCOM,RCL,RDDT,REG,REGN,RF,RJF,RL,RMD,ROK,ROL,ROP,ROST,RSG,RTX,RVTY,SBAC,SBUX,SCHW,SHW,SJM,SLB,SMCI,SNA,SNPS,SO,SOLV,SPG,SPGI,SRE,STE,STLD,STT,STX,STZ,SW,SWK,SWKS,SYF,SYK,SYY,T,TAP,TDG,TDY,TECH,TEL,TER,TFC,TGT,TJX,TKO,TMO,TMUS,TPL,TPR,TRGP,TRMB,TROW,TRV,TSCO,TSLA,TSN,TT,TTD,TTWO,TXN,TXT,TYL,UAL,UBER,UDR,UHS,ULTA,UNH,UNP,UPS,URI,USB,V,VEEV,VICI,VLO,VLTO,VMC,VMRK,VRSK,VRSN,VRT,VRTX,VST,VTR,VTRS,VZ,WAB,WAT,WBD,WDAY,WDC,WEC,WELL,WFC,WM,WMB,WMT,WRB,WSM,WST,WTW,WY,WYNN,XEL,XOM,XYL,XYZ,YUM,ZBH,ZBRA,ZTS
2016-02-29,0.0,0.0,0.0,0.0,0.0,0.0,0.0,0.0,0.0,0.0,0.0,0.0,0.0,0.0,0.0,0.0,0.0,0.0,0.0,0.0,0.0,0.0,0.0,0.0,0.0,0.0,0.0,0.0,0.0,0.0,0.0,0.11342222222222222,0.0,0.0,0.0,0.0,0.0,0.0,-0.010217254591095256,0.0,0.0,0.0,-0.09153674197384067,0.0,0.031898110714757566,0.0,0.0,-0.022848143744219843,0.0,0.0,0.0,0.0,0.0,0.0,0.0,0.0,0.0,0.0,0.0,0.0,0.0,0.0,0.12,0.0,0.0,0.0,0.0,0.0,0.0,0.0,0.0,0.0,0.0,0.0,0.0,0.0,0.0,0.0,0.0,0.0,0.0,0.0,0.0,0.0,0.0,-0.07266481701677897,0.0,0.0,0.0,0.0,0.0015951380631523317,0.0,0.0,0.0,0.0,0.0,0.0,-0.03720438631259083,-0.0061898797727573,0.0,0.0,0.0,0.0,0.0,0.0,0.0,0.0,0.0,0.0,0.0,0.0,0.0,0.0,0.0,0.003390249702734839,0.0,0.0,0.0,0.0,0.0,0.0,0.0,0.0,0.0,0.0,0.0,0.0,0.0,0.0,0.0,0.0,-0.10208883604174923,0.0,0.0,0.0,0.0,0.0,0.0,0.0,0.0,0.0,0.0,0.0,0.0,0.0,0.0,0.0,0.0,-0.0023810807240058135,0.0,0.0,0.0,0.0,0.0,0.0,0.0,0.0,0.0,0.0,0.0,0.0,0.0,0.022848143744219843,-0.08173803672876205,0.0,0.0,0.0,0.0,0.0,0.0,0.0,0.0,0.0,0.0,0.019048645792046508,0.0,0.0,0.0,0.0,-0.0005813185361342317,0.0,0.0,0.0,0.0,0.0,0.0,0.0,0.0,0.0,0.08173803672876205,0.0,0.0,0.0,0.0,0.07266481701677897,0.0,0.0,0.0,0.056583221033161574,0.0,0.0,0.0,0.0,0.0,0.0,0.0,0.0,0.0,-0.027121997621878714,0.010217254591095256,0.015695600475624256,0.0,0.027121997621878714,0.0,0.0,0.0,0.0,0.0,0.0,0.0,0.0,0.0,0.0,0.0,0.0,0.0,0.0,0.0,0.03720438631259083,0.0,-0.04306872770511296,0.0,0.0,0.0,0.0,0.008036147443519619,0.0,0.0,0.0,0.0,0.0,0.0,0.0,0.0,0.0,0.0,0.0,0.0,-0.12,0.0,0.0,0.0,0.0,0.0,0.0,0.0,0.0,0.0,0.0,0.0,0.0,0.0,0.0,0.0,0.0,-0.056583221033161574,0.0,0.0,-3.7204386312590835e-05,0.0,0.0,0.0,0.0,0.0061898797727573,0.0,0.0,0.0,0.0,0.0,0.0,0.0,0.0,0.0,0.0,0.0,0.0,0.0,0.0,0.0,0.0,0.0,0.0,0.0,0.0,0.0,0.0,0.0,0.0,0.0,0.0,0.0,4.650548289073854e-06,0.0,0.0,0.0,0.0,0.0,0.0,-0.004650548289073853,0.0,0.0002976350905007267,0.0,0.0,0.0,-0.0015951380631523317,0.0,0.0,0.012761104505218654,0.0,0.0,0.0,-0.0002976350905007267,0.0,0.0,0.0,0.0,0.0,0.10208883604174923,0.0,0.0,0.0,0.0,-0.00012556480380499405,0.0,-0.11342222222222222,0.0,0.0,0.09153674197384067,0.0,0.0,0.0,0.0,0.0,0.0,-0.003390249702734839,0.0,0.0,0.0,0.0,0.0,0.0,0.004650548289073853,0.0,0.0,0.0,0.0,0.0,0.0,0.0,0.0,0.0,0.0,0.0,0.0,0.0,0.0,0.0,0.0,0.0,0.0,0.0,0.0,0.0,0.0,0.0,0.0,0.0,0.0,0.0,0.0,0.0,0.0005813185361342317,0.0,0.0,0.0,0.0,0.0,-0.031898110714757566,0.0,0.0,0.0,0.0,0.0,0.0,0.0,0.0,0.0,0.00012556480380499405,0.0,0.0,0.0,0.0,-0.0495190381820584,0.0,0.0,0.0,0.0,0.0,0.0,0.0,0.0,0.0,0.0,-0.06428917954815695,0.0,0.0,0.0,0.0,0.0,0.0,0.0,0.0,0.0,0.0,0.0,0.0,0.0,0.0,0.0,0.0,0.0,0.06428917954815695,0.0,0.0,0.0,0.0,-4.650548289073854e-06,0.0,0.0,0.0,0.0,0.0,3.7204386312590835e-05,0.0,0.0,0.0,0.0,0.0,0.0495190381820584,0.0,0.0,0.0,0.0,0.0010045184304399524,0.0,-0.019048645792046508,0.0,0.0,0.0,0.0,0.0,0.0,0.0023810807240058135,0.0,0.0,0.0,0.0,0.04306872770511296,0.0,0.0,0.0,-0.012761104505218654,0.0,0.0,0.0,0.0,0.0,0.0,-0.008036147443519619,0.0,0.0,0.0,0.0,-0.015695600475624256,0.0,0.0,0.0,0.0,0.0,0.0,-0.0010045184304399524,0.0,0.0,0.0,0.0,0.0,0.0,0.0,0.0
2016-03-31,0.0,0.0,0.0,0.0,0.0,0.0,0.0,0.0,0.0,0.0,0.0,0.0,0.0,0.0,0.0,0.0,0.0,0.0,0.0,0.0,0.0,0.0,0.0,0.0,0.0,0.0,0.0,0.0,0.0,0.0,0.0,0.09153674197384067,0.0,0.0,0.0,0.0,0.0,0.0,-0.012761104505218654,0.0,0.0,0.0,-0.0495190381820584,0.0,0.0061898797727573,0.0,0.0,-0.022848143744219843,-0.12,0.0,0.0,0.0,0.0,0.0,0.0,0.0,0.0,0.0,0.0,0.0,0.0,0.0,0.12,0.0,0.0,0.0,0.0,0.0,0.0,0.0,0.0,0.0,0.0,0.0,0.0,0.0,0.0,0.0,0.0,0.0,0.0,0.0,0.0,0.0,0.0,-0.0061898797727573,0.0,0.0,0.0,0.0,0.0,0.0,0.0,0.0,0.0,0.0,0.0,-0.056583221033161574,-0.06428917954815695,0.0,0.0,0.0,0.0,0.0,0.0,0.0,-0.11342222222222222,0.0,0.0,0.0,0.0,0.0,0.0,0.0,0.0,0.0,0.0,0.0,0.0,0.0,0.0,0.0,0.0,0.0,0.0,0.0,0.0,0.0,0.0,0.0,0.0,0.0,0.0,0.0,0.0,0.0,0.0,0.0,0.0,0.0,0.0,0.0,0.0,0.0,0.0,0.0,0.0,0.0,-0.0010045184304399524,0.0,0.0,-0.10208883604174923,0.0,0.0,0.0,0.0,0.0,0.0,0.0,0.0,0.0,0.0,0.04306872770511296,0.0,0.0,0.0,0.0,0.0,0.0,0.0,0.0,0.0,0.0,0.0,0.0,0.015695600475624256,0.0,0.0,0.0,-3.7204386312590835e-05,0.0,0.0,0.0,0.0,0.0,4.650548289073854e-06,0.0,0.0,0.0,0.10208883604174923,0.0,0.0,0.0,0.0,0.11342222222222222,0.0,0.0,0.0,0.0495190381820584,0.0,0.0,0.0,0.0,0.0,0.0,0.0,0.0,0.0,-0.07266481701677897,0.012761104505218654,0.022848143744219843,0.0,0.0005813185361342317,0.0,0.0,0.0,0.0,0.010217254591095256,0.0,0.0,0.0,0.0,0.0,0.0,0.0,0.0,0.0,-0.019048645792046508,0.056583221033161574,0.0,-0.04306872770511296,0.0,0.0,0.0,0.0,0.0,0.0,0.0,0.0,0.0,0.0,0.0,0.0,0.0,0.0,0.0,0.0,0.0,0.0,0.0,0.0,0.0,0.0,0.0,0.0,0.0,0.0,0.0,0.0,0.0,0.0,0.0,0.0,0.0,0.0,-0.027121997621878714,0.0,0.0,-0.0005813185361342317,0.0,0.0,0.0,0.0,0.0,0.0,0.0,0.0,0.0,0.0,0.0,0.0,0.0,0.0,0.0,0.0,0.0,0.0,0.0,0.0,0.0,0.0,0.0,0.0,0.0,0.0023810807240058135,0.0,0.0,0.0,0.0,0.0,0.0,0.031898110714757566,0.0,0.0,0.0,0.0,0.0,0.0,-0.0023810807240058135,0.0,0.00012556480380499405,0.0,0.0,0.0,-0.010217254591095256,0.0,0.0,0.027121997621878714,0.0,0.0,0.0,-0.00012556480380499405,0.0,0.0015951380631523317,0.0,0.0,0.0,0.07266481701677897,0.0,3.7204386312590835e-05,0.0,0.0,-0.0002976350905007267,0.0,-0.015695600475624256,0.0,0.0,0.06428917954815695,0.0,0.0,0.0,0.0,0.0,0.0,-0.031898110714757566,0.0,0.0,0.0,0.004650548289073853,0.0,0.0,0.0,0.0,0.0,0.0,0.0,0.0,0.0,0.0,0.0,0.0,0.0,0.0,0.0,0.0,0.0,0.0,0.0,0.0,0.0,0.0,0.0,0.0,0.0,0.0,0.0,0.0,0.0,0.0,0.0,0.0,0.0,0.0,0.0,0.0,0.0,0.0,0.0,0.0,0.0,0.0,0.0,0.0,0.0,0.0,0.0,0.0,0.008036147443519619,0.0,0.0,0.0,0.0,0.0,0.0,0.0,0.0,0.0,0.0,0.0,0.0,0.0,0.0,0.0,-0.008036147443519619,0.0010045184304399524,0.0,0.0,0.0,0.0,0.0,0.0,0.0,0.0,0.0,0.0,0.0,0.0,0.0,0.0,0.0,0.0,0.08173803672876205,0.0,0.0,0.0,0.0,-4.650548289073854e-06,0.0,0.0,0.0,0.0,0.0,0.003390249702734839,0.0,0.0,0.0,0.0,0.0,0.03720438631259083,0.0,0.0,0.0,0.0,0.0002976350905007267,0.0,-0.03720438631259083,0.0,-0.09153674197384067,0.0,0.0,0.0,0.0,0.0,0.0,0.0,0.0,0.0,0.019048645792046508,0.0,0.0,0.0,-0.08173803672876205,0.0,0.0,0.0,0.0,0.0,0.0,-0.003390249702734839,0.0,0.0,0.0,0.0,-0.0015951380631523317,0.0,0.0,0.0,0.0,0.0,0.0,-0.004650548289073853,0.0,0.0,0.0,0.0,0.0,0.0,0.0,0.0
2016-04-30,0.0,0.0,0.0,0.0,0.0,0.0,0.0,0.0,0.0,0.0,0.0,0.0,0.0,0.0,0.0,0.0,0.0,0.0,0.0,0.0,0.0,0.0,0.0,0.0,0.0,0.0,0.0,0.0,0.0,-0.03720438631259083,0.0,0.07266481701677897,0.0,0.0,0.0,-0.022848143744219843,0.0,0.0,0.0,0.0,0.0,0.0,-0.015695600475624256,0.019048645792046508,0.0,0.0,0.0,0.0,0.0,0.0,0.0,0.0,0.0,0.0,0.0,0.0,-0.09153674197384067,0.0,-0.031898110714757566,-0.04306872770511296,0.0,0.0,0.12,0.0,0.0,0.0,0.0,0.0,0.0,0.0,0.0,0.0,0.0,0.0,0.0,0.0,0.0,0.0,0.0,0.0,0.0,0.0,0.0,0.0,0.0,-0.08173803672876205,0.0,0.0,0.0,0.0,0.0,0.0,0.0,0.0,0.0,0.0,0.0,0.0,0.0,0.0,0.0,0.0,0.0,4.650548289073854e-06,0.0,0.0,-0.004650548289073853,0.0,0.0,0.0,0.0,0.0,0.0,0.0,0.0,0.0,0.0,0.0,0.0,0.0,0.0,0.0,0.0,0.0,0.0,0.0,0.0,0.0,0.0,0.0,0.0,0.0,0.0,0.0,0.0,0.0,0.0,0.0,0.0,0.0,0.0,0.0,0.0,0.015695600475624256,0.0,0.0,0.0,0.0,-3.7204386312590835e-05,0.0,0.0,0.0,0.0,0.0,0.0,0.0,0.0,0.0,0.0,0.0,0.0,0.0,0.0495190381820584,0.0,0.0,0.0,0.0,0.0,0.0,0.0,0.012761104505218654,0.0,0.0,0.0,0.0,0.004650548289073853,0.0,0.0,0.0,-0.003390249702734839,0.0,0.0,0.0,0.0,0.0,0.0,0.0,0.0,0.0,0.09153674197384067,0.0,0.0,0.0,0.0,0.003390249702734839,0.0,0.0,0.0,0.11342222222222222,0.0,0.0,0.0,0.0,0.0,0.0,0.0,0.0,0.0,0.0,0.0005813185361342317,0.0061898797727573,0.0,0.027121997621878714,0.0,0.0,0.0,0.0,0.0,0.0,0.0,0.0,0.0,0.0,0.0,0.0,0.0,0.0,0.0,0.056583221033161574,0.0,0.0,0.0,0.0,0.0,0.0,0.0,0.0,0.0,0.0,0.0,0.0,0.0,0.0,0.0,0.0,-0.056583221033161574,0.0,0.0,0.0,0.0,0.0,0.0,0.0,0.0,0.0,0.0,0.0,3.7204386312590835e-05,0.0,0.0,0.0,0.0,0.0,0.0,0.0,-0.010217254591095256,0.0,0.0,-0.0015951380631523317,0.0,0.0,0.0,0.0,0.0,0.0,0.0,0.0,0.00012556480380499405,0.0,0.022848143744219843,0.0,0.0,0.0,0.0,0.0,0.0,0.0,0.0,0.0,0.0,0.0,0.0023810807240058135,0.0,0.0,0.0,0.0,0.0,0.0,0.0,0.0,0.0,0.03720438631259083,0.0,0.0,0.0,0.0,0.0,0.0,-0.0023810807240058135,0.0,0.0,0.0,0.0,0.0,-0.012761104505218654,0.0,0.0015951380631523317,0.0,0.0,0.0,0.0,-0.00012556480380499405,0.0,0.0010045184304399524,0.0,0.0,0.0,0.08173803672876205,0.010217254591095256,0.0002976350905007267,0.0,0.0,-0.0010045184304399524,0.0,-0.11342222222222222,0.0,0.0,0.06428917954815695,0.0,0.0,-0.0495190381820584,0.0,0.0,0.0,-0.008036147443519619,0.0,-0.10208883604174923,0.0,0.0,0.0,0.0,0.0,0.0,0.0,0.0,0.0,0.0,0.0,0.0,0.0,0.0,0.0,0.0,-0.019048645792046508,0.0,0.0,0.0,0.0,0.0,0.0,0.0,0.0,0.0,0.0,0.008036147443519619,0.0,0.0,0.0,0.0,0.0,0.0,0.0,0.0,0.0,0.0,0.0,0.0,-0.12,0.0,0.0,0.0,0.0,0.0,0.0,0.0,0.0,0.0,0.0,0.0,0.0,0.0,0.0,0.0,0.0,0.0,0.0,0.0,0.0,0.0,0.0,0.0,0.0,0.0,-0.0061898797727573,0.0,0.0,0.0,0.0,0.0,0.0,0.0,0.0,0.0,0.0,0.0,0.0,0.0,0.0,0.0,0.0,0.0,0.0,0.0,0.0,0.0,0.0,-4.650548289073854e-06,0.0,0.0,0.0,0.0,0.0,0.10208883604174923,0.0,0.0,0.04306872770511296,0.0,0.0,0.0,0.0,0.0,0.0,0.0,0.0,0.0,-0.07266481701677897,0.0,-0.027121997621878714,0.0,0.0,0.0,0.0,0.0,0.0,0.0,0.0,0.0,0.031898110714757566,0.0,0.0,0.0,0.0,0.0,0.0,0.0,0.0,0.0,0.0,-0.0005813185361342317,0.0,0.0,0.0,0.0,-0.0002976350905007267,0.0,0.0,-0.06428917954815695,0.0,0.0,0.0,0.0,0.0,0.0,0.0,0.0,0.0,0.0,0.0,0.0
2016-05-31,0.0,0.0,0.0,0.0,0.0,0.0,0.0,0.0,0.0,0.0,0.0,0.0,0.0,0.0,0.0,0.0,0.0,0.0,0.0,0.0,0.0,0.00012556480380499405,0.0,0.0,0.0,0.0,0.0,0.0,0.0,-0.0495190381820584,0.0,0.08173803672876205,0.0,0.0,0.0,0.0,0.0,0.0,0.0,0.0,0.0,0.0,0.0,0.0005813185361342317,0.0,0.010217254591095256,0.0,0.0,0.0,0.0,0.0,0.0,0.0,0.0,0.0,0.0,-0.11342222222222222,0.0,-0.027121997621878714,-0.0023810807240058135,0.0,-0.0061898797727573,0.12,0.0,0.0,0.0,0.0,0.0,0.0,0.0,0.0,0.0,0.0,0.0,0.0,0.0,0.0,0.0,0.0,-0.10208883604174923,0.0,0.0,0.0,0.0,0.0,-0.004650548289073853,0.0,0.0,0.0,0.0,0.0,0.0,0.0,0.0,0.0,0.0,0.0,-0.06428917954815695,0.0,0.0,0.0,0.0,0.0,0.0,0.0,0.0,-0.019048645792046508,-0.09153674197384067,0.0,0.0,0.0,0.0,0.0,0.0,0.0,0.0,0.0,0.0,0.0,0.0,0.0,0.0,0.0,0.0,0.0,0.0,0.0,0.0,0.0,0.0,0.0,0.0,0.0,0.0,0.0,0.0,0.0,0.0,0.012761104505218654,0.0,0.0,0.0,0.0,0.0,0.0,0.0,0.0,0.0,-0.0015951380631523317,0.0,0.0,0.0,0.0,0.0,0.0,0.0,0.0,0.0,0.0,0.0,0.0,0.0,0.0495190381820584,0.0,0.0,0.0,0.0,0.0,0.0,0.0,0.0,0.0,0.0,0.0,0.0,0.019048645792046508,0.0,0.0,0.0,0.0,0.0,0.0,0.0,0.0,0.0,0.0,0.0,0.0,0.0,0.06428917954815695,0.0,0.0,0.0,0.0,0.0,0.0,0.0,0.0,0.07266481701677897,0.0,0.0,0.0,0.0,0.0,0.0,0.0,0.0,0.0,0.0,0.0023810807240058135,0.008036147443519619,0.0,0.027121997621878714,0.0,0.0,0.0,0.0,0.0,0.0,0.0,0.0,0.0,0.0,0.0,0.0,0.0,0.0,0.0,0.056583221033161574,0.0,0.0,0.0,0.0,0.0,0.0,0.0,0.0,0.0,0.0,0.0,0.0,0.0,0.0,0.0,0.0,0.0,0.0,0.0,0.0,0.0,0.0,0.0,0.0,0.0,0.0,0.0,0.0,0.0,0.0,0.0,0.0,0.0,-0.07266481701677897,0.0,0.0,-0.015695600475624256,0.0,0.0,-0.0002976350905007267,0.0,0.0,0.0,0.0,0.0,0.0,0.0,0.0,0.0,0.0,0.04306872770511296,0.0,0.0,0.0,0.0,0.0,0.0,0.0,0.0,0.0,0.0,0.0,0.0010045184304399524,0.0,0.0015951380631523317,0.0,0.0,-0.010217254591095256,0.0,0.0,0.0,0.0,0.004650548289073853,0.0,0.0,0.0,0.0,0.0,0.0,-0.003390249702734839,0.0,0.0,0.0,0.0,0.0,-0.03720438631259083,-0.022848143744219843,0.0,0.015695600475624256,0.0,0.0,0.0,-0.00012556480380499405,0.0,0.0,0.0,0.0,0.003390249702734839,0.11342222222222222,0.0061898797727573,0.0,0.0,0.0,-0.0010045184304399524,0.0,0.0,0.0,0.0,0.10208883604174923,0.0,0.0,0.0,0.0,0.0,0.0,-0.008036147443519619,0.0,0.0,0.0,0.0,0.0,0.0,0.0,0.0,0.0,0.0,0.0,0.0,0.0,0.0,0.0,0.0,0.0,0.0,0.0,0.0,0.0,0.0002976350905007267,0.0,0.0,0.0,0.0,0.0,0.0,0.0,0.022848143744219843,0.0,0.0,0.0,0.0,0.0,-0.12,0.0,0.0,0.0,0.0,0.0,0.0,-0.08173803672876205,0.0,0.0,0.0,0.0,0.0,0.0,0.0,0.0,0.0,0.0,0.0,0.0,0.0,0.0,0.0,0.0,0.0,0.0,0.0,0.0,0.0,0.0,0.0,0.0,0.0,-0.04306872770511296,0.0,0.0,0.0,0.0,0.0,0.0,0.0,0.0,4.650548289073854e-06,0.0,0.0,0.0,0.0,0.0,0.0,0.0,0.0,0.0,0.0,0.0,0.0,0.0,-3.7204386312590835e-05,0.0,0.0,0.0,0.0,0.0,0.09153674197384067,0.0,0.0,0.03720438631259083,0.0,0.0,0.0,0.0,0.0,0.0,0.0,0.0,0.0,-0.056583221033161574,0.0,0.0,0.0,0.0,0.0,0.0,0.0,0.0,0.0,0.0,0.0,3.7204386312590835e-05,0.0,-0.031898110714757566,0.0,0.0,0.0,0.0,0.0,0.0,0.0,0.0,-0.0005813185361342317,0.0,0.0,0.0,0.0,-4.650548289073854e-06,0.0,0.0,-0.012761104505218654,0.0,0.0,0.0,0.0,0.0,0.0,0.0,0.031898110714757566,0.0,0.0,0.0,0.0
2016-06-30,0.0,-0.12,0.0,0.0,0.0,0.0,0.0,0.0,0.0,0.0,0.0,0.0,0.0,0.0,0.0,0.0,0.0,0.015695600475624256,0.0,-0.019048645792046508,0.0,0.0,0.0,0.0,0.0,0.0,0.12,0.0,0.0,0.0,0.0,0.08173803672876205,0.0,0.0,0.0,0.0,0.0,0.0,0.0,0.0,0.0,0.0,0.0,0.004650548289073853,0.0,0.0,0.0023810807240058135,-0.0023810807240058135,0.0,0.0,0.0,0.0,0.0,0.0,0.0,0.0,-0.0495190381820584,0.0,-0.10208883604174923,-0.07266481701677897,0.0,-0.022848143744219843,0.0,0.0,0.0,0.0,0.0,0.0,0.0,0.0,-0.03720438631259083,0.0,0.0,0.0,0.0,0.008036147443519619,0.0,0.0,0.0,0.0,0.0,0.0,0.0,0.0,0.0,-0.004650548289073853,0.0,0.0,0.0,0.0,0.0,0.0,0.0010045184304399524,0.0,0.0,0.0,0.0,-0.015695600475624256,0.0,0.0,0.0,0.0,0.0,0.0,0.0,0.0,0.0,-0.06428917954815695,0.0,0.0,0.0,0.0,0.0,0.0,0.0,0.0,0.0,0.0,0.0,0.0,0.0,0.0,0.0,0.0,0.0,0.0,0.0,0.0,0.0,0.0,0.0,0.0,0.0,0.0,0.0,0.0,0.0,0.0,0.03720438631259083,0.0,0.0,0.0,0.0,0.0,0.0,0.0,0.0,0.0,-0.008036147443519619,0.0,0.0,0.0,0.0,0.0,0.0,0.0,0.0,0.0,0.0,0.0,0.0,0.0,0.0061898797727573,0.0,0.0,0.0,0.0,0.0,0.0,0.022848143744219843,0.11342222222222222,0.0,0.0,0.0,0.0,0.0,0.0,0.0,0.0,0.0,0.0,0.0,0.0,0.0,0.0,0.0,0.0,0.0,0.0,0.056583221033161574,0.0,0.0,0.0,0.0,0.0,0.0,0.0,0.0,0.0,0.0,0.0,0.0,0.0,0.0,0.0,0.0,0.0,0.0,0.0,0.0,0.0,0.0,0.04306872770511296,0.0,0.0,0.0,0.0,0.0,0.0,0.0,0.0,0.0,0.0,0.0,0.0,0.0,0.0,0.0,0.031898110714757566,0.0,0.0,0.0,0.0,0.0,0.0,0.0,0.0,0.0,4.650548289073854e-06,0.0,0.0,0.0,0.0,0.0,0.0,0.0,0.0,0.0,0.0,0.0,0.0,0.0,0.0,0.0,0.0,0.0,0.0,0.0,0.0,0.0,0.0,0.0,0.0,0.0,0.0,-0.003390249702734839,0.0,0.0,-0.0005813185361342317,0.0,0.0,0.0,0.0,0.0,0.0,0.0,0.0,0.0,0.0,0.019048645792046508,0.0,0.0,0.0,0.0,0.0,0.0,0.0,0.0,0.0,0.0,0.0,0.0,0.0,0.0005813185361342317,0.0,0.0,-0.11342222222222222,0.0,0.0,0.0,0.0,0.06428917954815695,0.0,0.0,0.0,0.0,0.0,0.0,-0.010217254591095256,0.0,0.0,0.0,0.0,0.0,-0.056583221033161574,-0.08173803672876205,0.0,0.0,0.0,0.0,0.0,-4.650548289073854e-06,0.0,0.0,0.0,0.0,0.07266481701677897,0.0,0.003390249702734839,0.0,0.0015951380631523317,0.0,-0.0061898797727573,0.0,-0.012761104505218654,0.0,0.0,0.09153674197384067,0.0,0.0,0.0,0.0,0.0,0.0,0.0,0.0,0.0,0.0,0.0,0.0,0.0,0.0,0.0,0.0,0.0,0.0,0.0,0.0,0.0,0.0,0.0,0.0,0.0,0.0,0.0,0.0,0.0,0.0,0.0,0.0,0.0,0.0,0.0,0.0,0.0002976350905007267,0.0,0.0,0.0,0.0,0.0,0.0,0.0,0.0,0.0,0.0,0.0,0.0,-0.031898110714757566,0.0,0.0,0.0,0.0,0.0,0.0,0.0,0.0,0.0,0.0,0.0,0.0,0.0,0.0,0.0,0.0,0.0,0.0,0.0,0.0,0.0,0.0,0.0,0.0,0.0,-3.7204386312590835e-05,3.7204386312590835e-05,0.0,0.0,-0.09153674197384067,0.0,0.0,0.0,0.0,0.0,0.0,0.0,0.0,0.0,0.0,0.0,0.0,0.0,0.0,0.0,0.0,0.0,0.0,-0.0010045184304399524,0.0,0.0,0.0,0.0,0.0,0.10208883604174923,0.0,0.0,0.0495190381820584,0.0,0.0,0.0,0.0,0.0,0.0,0.0,0.012761104505218654,0.0,0.0,0.0,0.0,0.0,0.0,0.0,0.0,0.0,0.0,0.0,0.0,0.0,0.010217254591095256,0.0,-0.04306872770511296,0.0,0.0,-0.0015951380631523317,0.0,0.0,0.0,0.0,0.0,-0.00012556480380499405,0.0,0.0,0.0,0.0,-0.0002976350905007267,0.0,0.0,0.0,0.00012556480380499405,0.0,0.0,0.0,0.0,0.0,0.0,0.027121997621878714,0.0,0.0,-0.027121997621878714,0.0
2016-07-31,0.0,0.0,0.0,0.0,0.0,0.0,0.0,0.0,0.0,0.0,0.0,0.0,0.0,0.0,0.0,0.0,0.0,0.0,0.0,-0.03720438631259083,0.003390249702734839,0.0,0.0,0.0,0.0,0.0,0.12,0.0,0.0,0.0,0.0,0.10208883604174923,0.0,0.0,0.0,0.0,0.0,0.0,0.0,0.0,0.0,0.0,0.0,3.7204386312590835e-05,0.0,0.0,0.015695600475624256,0.0,0.0,0.0,0.0,0.0,0.0,0.0,0.0,0.0,-0.06428917954815695,0.0,-0.12,-0.0495190381820584,0.0,-0.027121997621878714,0.0,0.0,0.0,0.0,0.0,0.0,0.0,0.0,-0.008036147443519619,0.0,0.0,0.0,0.0,0.0015951380631523317,0.0,0.0,0.0,0.0,0.0,0.0,0.0,0.0,0.0,-3.7204386312590835e-05,0.0,0.0,0.0,0.0,0.0,-0.10208883604174923,0.012761104505218654,0.0,0.0,0.0,0.0,-0.07266481701677897,0.0,0.0,0.0,0.0,0.0,0.0,0.0,0.0,0.0,-0.012761104505218654,0.0,0.0,0.031898110714757566,0.0,0.0,0.0,0.0,0.0,0.0,0.0,0.0,0.0,0.0,0.0,0.0,0.0,0.0,0.0,0.0,0.0,0.0,0.0,0.0,0.0,0.0,0.0,0.0,0.0,0.0,0.0,0.056583221033161574,0.0,0.0,0.0,0.0,0.0,0.0,0.0,0.0,0.0,-0.022848143744219843,0.0,0.0,0.0,0.0,0.0,0.0,0.0,0.0,0.0,0.0,0.0,0.0,0.0,0.022848143744219843,0.0,0.0,0.0,0.0,0.0,0.0,0.09153674197384067,0.07266481701677897,0.0,0.0,0.0,0.0,0.0005813185361342317,0.0,0.0,0.0,0.0,0.0,0.0,0.0,0.0,0.0,0.0,0.0,0.0,0.0,0.03720438631259083,0.0,0.0,0.0,0.0,0.0,0.0,0.0,0.0,0.0,0.0,0.0,0.0,0.0,0.0,0.0,0.0,0.0,0.0,0.0,0.010217254591095256,0.0023810807240058135,0.0,0.0495190381820584,0.0,0.0,0.0,0.0,0.0,0.0,0.0,0.0,0.0,0.0,-0.056583221033161574,0.0,0.0,0.0,0.0,0.0,0.0,0.0,0.0,0.0,0.0,0.0,0.0,0.0,0.0,0.0,0.0,0.0,0.0,0.0,0.0,0.0,0.0,0.0,0.0,0.0,0.0,0.0,0.0,0.0,0.0,0.0,0.0,0.0,0.0,0.0,0.0,0.0,0.0,0.0,0.0,0.0,-0.0061898797727573,0.0,0.0,-0.00012556480380499405,0.0,0.0,0.0,0.0,0.0,0.0,0.0,0.0,0.0,0.0,0.019048645792046508,0.0,0.0,0.0,0.0,0.0,0.0,0.0,0.0,0.0,0.0,0.0,0.004650548289073853,0.0,0.008036147443519619,0.0,0.0,0.0,0.0,0.0,0.0,0.0,0.04306872770511296,0.0,0.0,0.0,0.0,0.0,0.0,-0.0023810807240058135,-0.031898110714757566,0.0,0.0,0.0,0.0,-0.11342222222222222,-0.04306872770511296,0.0,0.0,0.0,0.0,0.0,-0.0002976350905007267,0.0,0.0,0.0,0.0,0.00012556480380499405,0.0,0.0,0.0,0.0,0.0,-0.019048645792046508,0.0,0.0,0.0,0.0,0.11342222222222222,0.0,0.0,0.0,0.0,4.650548289073854e-06,0.0,0.0,0.0,-0.09153674197384067,0.0,0.0,0.0,0.0,0.0,0.0,0.0,0.0,0.0,0.0,0.0,0.0,0.0,0.0,0.0,0.0,0.0,0.0,0.0,0.0,0.0,0.0,0.0,0.0,0.0,0.0,0.0,0.0,0.0,0.0,0.0,0.0,0.0,0.0,0.0,0.0,0.0,0.0,0.0,0.0,-0.08173803672876205,0.0,0.0,0.0,0.0,0.0,0.0,0.0,0.0,0.0,0.0,0.0,0.0,0.0,0.0,0.0,0.0,0.0,0.0,0.0,0.0,0.0,0.0,0.0,0.0,0.0,-4.650548289073854e-06,0.0,0.0,0.0,-0.004650548289073853,0.0,0.0,0.0,0.0,0.0010045184304399524,0.0,0.0,0.0,0.0,0.0,0.0,0.0,0.0,0.0,0.0,0.0,0.0,0.0,-0.010217254591095256,0.0,0.0,0.0,0.0,0.0,0.06428917954815695,0.0,0.0,0.027121997621878714,0.0,0.0,0.0,0.0,0.0,0.0,0.0,0.08173803672876205,0.0,0.0,0.0,0.0,0.0,0.0,0.0,0.0,0.0,0.0,0.0,0.0,0.0,0.0002976350905007267,0.0,0.0,0.0,0.0,-0.003390249702734839,0.0,0.0,0.0,0.0,0.0,-0.0010045184304399524,0.0,0.0,0.0,0.0,-0.0015951380631523317,0.0,0.0,-0.015695600475624256,0.0061898797727573,0.0,0.0,0.0,0.0,0.0,0.0,0.0,0.0,0.0,-0.0005813185361342317,0.0
2016-08-31,0.0,0.0,0.0,0.0,0.0,0.0,0.0,0.0,0.0,0.0,0.0,0.0,0.0015951380631523317,0.0,0.0,0.0,0.0,0.0,0.0,0.0,0.022848143744219843,0.0,0.0,0.0,0.0,0.0,0.12,0.0,0.0,0.0,0.0,0.08173803672876205,0.0,0.0,0.0,0.0,0.0,0.0,0.0,0.0,0.0,0.0,0.0,0.04306872770511296,0.0,0.0,0.09153674197384067,0.0,0.0,0.0,0.0,0.0,0.0,0.0,0.0,0.0,-0.022848143744219843,0.0,-0.031898110714757566,-0.0015951380631523317,0.0,-0.09153674197384067,0.0,0.0,0.0,0.0,0.0,0.0,0.0,0.0,-0.0061898797727573,0.0,0.0,0.0,0.0,0.0,0.0,0.0,0.0,-0.12,0.0,0.0,0.0,0.0,0.0,-4.650548289073854e-06,0.0,0.0,0.0,0.0,0.0,0.0,0.027121997621878714,0.0,0.0,0.0,0.0,-0.019048645792046508,0.0,0.004650548289073853,0.0,0.0,-0.11342222222222222,0.0,0.0,0.0,0.0,0.0,0.0,0.0,0.0,0.0,0.0,0.0,0.0,0.0,0.0,0.0,0.0,0.0,0.0,0.0,0.0,0.0,0.0,0.0,0.0,0.0,0.0,0.0,0.0,0.0,0.0,0.0,0.0,0.0,0.0,0.0,0.07266481701677897,0.0,0.0,0.0,0.0,0.0,0.0,0.0,0.0,0.0,0.0,0.0,0.0,0.0,0.0,0.0,0.0,0.0,0.0,0.0,0.0,0.0,0.0,0.0,0.0495190381820584,0.0,0.0,0.0,0.0,0.0,0.0,0.06428917954815695,0.0,0.0,0.0,0.0,0.0,0.0061898797727573,0.0,0.0,0.0,0.0,0.0,0.0,0.0,0.0,0.0,0.0,0.0,0.0,0.0,0.003390249702734839,0.0,0.0,0.0,0.0,0.0,0.0,0.0,0.0,0.0,0.0,0.0,0.0,0.0,-0.08173803672876205,0.0,0.0,0.0,0.0,0.0,0.0,0.0,0.0,0.0,0.0,-0.04306872770511296,0.0,0.0,0.0,0.0,0.0,0.0,0.0,0.012761104505218654,0.0,0.0,0.0,0.0,0.0,0.0,0.0,0.0,0.0,0.0,0.0,0.0,0.0,0.0,0.0,4.650548289073854e-06,0.0,0.0,0.0,0.0,0.0,0.0,0.0,0.0,0.0,0.0,0.0,0.0,0.0,-0.056583221033161574,0.0,0.0,0.0,0.0,0.0,0.0,0.0,0.0,0.0,0.0,0.0,3.7204386312590835e-05,-0.0005813185361342317,0.0,0.0,-0.0002976350905007267,0.0,0.0,0.0,0.0,0.0,0.0,0.0,0.0,0.0,0.0,0.0,0.0,0.0,0.0,0.0,0.0,0.0,0.0,0.0,0.0,0.0,0.0,0.015695600475624256,0.0,0.0,0.0,0.0,0.0,0.0,0.0,0.0,-0.10208883604174923,0.0,0.0,0.0,0.0,0.0,0.0,0.0005813185361342317,-0.0010045184304399524,0.0,0.0,0.0,0.0,0.0,0.0,-0.015695600475624256,0.0,0.0,0.0,0.0,0.0,0.0,0.0,0.0,0.0,0.0,0.10208883604174923,0.0,0.019048645792046508,0.0,0.0,0.0,-0.07266481701677897,0.0,0.0,0.0,0.0,0.11342222222222222,0.0,0.0,0.0,0.0,0.056583221033161574,0.0,0.0,0.0,0.0,0.0,0.0,0.0,0.0,-0.06428917954815695,0.0,0.0,0.0,0.0,0.0,0.0,0.0,0.0,0.0,0.0,0.0,0.0,0.0,0.0,0.0,0.0,0.0,0.0023810807240058135,0.0,0.0,0.0,0.0,0.0,0.0,0.0,0.0,0.0,0.0,0.0,0.0,0.0,0.0002976350905007267,-0.03720438631259083,0.0,0.0,-0.027121997621878714,0.0,0.0,0.0,0.0,0.0,0.0,0.0,0.0,0.0,0.0,0.0,0.0,0.0,0.0,0.0,0.0,0.0,0.0,0.0,0.0,0.0,0.0,0.0,0.0,-0.0495190381820584,-0.0023810807240058135,0.0,0.0,0.0,-0.003390249702734839,0.0,0.0,0.0,0.0,0.010217254591095256,0.0,0.0,0.0,0.0,0.0,0.0,0.0,0.0,0.0,0.0,0.0,0.0,0.0,-0.012761104505218654,0.0,0.0,0.0,0.0,0.0,0.031898110714757566,0.0,0.0,0.0,0.0,0.0,0.0,0.0,0.0,0.0,0.0,0.03720438631259083,0.0,0.0,0.0,0.0,0.0,0.0,0.0,0.0,0.0,0.0,0.00012556480380499405,0.0,0.0,0.0,0.0,0.0,0.0,0.0,-0.010217254591095256,0.0,0.0,0.0,0.0,0.0,-0.008036147443519619,0.008036147443519619,0.0,0.0,0.0010045184304399524,-0.00012556480380499405,0.0,0.0,-0.004650548289073853,0.0,0.0,0.0,0.0,0.0,0.0,0.0,0.0,0.0,0.0,-3.7204386312590835e-05,0.0
2016-09-30,0.0,0.0,0.0,0.0,0.0,0.0,0.0,0.0,0.0,0.0,0.0,0.0,0.0,0.0,0.0,0.0,0.0,0.0,0.0,-0.003390249702734839,0.0495190381820584,0.00012556480380499405,0.0,0.0,0.031898110714757566,0.0,0.12,0.0,0.0,-0.12,0.0,0.0005813185361342317,0.0,0.0,0.0,0.0,0.0,0.0,0.0,0.0,0.0,0.0,0.0,0.003390249702734839,0.0,0.0,0.04306872770511296,0.0,0.0,0.0,0.0,0.0,0.0,0.0,0.0,0.0,0.0,0.0,0.0,0.0,0.0,0.0,0.0,0.0,0.0,0.0,0.0,0.0,0.0,0.0,-0.027121997621878714,0.0,-0.03720438631259083,0.0,0.0,0.0,0.0,0.0,0.0,-0.07266481701677897,0.0,0.0,0.0,0.0,0.0,-4.650548289073854e-06,0.0,0.0,0.0,0.0,0.0,-0.11342222222222222,0.0,0.0,0.0,0.0,0.0,-0.00012556480380499405,0.0,0.0,0.0,0.0,0.0,0.0,0.0,0.0,0.0,0.0,0.0,0.0,0.0,0.0,0.0,0.0,0.0,0.0,0.0,0.0,0.0,0.0,0.0,0.0,0.0,0.0,0.0,0.0,0.0,0.0,0.0,0.0,0.0,0.0,0.0,0.0,0.0,0.0,0.09153674197384067,0.0,0.07266481701677897,0.0,0.0,0.0,0.0,0.0,0.0,0.0,0.0,0.0,0.0,0.0,0.0,0.0,0.0,0.0,0.0,0.0,0.0,0.0,0.0,0.0,0.0,0.0,0.0,0.0,0.0,0.0,0.0,0.0,0.0,0.015695600475624256,0.022848143744219843,0.0,0.0,0.0,0.0,0.0,0.0,0.0,0.0,0.06428917954815695,0.0,0.0,0.0,0.0,0.0,0.0,0.0,0.0,0.0,0.0,0.0,0.0,0.0,0.0,0.0,-0.031898110714757566,0.0,0.0,0.0,0.0,0.0,0.0,0.0,-0.012761104505218654,0.0,0.0,0.0,0.0,0.0,0.0,0.0,0.0,0.0,0.0,-0.08173803672876205,0.0,0.0,0.0,0.0,0.0,0.0,0.0,0.008036147443519619,0.0,0.0,0.0,0.012761104505218654,0.0,0.0,0.0,0.0,0.0,0.0,0.0,0.0,0.0,0.0,0.0,0.0,0.0,0.0,0.0,0.0,0.0,0.0,0.0,0.0,0.0,0.0061898797727573,0.0,0.0,0.0,0.0,0.0,0.0,0.0,0.0,0.0,0.0,0.0,0.0,0.0,0.0,0.0,0.0,-0.0015951380631523317,0.019048645792046508,0.0,-0.004650548289073853,0.0,0.0,0.0,0.0,0.0,0.0,0.0,0.0,0.0,0.0,0.08173803672876205,0.0,0.0,0.0,0.0,0.0,0.0,0.0,0.0,0.0,0.0,0.0,0.0,0.0,4.650548289073854e-06,0.0,0.0,0.0,0.0,0.0,0.0,0.0,0.0,0.0,0.0,0.0,0.0,0.0,0.0,-0.0061898797727573,-0.09153674197384067,0.0010045184304399524,0.0,0.0,0.0,0.0,-0.04306872770511296,0.0,0.0,0.0,0.0,0.0,-0.0495190381820584,-0.019048645792046508,0.0,0.0,0.0,0.10208883604174923,0.0,0.010217254591095256,0.0,0.0,0.0,-0.008036147443519619,0.0,0.0,0.0,0.0,0.11342222222222222,0.0,0.0,0.0,0.0,0.027121997621878714,0.0,0.0,0.0,0.0,0.0,0.0,0.0,0.0,-0.022848143744219843,0.0,0.0,0.0,0.0,0.0,0.0,0.0,0.0,0.0,0.0,0.0,0.0,0.0,0.0,0.0,0.0,0.0,0.0,0.0,0.0,0.0,0.0,0.0,0.0,0.0,0.0,0.0,0.0,0.0,0.0,0.0,0.0,0.0,0.0,0.0,0.0,0.0,0.0,0.0,0.0,0.0,0.0,0.0,0.0,0.0,0.0,0.0,0.0,0.0,0.0,0.0,0.0,0.0,0.0,0.0,0.0,0.0,0.0,0.0,0.0,0.0,0.0,0.0,-0.056583221033161574,0.0,-0.015695600475624256,0.0,0.0,0.0015951380631523317,0.0,0.004650548289073853,0.0,0.0,0.0,0.0,0.0,0.0,0.0,0.0,0.0,0.0,0.0,0.0,3.7204386312590835e-05,-0.0010045184304399524,0.0,0.0,0.0,0.0,0.0,0.056583221033161574,0.0,0.0,0.0,0.0002976350905007267,0.0,0.0,0.0,0.0,0.0,0.0,0.03720438631259083,0.0,0.0,0.0,0.0,0.0,0.0,0.0023810807240058135,0.0,0.0,0.0,0.0,0.0,0.0,0.0,0.0,-0.06428917954815695,0.0,0.0,0.0,0.0,-0.010217254591095256,0.0,-0.10208883604174923,0.0,-0.0005813185361342317,0.0,0.0,0.0,0.0,-0.0002976350905007267,0.0,0.0,-0.0023810807240058135,0.0,0.0,0.0,0.0,0.0,0.0,0.0,0.0,0.0,0.0,-3.7204386312590835e-05,0.0
2016-10-31,0.0,0.0,0.0,0.0,0.0,0.0,0.0,0.0,0.0,0.0,0.0,0.010217254591095256,0.0,0.0,0.0,0.0,0.0,0.0,0.0,-0.0061898797727573,0.06428917954815695,0.031898110714757566,0.0,0.0,0.07266481701677897,0.0,0.12,0.0,0.0,0.0,0.0,0.0015951380631523317,0.0,0.0,4.650548289073854e-06,0.0,0.0,0.0,0.0,0.0,0.0,0.0,0.0,0.0,0.0,0.0,0.0,0.0,0.0,0.0,0.0,0.0,0.0,0.0,0.0,0.0,0.0,0.0,0.0,0.0,0.0,0.0,0.0,0.0,0.0,0.0,0.0,0.0,0.0,0.0,-0.07266481701677897,0.0,0.0,0.0,0.0,0.0,0.0,0.0,0.0,0.0,0.0,0.0,0.0,0.0,0.0,-4.650548289073854e-06,0.0,0.0,0.0,0.0,0.0,0.0,0.0,0.0,0.0,0.0,0.0,-3.7204386312590835e-05,0.0,0.0,0.0,0.0,0.0,0.0,0.0,0.0,0.0,-0.12,0.0,0.0,0.0,0.0,0.0,0.0,0.0,0.0,0.0,0.0,0.0,0.0,0.0,0.0,0.0,0.0,0.0,0.0,-0.11342222222222222,0.0,0.0,0.0,0.0,0.0,0.0,0.0,0.0,0.0,0.09153674197384067,0.0,0.04306872770511296,0.0,0.0,0.0,0.0,0.0,0.0,0.0,0.0,-0.04306872770511296,0.0,0.0,0.0,0.0,0.0,0.0,0.0,0.0,0.0,0.0,0.0,0.0,0.0,0.0,0.0,0.0,0.0,0.0,0.0,0.0,0.0,0.0061898797727573,0.0495190381820584,0.0,0.0,0.0,0.0,0.0,0.0,0.0,0.0,0.0005813185361342317,0.0,0.0,0.0,0.0,0.0,0.0,0.0,0.0,0.0,0.0,0.0,0.0,0.0,0.0,-0.06428917954815695,-0.10208883604174923,0.0,0.0,0.0,0.0,0.0,0.008036147443519619,0.0,-0.003390249702734839,0.0,0.0,0.0,0.0,0.0,0.0,0.0,0.0,0.0,0.0,0.0,0.0,0.0,0.0,0.0,-0.08173803672876205,0.0,0.0,0.0,0.0,0.0,0.0,0.0023810807240058135,0.0,0.0,0.0,0.0,0.0,0.0,0.0,0.0,0.0,0.0,0.0,0.019048645792046508,0.0,0.0,-0.0023810807240058135,0.0,0.0,0.0,0.0,0.0,0.0,0.0,0.0,0.0,0.0,0.0,0.0,0.0,0.0,0.0,0.0,0.0,0.0,0.0,0.0,0.0,0.0,0.0,-0.03720438631259083,0.0,0.0,-0.004650548289073853,0.0,0.0,0.0,0.0,0.0,0.0,0.0,0.0,0.0,0.0,0.08173803672876205,0.0,0.0,0.0,0.0,0.0,0.0,0.0,0.0,0.0,0.0,0.0,0.0,0.0,0.0,0.0,0.0,0.0,0.0,0.0,0.0,0.0,0.0,0.0,0.0,0.0,0.0,0.0,0.0,-0.008036147443519619,0.0,0.03720438631259083,0.0,0.0,0.0,0.0,0.0,0.0,0.0,0.0,0.0,0.0,0.0,-0.0002976350905007267,0.0,0.004650548289073853,0.0,0.10208883604174923,0.0,0.0,0.0,0.0,0.0,-0.0005813185361342317,0.0,0.0,0.0,0.0,0.11342222222222222,0.0,0.0,0.0,0.0,0.0010045184304399524,0.0,0.00012556480380499405,0.0,0.0,0.0,0.0,0.0,0.0,-0.027121997621878714,0.0,0.0,0.0,0.0,0.0,0.0,0.0,0.0,0.0,0.0,0.0,0.0,0.0,0.0,0.0,0.0,0.0,0.0,3.7204386312590835e-05,0.0,0.0,0.0,0.0,0.0,0.0,0.0,0.0,0.0,0.0,-0.031898110714757566,0.0,0.0,-0.012761104505218654,0.0,0.0,0.0,0.0,0.0,0.0,0.0,0.0,0.0,0.0,0.0,0.0,0.0,0.0,0.0,0.0,0.0,-0.019048645792046508,0.0,0.0,0.0,0.0,0.0,0.0,0.0,0.0,0.0,0.0,-0.022848143744219843,0.0,-0.056583221033161574,0.0,0.0,-0.0495190381820584,0.0,0.0,0.0,0.003390249702734839,0.0,0.0,0.0,0.0,0.0,0.0,0.0,0.0,0.0,0.0,0.0,0.0002976350905007267,0.0,0.0,0.012761104505218654,0.0,0.0,0.0,0.0,0.056583221033161574,0.0,0.0,0.0,0.0,0.0,0.0,0.0,0.0,0.0,-0.09153674197384067,0.022848143744219843,0.0,0.0,0.0,0.0,0.0,0.0,0.027121997621878714,0.0,0.0,0.0,0.0,0.0,0.0,0.0,0.0,-0.010217254591095256,0.0,0.0,0.0,0.0,-0.015695600475624256,0.0,0.0,0.0,-0.00012556480380499405,0.0,0.0,0.0,0.0,-0.0015951380631523317,0.0,0.0,-0.0010045184304399524,0.0,0.0,0.0,0.0,0.0,0.0,0.015695600475624256,0.0,0.0,0.0,0.0,0.0
2016-11-30,0.0,0.0,0.0,0.0,0.0,0.0,0.0,0.0,0.0,0.0,0.0,0.015695600475624256,0.0,0.0,0.0,0.0,0.0,0.0,0.0,-0.0010045184304399524,0.06428917954815695,0.0023810807240058135,0.0,0.0,0.07266481701677897,0.0,0.12,-0.12,0.0,0.0,0.0,0.0061898797727573,0.0,0.0,0.0,0.027121997621878714,0.0,0.0,0.0,0.0,0.0,0.0,0.0,0.0,0.0,0.0,0.0,0.0,-0.06428917954815695,0.0,0.0,0.0,0.0,0.0,0.0,0.0,0.0,0.0,-0.012761104505218654,0.0,0.0,0.0,0.0,0.0,0.0,0.0,0.0,0.0,0.0,0.0,-0.022848143744219843,0.0,0.0,0.0,0.0,0.0,0.0,0.0,0.0,-0.10208883604174923,0.0,0.0,0.0,0.0,0.0,-3.7204386312590835e-05,0.0,0.0,0.0,0.0,0.0,0.0,0.0,0.0,0.0,0.0,0.0,-4.650548289073854e-06,0.0,0.0,0.0,0.0,0.0,0.0,0.0,0.0,0.0,-0.015695600475624256,0.0,0.0,0.003390249702734839,0.0,0.0,0.0,0.0,0.0,0.0,0.0,0.0,0.0,-0.0005813185361342317,0.0,0.0,0.0,0.0,0.0,0.0,0.0,0.0,0.0,0.0,0.0,0.0,0.0,0.0,0.0,0.08173803672876205,0.0,3.7204386312590835e-05,0.0,0.0,0.0,0.0,0.0,0.0,0.0,0.0,0.0,0.0,0.0,0.0,0.0,0.0,0.0,0.0,0.0,0.0,0.0,-0.08173803672876205,0.0,0.0,0.0,0.0,0.0,0.0,0.0,0.0,0.0,0.0,0.0,0.012761104505218654,0.0,0.0,0.0,0.0,0.0,0.0,0.0,0.0,0.022848143744219843,0.0,0.0,0.0,0.0,0.0,0.0,0.0,0.0,0.0,0.0,0.0,0.0,0.0,0.0,0.0,-0.0495190381820584,0.0,0.0,0.0,0.0,0.0,0.008036147443519619,0.0,-0.004650548289073853,0.0,0.0,0.0,0.0,0.0,0.0,0.0,0.0,0.0,0.0,0.0,0.0,0.0,0.0,0.0,0.0,0.0,0.0,0.0,0.0,0.0,0.0,0.0010045184304399524,0.0,0.0,0.0,0.0,0.0,0.0,0.0,0.0,0.0,0.0,0.0,0.0,0.0,0.0,0.0,0.0,0.0,0.0,0.0,0.0,0.0,0.0,4.650548289073854e-06,0.0,0.0,0.0,0.0,0.0,0.0,0.0,0.0,0.0,0.0,0.0,0.0,0.0,0.0,0.0,0.0,0.0,0.0,0.0,0.0,-0.0061898797727573,0.0,0.0,0.0,-0.03720438631259083,0.0,0.0,0.0,0.0,0.10208883604174923,0.0,0.0,0.0,0.0,0.0,0.0,0.0,0.010217254591095256,0.0,0.0,0.0,0.0,0.0,0.0,0.0,0.0,0.0,0.0,0.0,0.0,0.0,0.0,0.0,0.0,0.0,0.0,0.0,0.0,-0.008036147443519619,0.0,0.0005813185361342317,0.0,0.0,0.0,0.0,0.0,0.0,0.0,0.0,0.0,0.0,0.0,-0.0002976350905007267,0.0,0.0015951380631523317,0.0,0.09153674197384067,0.0,0.0,-0.010217254591095256,0.0,0.0,-0.0015951380631523317,0.0,0.0,0.0,0.0,0.11342222222222222,0.0,0.0,0.0,0.0,0.0,0.0,0.04306872770511296,0.0,0.0,0.0,0.0,0.0,0.0,0.0,0.0,0.0,0.0,0.0,0.0,0.0,0.0,0.0,0.0,0.0,0.0,0.0,0.0,0.0,0.0,0.0,0.0,0.0,0.004650548289073853,0.0,0.0,0.0,0.0,0.0,0.0,0.0,0.0,0.0,0.0,-0.031898110714757566,0.0,0.0,0.0,0.0,0.0,-0.04306872770511296,0.0,0.0,0.0,0.0,0.0,0.0,0.0,0.0,0.0,0.0,0.0,0.0,0.0,0.0,-0.09153674197384067,0.0,0.0,0.0,0.0,0.0,0.0,0.0,0.0,0.0,0.0,0.0,0.0,0.0,0.0,0.0,-0.11342222222222222,0.0,0.0,0.0,0.0,0.0,0.0,0.0,0.0,0.0,0.0,-0.07266481701677897,0.0,0.0,0.0,0.0,0.031898110714757566,0.0,0.0,0.0495190381820584,0.0,0.0,-0.0023810807240058135,-0.019048645792046508,0.019048645792046508,0.0,0.0,0.00012556480380499405,0.0,0.0,0.0,0.0,0.0,0.0,0.0,0.0,0.0,0.0,0.0,0.0,0.0,0.0,0.03720438631259083,0.0,0.0,0.0,0.0,0.0,0.0,0.0,0.0,-0.056583221033161574,0.0,0.0,0.0,0.0,0.0,0.0,0.0,0.0,-0.003390249702734839,0.0,0.0,-0.027121997621878714,0.0,0.0,0.0,0.0,-0.00012556480380499405,0.0,0.0,0.0,0.056583221033161574,0.0,0.0,0.0002976350905007267,0.0,0.0,0.0,0.0,0.0
2016-12-31,0.0,0.0,0.0,0.0,0.0,0.0,0.0,0.0,0.0,0.0,0.0,4.650548289073854e-06,0.0,0.0,0.0,0.0,0.0,0.0,0.0,0.0,0.027121997621878714,0.0,0.0,0.0,0.06428917954815695,0.0,0.12,-0.031898110714757566,0.0,-0.027121997621878714,0.0,0.0,0.00012556480380499405,0.0,0.0,3.7204386312590835e-05,0.0,0.0,0.0,0.0,-0.06428917954815695,0.0,0.0,0.0,0.0002976350905007267,0.0,0.0,0.0,0.0,0.0,0.0,0.0,0.0,0.0,0.0,0.0,0.0,0.0,0.0,0.0,0.0,0.0,0.0,0.0,-0.03720438631259083,0.0,0.0,0.0,0.0,0.0,-0.022848143744219843,0.0,0.0,0.0,0.0,0.0,0.0,0.0,0.0,-0.003390249702734839,0.0,0.0,0.0,0.0,0.0,-4.650548289073854e-06,0.0,0.0,0.0,0.0,0.0,-0.09153674197384067,0.0,0.0,0.0,0.0,0.0,-3.7204386312590835e-05,0.0,0.0,0.0,0.0,0.0,0.010217254591095256,0.0,0.0,0.0,-0.008036147443519619,0.0,0.0,0.003390249702734839,0.0,0.0,0.0,0.0,0.0,0.0,0.0,0.0,0.0,-0.019048645792046508,0.0,0.0,0.0,0.0,0.0,0.0,0.0,0.0,0.0,0.0,0.0,0.0,0.0,0.0,0.0,0.08173803672876205,-0.04306872770511296,0.0,0.0,0.0,0.0,0.0,0.031898110714757566,0.0,0.0,0.0,-0.012761104505218654,0.0,0.0,0.0,0.0,0.0,0.0,0.0,0.0,0.0,0.0,0.0,0.0,0.0,0.0,0.0,0.0,0.0,0.0,0.0,0.0,0.0,0.008036147443519619,0.0,0.0,0.0,0.0,0.0,0.0,-0.12,0.0,0.0,0.004650548289073853,0.0,0.0,0.0,0.0,0.0,0.0,0.0,0.0,0.0,0.0,0.0,0.0,0.0,0.0,-0.004650548289073853,0.0,0.0,0.0,0.0,0.0,0.0,0.022848143744219843,0.0,-0.0023810807240058135,0.0,0.0,0.0,0.0,0.0,0.0,0.0,0.0,0.0,0.0061898797727573,0.0,0.0,0.0,0.0,0.0,0.0,0.0,0.0,0.0,0.0,0.0,0.0,0.03720438631259083,0.0,0.0,0.0,0.0,0.0,0.0,0.0,0.0,0.0,0.0,0.0,0.015695600475624256,0.0,0.0,-0.0495190381820584,0.0,0.0,0.0,0.0,0.0,0.0,0.0,0.0,0.0,0.0,0.0,0.0,0.0,0.0,0.0,0.0,0.0,0.0,0.0,0.0,0.0,0.0,0.0,0.0,0.0,0.0,0.0,0.0,-0.07266481701677897,0.0,0.0,0.0,-0.11342222222222222,0.0,0.0,0.0,0.0,0.11342222222222222,0.0,0.0,0.0,0.0,0.0,0.0,0.0,0.0,0.0,0.0,0.0,0.0,0.0,0.0,0.0,0.0,-0.010217254591095256,0.0,0.0,0.0,0.0,0.0,0.0,0.0,0.0,0.0,0.0,0.0,-0.0061898797727573,0.0,0.0,0.0,0.0,0.0,0.0495190381820584,0.0,0.0,0.0,0.0,0.0,0.0,0.0,-0.0002976350905007267,0.0,0.0023810807240058135,0.0,0.09153674197384067,0.0,0.0,-0.015695600475624256,0.0,0.0,0.0,0.0,0.0,0.0,0.0,0.10208883604174923,0.0,-0.10208883604174923,-0.08173803672876205,0.0,0.0,0.0,0.056583221033161574,0.0,0.0,0.0,0.0,0.0,0.0,0.0,0.0,0.0,0.0,0.0,0.0,0.0,0.0,0.0,0.0,0.0,0.0,0.0,0.0,0.0,0.0,0.0,0.0,0.0,0.0,0.0,0.0,0.0,0.0,0.0,0.0,0.0,0.0015951380631523317,0.0,0.0,-0.056583221033161574,0.0,0.0,-0.0010045184304399524,0.0,0.0,0.0,0.0,0.0,0.0,0.0,0.0,0.0,0.0,0.0,0.0,0.0,0.0,0.0,0.0,0.0,0.0,0.0,0.0,0.0,0.0,0.0,0.0,0.0,0.0,0.012761104505218654,0.0,0.0,0.0,0.0,0.0,0.0,0.0,0.0,0.0,0.0,0.0,0.0,0.0,0.0,0.0,0.0,0.0,0.0,0.0,0.0,0.0,0.0,0.07266481701677897,0.0,0.0,0.0,0.0,0.0,-0.0015951380631523317,0.0,0.04306872770511296,0.0,0.0,0.0,0.0,0.0,0.0,0.0,0.0,0.0,0.0,0.0005813185361342317,0.0,0.0,0.0,0.0,0.0,0.0,0.019048645792046508,0.0,0.0,0.0,0.0,0.0,0.0,0.0,0.0,-0.00012556480380499405,0.0,0.0,0.0,0.0,0.0,0.0,0.0,0.0,0.0,0.0,0.0,0.0,0.0,0.0,0.0,0.0,-0.0005813185361342317,0.0,0.0,0.0,0.0010045184304399524,0.0,0.0,0.0,0.0,0.0,0.0,0.0,0.0
2017-01-31,0.0,0.0,0.0,0.0,0.0,0.0,0.0,0.0,0.0,0.0,0.0,0.0,0.0,0.0,0.0,0.0,0.0,0.0,0.0,0.0,0.022848143744219843,0.0,0.0,0.0,0.03720438631259083,0.0,0.12,-0.03720438631259083,0.0,0.0,0.0,0.0,0.0,0.0,0.0,0.0,0.0,0.0,0.0,0.0,-0.0061898797727573,0.0,0.0,0.0,0.0,0.0,0.0,0.0061898797727573,0.0,0.0,0.0,0.0,0.0,0.0,0.0010045184304399524,0.0,0.0,0.0,0.0,0.0,0.0,0.0,0.0,0.0,0.0,0.0,0.0,0.0,0.0,0.0,0.0,0.0,0.0,-0.022848143744219843,0.0,0.0,0.0,0.0,0.0,-0.008036147443519619,0.0,0.0,0.0,0.0,0.0,-0.0015951380631523317,0.0,0.0,0.0,0.0,0.0,0.0,0.0,0.0,0.0,0.0,0.0,-0.00012556480380499405,0.0,0.0,0.0,0.0,0.0,0.010217254591095256,0.0,0.0,0.0,-0.015695600475624256,0.0,0.0,0.0,0.0,0.0,0.0,0.0,0.0,0.0,0.0,0.0,0.0,-0.12,0.0,0.0,-0.019048645792046508,0.0,0.0,0.0,0.0,0.0,0.0,0.0,0.0,0.0,0.0,0.0,0.0,0.0495190381820584,0.0,0.0,0.0,0.0,0.0,0.0,0.003390249702734839,0.0,0.0,0.0,0.0,0.0,-0.012761104505218654,0.0,0.0,0.0,0.0,0.0,0.0,0.0,0.0,0.0,0.0,0.0,0.0,0.0,0.0,0.0,0.0,0.0,0.0,0.0,0.0,0.0,0.0,0.0,0.0,0.0,0.0,0.0,0.0,0.0,0.10208883604174923,0.0,0.0,0.0,0.0,0.0,0.0,0.0,0.0,0.0,0.0,0.0,0.0,0.0,0.0,-4.650548289073854e-06,-0.0495190381820584,0.0,0.0,0.0,0.0,0.0,0.008036147443519619,0.0,-0.0002976350905007267,0.0,0.0,0.0,0.0,0.0,0.0,0.0,0.0,0.0,3.7204386312590835e-05,0.0,0.0,0.0,0.0,0.0,0.0,0.0,0.0,0.0,0.0,0.0,0.0,0.027121997621878714,0.0,0.0,0.0,0.0,0.0,0.0,0.0,0.0,0.0,0.0,0.0,0.012761104505218654,0.0,0.0,0.0,0.0,0.0,0.0,0.0,0.0,0.0,0.0,0.0,0.0,0.0,0.0,0.0,0.0,-0.056583221033161574,0.0,0.0,0.0,0.0,0.0,0.0,0.0,0.0,0.0,0.0,0.0,0.0,0.0,0.0,-0.11342222222222222,0.0,0.0,0.0,-0.031898110714757566,0.0,0.0,0.0,0.0,0.09153674197384067,-0.027121997621878714,0.0,0.0,0.0,0.0,0.0,0.0,0.0005813185361342317,0.0,0.0,0.0,0.0,0.0,0.0,0.0,0.0,-0.010217254591095256,0.0,0.0,0.0,0.0,0.0,0.0,0.0,0.0,0.0,-0.09153674197384067,0.0,0.0,0.0,0.0,0.0,0.0,0.0,0.019048645792046508,0.0,0.0,0.0,0.0,0.0,0.0,0.0,-0.0010045184304399524,0.0,0.0002976350905007267,0.0,0.056583221033161574,0.0,0.0,-0.004650548289073853,0.0,0.0,0.0,0.0,0.0,0.0,0.004650548289073853,0.11342222222222222,0.0,-0.07266481701677897,-0.04306872770511296,0.0,0.0,0.0,0.07266481701677897,0.0,0.0,0.0,0.0,0.0,0.0,-0.003390249702734839,0.0,0.0,0.0,0.0,0.0,0.0,0.0,0.0,0.0,0.0,0.0,0.0,0.0,0.0,0.0,0.0,0.0,0.0,0.0,0.0,0.0,0.0,0.0,0.0,0.0,0.0,0.0015951380631523317,0.0,0.0,0.0,0.0,0.0,-0.0023810807240058135,0.0,0.0,0.0,0.0,0.0,0.0,0.0,0.0,0.0,0.0,0.0,0.0,0.0,0.0,0.0,0.0,0.0,0.0,0.0,0.0,0.0,0.0,0.0,0.0,0.0,-0.10208883604174923,0.08173803672876205,0.0,0.0,0.0,0.0,0.0,0.0,0.0,0.0,0.0,0.0,0.0,0.0,0.0,0.0,0.0,0.0,0.0,0.0,0.0,0.0,0.0,0.00012556480380499405,0.06428917954815695,0.0,0.04306872770511296,0.0,0.0,0.0,0.0,-0.06428917954815695,0.0,0.0,0.0,0.0,0.0,0.0,-0.08173803672876205,0.0,0.0,0.0,0.0,0.0023810807240058135,0.0,0.0,0.0,4.650548289073854e-06,0.0,0.0,0.015695600475624256,0.0,0.0,0.0,0.0,0.0,0.0,0.0,0.0,-3.7204386312590835e-05,0.0,0.0,-0.0005813185361342317,0.0,0.0,0.0,0.0,0.0,0.0,0.0,0.0,0.0,0.0,0.0,0.0,0.0,0.0,0.0,0.0,0.0,0.031898110714757566,0.0,0.0,0.0,0.0,0.0,0.0,0.0,0.0
2017-02-28,0.0,0.0,0.0,0.0,-0.09153674197384067,0.0,0.0,0.0,0.0,0.0,0.0,0.0,0.0,0.0,0.0,0.0,0.0,0.0,0.0,0.0,0.0002976350905007267,0.0,0.0,0.0,0.03720438631259083,0.0,0.12,0.0,0.0,0.0,0.0,0.0,0.0,0.0,0.0,4.650548289073854e-06,0.0,0.0,0.0,0.0,-0.015695600475624256,0.0,0.012761104505218654,0.0,0.0,0.0,0.0,3.7204386312590835e-05,0.0,0.0,0.0,0.0,0.0,0.0,0.0,0.0,0.0,0.0,0.0,0.0,0.0,0.0,0.0,0.0,0.0,0.0,0.0,0.0,0.0,0.0,0.0,0.0,0.0,-0.012761104505218654,0.0,0.0,0.0,0.0,0.0,0.0,0.0,0.0,0.0,0.0,0.0,0.0,0.0,0.0,0.0,0.00012556480380499405,0.0,0.0,0.0,0.0,0.0,0.0,0.0,-0.0061898797727573,0.0010045184304399524,0.0,-0.03720438631259083,0.0,0.0,0.0023810807240058135,0.0,0.0,0.0,-0.004650548289073853,0.0,0.0,0.0,0.0,0.0,0.0,-0.06428917954815695,0.0,0.0,0.0,0.0,0.0,0.0,0.0,0.0,-0.010217254591095256,0.0,0.0,0.0,0.0,0.0,0.0,0.0,0.0,0.0,0.0,0.0,-0.04306872770511296,0.0495190381820584,0.0,0.0,0.0,0.0,0.0,0.0,0.0,0.0,0.0,0.0,0.0,0.027121997621878714,-0.003390249702734839,0.0,0.0,0.0,0.0,0.0,0.0,0.0,-0.056583221033161574,0.0,0.0,0.0,0.0,0.0,0.0,0.0,0.0,0.0,0.0,0.0,0.0,0.0,0.0,0.0,0.0,0.0,0.0,0.0,0.0,0.0,0.10208883604174923,0.0,0.0,0.0,0.0,0.0,0.0,0.0,0.0,0.0,0.0,0.0,0.0,0.0,0.0,-4.650548289073854e-06,0.0,0.0,0.0,0.0,0.0,0.0,0.0,0.0,-0.0005813185361342317,0.0,0.0,0.0,0.0,0.0,0.0,0.0,0.0,0.0,0.0,0.0,0.0,0.0061898797727573,0.0,0.0,0.0,0.0,0.0,0.0,0.0,0.0,0.0,0.0015951380631523317,0.0,0.0,0.0,0.0,0.0,0.0,0.0,0.0,-0.11342222222222222,0.0,0.0,0.003390249702734839,0.0,0.0,0.0,0.0,0.0,0.0,0.0,0.0,0.0,0.0,0.0,0.0,0.0,0.0,0.0,0.0,0.0,0.0,0.0,0.0,0.0,0.0,0.0,0.0,0.0,0.0,0.0,0.0,0.0,0.0,0.0,-0.019048645792046508,0.0,0.0,0.0,-0.10208883604174923,0.0,0.0,0.0,0.0,0.04306872770511296,0.0,0.0,0.0,0.0,0.0,0.0,0.0,0.0,0.0,0.0,0.0,0.0,0.0,0.0,0.0,0.0,-0.0015951380631523317,0.0,0.0,0.0,0.0,0.0,0.0,0.0,0.019048645792046508,0.0,-0.12,0.0,0.0,0.0,0.0,0.0,0.0,0.0,0.008036147443519619,0.0,0.0,0.0,0.0,0.0,0.0,0.010217254591095256,-0.0023810807240058135,0.0,0.031898110714757566,0.0,0.056583221033161574,0.0,0.0,-0.008036147443519619,0.0,0.0,0.0,0.0,0.0,0.0,0.0005813185361342317,0.11342222222222222,0.0,-0.08173803672876205,0.0,0.0,0.0,0.0,0.09153674197384067,0.0,0.0,0.0,0.0,0.0,0.0,-0.0010045184304399524,0.0,0.0,0.0,0.0,0.0,0.0,0.0,0.0,0.0,0.0,0.0,0.0,0.0,0.0,0.0,0.0,0.0,0.0,0.0,0.0,0.0,0.0,0.0,0.0,0.0,0.0,0.022848143744219843,0.0,0.0,-0.027121997621878714,0.0,0.0,-0.0002976350905007267,0.004650548289073853,0.0,-0.022848143744219843,0.0,0.0,0.0,0.0,0.0,0.0,0.0,0.0,0.0,0.0,0.0,0.0,0.0,0.0,0.0,0.0,0.0,0.0,0.0,0.0,0.0,0.0,0.0,0.06428917954815695,0.0,0.0,0.0,0.0,0.0,0.0,0.0,0.0,0.0,0.0,0.0,0.0,0.0,0.0,0.0,0.0,0.0,0.0,0.0,0.0,0.0,0.0,0.07266481701677897,0.0,0.08173803672876205,0.0,0.0,0.0,0.0,0.0,0.0,0.0,0.0,0.0,0.0,0.0,-0.031898110714757566,0.0,0.0,0.0,0.0,0.0,0.0,0.0,0.0,0.015695600475624256,0.0,0.0,0.0,0.0,0.0,0.0,0.0,0.0,0.0,-0.07266481701677897,0.0,-3.7204386312590835e-05,0.0,0.0,-0.00012556480380499405,0.0,0.0,0.0,0.0,0.0,0.0,0.0,0.0,0.0,0.0,0.0,0.0,0.0,-0.0495190381820584,0.0,0.0,0.0,0.0,0.0,0.0,0.0,0.0,0.0,0.0,0.0,0.0
2017-03-31,0.0,0.0,0.0,0.0,0.0,0.0,0.0,0.0,0.0,0.0,0.0,0.0,0.0,0.0,0.0,0.0,0.0,0.0,0.0,0.0,0.0,0.0,0.0,0.0,0.022848143744219843,0.0,0.12,0.0,0.0,0.0,0.0,0.0,0.0,0.0,0.0,0.0,0.0,0.0,0.0,0.0,0.0,0.0,0.0010045184304399524,0.0,0.0,0.0,0.0,0.0,0.0,-0.04306872770511296,0.0,0.0,0.0,0.0,0.0,0.0,0.0,-0.027121997621878714,0.0,0.0,0.0,0.0,0.0,0.0,-0.0010045184304399524,0.0,0.0,0.0,0.0,0.0,0.0,0.0,0.0,-0.03720438631259083,0.0,0.0,0.0,0.0,0.0,0.0,0.0,0.0,0.0,0.0,0.0,0.0,0.0005813185361342317,0.0,0.0,0.003390249702734839,0.0,0.0,0.0,0.0,-0.0495190381820584,0.0,0.0,-0.10208883604174923,0.0,0.0,0.0,0.0,0.0,0.0,0.0,0.0,0.0,0.0,0.0,0.0,0.0,0.0,0.0,0.0,0.0,0.0,0.0,0.0,0.04306872770511296,0.0,-0.0015951380631523317,0.0,0.0,-0.0002976350905007267,0.0,0.0,0.0,0.0,0.0,0.0,0.0,0.0,0.0,0.0,0.0,0.0,0.056583221033161574,0.0,0.0,0.0,0.0,0.0,0.0,0.0,0.0,0.0,0.0,-0.12,0.012761104505218654,0.0,0.0,0.0,0.0,0.0,0.0,0.0,0.0,-0.11342222222222222,0.0,0.0,0.0,0.0,0.0,0.0,0.0,0.0,0.0,0.0,0.0,0.0,0.0,0.0,0.0,0.0,0.0,-0.0005813185361342317,0.0,0.0,0.0,0.11342222222222222,0.0,0.0,-0.08173803672876205,0.0,0.0,0.0,0.0,0.0,0.0,0.0,0.0,0.0,0.0,-0.07266481701677897,-4.650548289073854e-06,0.0,0.0,0.0,0.0,0.0,0.0,0.00012556480380499405,0.0,-0.0061898797727573,0.0,0.0,0.0,0.0,0.0,0.0,0.0,0.0,0.0,0.0,0.0,0.0,0.0002976350905007267,0.0,0.0,0.0,0.0,0.0,0.0,0.0,0.0,0.0,0.0,0.0,-0.019048645792046508,0.0,0.0,0.0,0.0,0.0,0.0,0.0,0.0,0.0,0.0,0.0,0.0,0.0,0.0,0.0,0.0,0.0,0.0,0.0,0.0,0.0,0.0,0.0,0.0,0.0,0.0,0.0,0.0,0.0,0.0,0.0,0.0,0.0,0.0,0.0,-0.06428917954815695,0.0,0.0,0.0,0.0,0.0,-0.008036147443519619,0.0,0.0,0.0,0.0,0.0,0.0,0.0,0.0,0.03720438631259083,0.0,0.0,0.0,0.0,0.0,0.0,0.0,0.0,0.0,0.0,0.0,0.0,0.0,0.0,0.0,0.0,-0.012761104505218654,0.0,0.0,0.0,0.0,0.0,0.0,0.0,0.0015951380631523317,0.0,-0.056583221033161574,0.0,0.0,0.0,0.0,0.0,0.0,0.0,0.0,0.0,0.0,0.0,0.0,0.0,0.0,0.0495190381820584,0.0,0.0,0.008036147443519619,0.0,0.027121997621878714,0.0,0.0,-0.0023810807240058135,0.0,0.0,0.0,0.0,0.0023810807240058135,0.0,0.0,0.10208883604174923,0.0,0.0,0.0,0.0,0.0,0.0,0.06428917954815695,0.0,0.0,0.0,0.0,0.0,0.0,0.0,0.0,0.0,0.0,0.0,0.0,0.0,0.0,0.0,0.0,0.0,0.0,0.0061898797727573,0.0,0.0,0.0,0.0,0.0,0.0,0.0,0.0,0.0,0.0,-0.004650548289073853,0.0,0.0,0.0,0.010217254591095256,0.0,0.0,0.0,0.0,0.0,-0.010217254591095256,0.004650548289073853,0.0,-0.00012556480380499405,0.0,0.0,0.0,0.0,0.0,0.0,0.0,0.0,0.0,-0.015695600475624256,0.0,0.0,0.0,0.0,-0.022848143744219843,0.0,0.0,0.0,0.0,0.0,0.0,0.0,0.0,0.015695600475624256,0.0,0.019048645792046508,0.0,0.0,0.0,0.0,0.0,0.0,0.0,0.0,0.0,0.0,0.0,0.0,0.0,0.0,0.0,-0.031898110714757566,0.0,0.0,0.0,0.0,0.07266481701677897,0.0,0.09153674197384067,0.0,0.0,0.0,-0.003390249702734839,0.0,0.0,0.0,0.0,0.0,0.0,0.0,0.0,0.0,0.0,0.0,0.0,0.0,0.0,0.0,0.0,0.08173803672876205,0.0,0.0,4.650548289073854e-06,0.0,0.0,0.0,0.0,-0.09153674197384067,0.0,0.0,0.0,0.0,0.0,0.0,-3.7204386312590835e-05,0.0,0.0,0.0,0.0,0.0,3.7204386312590835e-05,0.0,0.0,0.0,0.0,0.0,0.0,0.0,0.0,0.0,0.0,0.0,0.0,0.0,0.0,0.0,0.031898110714757566,0.0,0.0,0.0,0.0
2017-04-30,0.0,0.0,0.0,0.0,0.0,0.0,0.0,0.0,0.0,0.0,0.0,0.0,0.0,0.0,0.0,0.0,0.0,0.0,0.0,0.0,0.0,0.0,0.0,0.0,0.004650548289073853,0.0,0.12,0.0,0.0,0.0,0.0,0.0,0.0,0.0,0.0,0.0,0.0,0.0,0.0,0.0,0.0,0.0,0.010217254591095256,0.0,0.0,0.0,0.0,0.0,0.0,-0.015695600475624256,0.0,0.019048645792046508,0.0,0.0,0.0,0.0,0.0,0.0,0.0,0.0,0.0,0.0,0.0,0.0,0.0,0.0,0.0,0.0,0.0,0.0,0.0,0.0,0.0,0.0,0.0,0.0,0.0,0.0,0.0,0.0,0.0,0.0,0.0,0.0,-0.12,-0.022848143744219843,0.015695600475624256,0.0,0.0,0.0,0.0,0.0,0.0,0.0,0.0,0.0,0.0,-0.0015951380631523317,0.0,0.0,0.0,0.0,0.0,0.0,0.0,0.0,0.0,0.0,0.0,0.0,0.0,0.0,0.0,0.0,0.0,0.0,0.0,0.0,0.027121997621878714,0.0,0.0,0.0,0.0,-0.0010045184304399524,0.0,0.0,0.0,0.0,0.0,0.0,0.0,-0.027121997621878714,0.0,0.0,0.0,0.0,0.04306872770511296,0.0,0.0,-0.0495190381820584,0.0,0.0,0.0,0.0,0.0,0.0,0.0,0.0,0.09153674197384067,0.0,0.0,0.0,0.0,0.0,0.0,0.0,0.0,-0.0061898797727573,0.0,0.0,0.0,0.0,0.0,0.0,0.0,0.0,0.0,0.0,0.0,0.0,0.0,0.0,0.0,0.0,0.0,0.0,0.0,0.0,0.0,0.0495190381820584,0.0,0.0,0.0,0.0,0.0,0.0,0.0,0.0,3.7204386312590835e-05,0.0,0.0,-0.056583221033161574,0.0,-0.031898110714757566,-4.650548289073854e-06,0.0,0.0,0.0,0.0,0.0,0.0,0.0015951380631523317,0.0,-0.0002976350905007267,0.0,0.0,0.0,0.0,0.0,0.0,0.0,0.0,0.0,0.0,0.0,0.0,0.0,0.0,0.0,0.0,0.0,0.0,0.0,0.0,0.0,0.0,0.0,0.0,-0.0023810807240058135,0.0,0.0,0.0,0.0,0.0,0.0,0.0,0.0,0.0,0.008036147443519619,0.0,0.0,0.0002976350905007267,0.0,0.0,0.0,0.0,0.0,-0.09153674197384067,0.0,0.0,0.0,0.0,0.0,0.0,0.0,0.0,0.0,0.0,0.0,0.0,0.0,0.00012556480380499405,0.0,0.0,-0.012761104505218654,0.0,0.0,0.0,0.0,0.0,-0.00012556480380499405,-0.07266481701677897,0.0,0.0,0.0,0.0,0.0,0.0,0.0,0.022848143744219843,0.0,0.0,0.0,0.0,0.0,0.0,0.0,0.0,0.0,0.0,0.0,0.0,0.0,0.0,0.0,0.0,0.0,0.0,0.0,0.0,0.0,0.0,0.0,0.0,0.0,0.0,0.0,0.0,0.0,0.0,0.0,0.0,-0.08173803672876205,0.0,0.0,0.0010045184304399524,0.0,0.0,0.0,0.0,0.0,0.056583221033161574,0.0,0.0,0.0,0.0,0.0,0.0,0.0,-0.008036147443519619,0.0,0.0,0.0,0.0,0.0,0.0,0.0,0.11342222222222222,0.0,0.0,0.0,0.0,0.0,0.0,0.08173803672876205,0.0,0.0,0.0,0.0,0.0,0.0,0.0,0.0,0.0,0.0,0.0,0.0,0.0,0.0,0.0,0.0,0.0,0.0,0.0061898797727573,0.0,-0.10208883604174923,0.0,0.0,0.0,0.0,0.0,0.0,0.0,0.0,-0.019048645792046508,0.0,0.0,0.0,0.0,0.0,0.0,0.0,-0.06428917954815695,0.0,0.0,0.031898110714757566,0.0,-0.004650548289073853,0.0,0.0,0.0,0.0,0.0,0.0,0.0,0.0,0.0,0.0,0.0,0.0,0.0,0.0,-0.0005813185361342317,0.0,0.0,0.0,0.0,0.0,0.0,0.0,0.0,0.03720438631259083,0.0,0.0023810807240058135,0.0,0.0,0.0,0.0,0.0,0.0,0.0,0.0,0.0,0.0,0.0,0.0,0.0,0.0,0.0,-3.7204386312590835e-05,0.0,0.0,0.0,0.0,0.06428917954815695,0.0,0.07266481701677897,0.0,0.0,0.0,-0.003390249702734839,0.0,0.0,0.0,0.0,0.0,0.0,0.0,0.0,0.0,0.0,0.0,0.0,0.0,0.0,0.0,0.0,0.10208883604174923,0.0,0.0,4.650548289073854e-06,-0.11342222222222222,0.0,0.0,0.0,0.0,0.0,-0.03720438631259083,0.0,0.0,0.0,0.0,-0.010217254591095256,0.0,0.0,0.0,0.0,0.0,0.0005813185361342317,0.0,0.0,0.0,0.0,0.003390249702734839,0.0,0.0,-0.04306872770511296,0.0,0.0,0.0,0.0,0.0,0.0,0.0,0.012761104505218654,0.0,0.0,0.0,0.0
2017-05-31,0.0,0.0,0.0,0.0,0.0,0.0,0.0,0.0,0.0,0.0,0.0,0.0,0.0,0.0,0.0,0.0,0.0,0.0,0.0,0.0,0.0005813185361342317,0.0,0.0,0.0,0.012761104505218654,0.0,0.12,0.0,0.0,0.0,0.0,0.0,0.08173803672876205,0.0,0.0,0.0,0.0,0.0,0.0,0.0,0.0,0.0,0.0,0.0,0.0,0.0,0.0,0.0,0.0,-0.0495190381820584,0.0,0.008036147443519619,0.0,0.0,0.0,0.0,0.0,0.0,0.0,0.0,0.0,0.0,0.0,0.0,-0.09153674197384067,0.0,0.0,0.0,0.0,0.0,0.0,0.0,0.0,0.0,0.0,0.0,0.0,0.0,0.0,0.0,0.0,0.0,0.0,0.0,0.0,0.0,0.004650548289073853,0.0,0.0,0.0,0.0,0.0,0.0,0.0,0.0,0.0,0.0,0.0,0.0,0.0,0.0,0.0,0.0,0.0023810807240058135,0.0,0.0,0.0,0.0,0.0,0.0,0.0,0.0,0.0,0.0,0.0,0.0,0.0,0.0,0.015695600475624256,0.0,0.0,0.0,0.0,-0.0005813185361342317,0.0,0.0,0.0,0.0,0.0,0.0,0.0,0.0,0.0,-0.012761104505218654,0.0,0.0,0.0495190381820584,0.0,0.0,0.0,0.0,0.0,0.0,0.0,0.0,0.0,0.0,0.0,0.0,0.0,0.0,0.0,0.0,0.0,0.0,0.0,0.0,-0.056583221033161574,0.0,0.0,0.0,0.0,0.0,-0.07266481701677897,0.0,0.0,0.0,0.0,0.0,0.0,0.0,0.0,0.0,0.0,0.0,-0.010217254591095256,-0.04306872770511296,0.0,0.0,0.0,0.0,0.0,-0.10208883604174923,0.0,0.0,0.0,0.0,0.0,0.0,0.0,0.0,0.0,0.0,-0.022848143744219843,-4.650548289073854e-06,0.0,0.0,0.0,0.0,0.0,0.0,0.003390249702734839,0.0,-0.00012556480380499405,0.0,0.0,0.0,0.0,0.0,0.0,0.0,0.0,0.0,0.0,0.0,0.0,0.0,0.0,0.0,0.0,0.0,0.0,0.0,0.0,0.0,0.0,0.0,0.0,-0.0061898797727573,0.0,0.0,0.0,0.0,0.0,0.0,-0.03720438631259083,0.0,0.0,0.031898110714757566,0.0,0.0,0.019048645792046508,0.0,0.0,0.0,0.0,0.0,0.0,0.0,0.0,0.0,0.0,0.0,0.0,0.0,0.0,0.0,0.0,0.0,0.0,0.0,0.0015951380631523317,0.0,0.0,-0.0023810807240058135,0.0,0.0,0.0,0.0,-0.11342222222222222,-0.0015951380631523317,0.0,0.0,0.0,0.0,0.0,0.0,0.0,0.0,0.07266481701677897,0.0,0.0,0.0,0.0,0.0,-0.004650548289073853,0.0,0.0,0.0,0.0,0.0,0.0,0.0,0.0,0.0,0.0,0.0,0.0,0.0,0.0,0.0,0.0,0.0,0.0,0.0,0.0,0.0,0.0,0.0,0.0,0.0,0.0,0.0,0.0,0.0,0.0061898797727573,0.0,0.0,0.0,0.0,0.0,0.10208883604174923,0.0,0.0,0.0,0.0,0.0,0.0,0.0,-0.08173803672876205,0.0,0.0,0.0,0.0,0.0,0.0,0.0,0.11342222222222222,0.0,0.0,0.0,0.0,0.0,0.0,0.03720438631259083,0.0,0.0,0.0,0.0,0.0,0.0,-0.0002976350905007267,0.0,0.0,0.0,0.0,0.0,0.0,3.7204386312590835e-05,0.0,0.0,0.0,0.0,0.0,0.0,0.0,0.0,0.0,0.0,0.0,0.0,0.0,0.0,0.0,-0.008036147443519619,0.0,-0.12,0.0,4.650548289073854e-06,0.0,0.0,0.0,0.0,-0.06428917954815695,0.0,0.022848143744219843,0.00012556480380499405,-0.027121997621878714,0.0,0.0,0.0,0.0,0.0,0.0,0.0,0.0,0.0,0.0,0.0,0.0,0.0,0.0,-0.0010045184304399524,0.0,0.0,0.0,0.0,-0.019048645792046508,0.0,0.0,0.0,0.0,0.0,0.0010045184304399524,0.0,0.0,0.0,0.0,0.0,0.0,0.0,0.0,0.0,0.0,0.0,0.0,0.0,0.0,0.0,-3.7204386312590835e-05,0.0,0.0,0.0,0.0002976350905007267,0.04306872770511296,0.0,0.09153674197384067,0.0,0.0,0.0,-0.003390249702734839,0.0,0.0,0.0,0.0,0.0,0.0,0.0,0.0,0.0,0.0,0.0,0.0,0.0,0.0,0.0,0.0,0.056583221033161574,0.0,0.0,0.06428917954815695,0.0,0.0,0.0,0.0,-0.031898110714757566,0.0,0.0,0.0,0.0,0.0,0.0,-0.015695600475624256,0.0,0.0,0.0,0.0,0.0,0.010217254591095256,0.0,0.0,0.0,0.0,0.027121997621878714,0.0,0.0,0.0,0.0,0.0,0.0,0.0,0.0,0.0,0.0,0.0,0.0,0.0,0.0,0.0
2017-06-30,0.0,0.0,0.0,0.0,0.0,0.0,0.0,0.0,0.0,0.0,0.0,0.0,0.0,0.0,0.0,0.0,0.0,0.0,0.0,0.0,4.650548289073854e-06,0.015695600475624256,0.0,0.0,0.056583221033161574,0.0,0.12,0.0,0.0,0.0,0.0,0.0,0.07266481701677897,0.0,0.0,0.0,0.0,0.0,0.0023810807240058135,0.0,0.0,0.0,0.0,0.0,0.0,0.0,0.0,0.0,0.0,-0.0495190381820584,0.0,3.7204386312590835e-05,0.0,0.0,0.00012556480380499405,0.0,0.0,0.0,0.0,0.0,0.0,0.0,0.0,0.0,-0.0061898797727573,0.0,0.0,0.0,0.0,0.0,0.0,0.0,0.0,0.0,0.0,0.0,0.0,0.0,0.0,0.0,0.0,0.0,0.0,0.0,0.0,-0.03720438631259083,0.0015951380631523317,0.0,0.0,0.0,0.0,0.0,0.0,0.0,0.0,0.0,0.0,0.0,0.0,0.0,0.0,0.0,0.0,0.0,0.0,0.0,0.0,0.0,0.0,0.0,0.0,0.0,0.0,0.0,0.0,0.0,0.0,0.0,0.031898110714757566,0.0,0.0,0.0,0.0,-0.003390249702734839,0.0,0.0,0.0,0.0,0.0,0.0,0.0,0.0,0.0,-0.11342222222222222,0.0,0.0,0.03720438631259083,0.0,0.0,0.0,0.0,0.0,0.0,0.0,0.0,0.0,0.0,0.0,0.0,0.0,0.0,0.0,0.0,0.0,0.0,0.0,0.0,-0.07266481701677897,0.0,0.0,0.0,0.0,0.0,-0.0023810807240058135,0.0,0.0,0.0,0.0,0.0,0.0,0.0,0.0,0.0,0.0,0.0,0.0,-0.031898110714757566,0.0,0.0,0.0,0.0,0.0,0.0,0.0,0.0,0.0,0.0,0.0,0.0,0.0,0.0,0.0,0.0,-0.019048645792046508,-4.650548289073854e-06,0.0,0.0,0.0,0.0,0.0,0.0,0.027121997621878714,0.0,-0.0010045184304399524,0.0,0.0,0.0,0.0,-0.10208883604174923,0.0,0.0,0.0,0.0,0.0,0.0,-0.012761104505218654,0.0,0.0,0.0,0.0,0.0,0.0,0.0,0.0,0.0,0.0,0.0,0.0,-0.12,0.0,0.0,0.0,0.0,0.0,0.0,0.0,0.0,0.0,0.04306872770511296,0.0,0.0,0.008036147443519619,0.0,0.0,0.0,0.0,0.0,0.0,0.0,0.0,0.0,0.0,0.0,0.0,0.0,0.0010045184304399524,0.0,0.0,0.0,0.0,0.0,0.0,0.0,0.0,-0.0002976350905007267,0.0,0.0,0.0,0.0,0.0,-0.008036147443519619,0.0,0.0,0.0,0.0,0.0,0.0,0.0,0.0,0.019048645792046508,0.0,0.0,0.0,0.0,0.022848143744219843,-0.004650548289073853,0.0,0.0,0.0,0.0,0.0,0.0,0.0,0.0,0.0,0.0,-0.015695600475624256,0.0,0.0,0.0,0.0,0.0,0.0,0.0,0.0,0.0,0.0,0.0,0.0,0.0,0.0,0.0,0.0,0.0,0.0,0.0,0.0,0.0,0.0,0.0,0.0,0.10208883604174923,0.0,0.0,0.0,0.0,0.0,0.003390249702734839,0.0,0.0,0.0,0.0,0.0,0.0,0.0061898797727573,0.0,0.0,0.11342222222222222,0.0,0.0,0.0,0.0,0.0,0.0,0.0,0.0,0.0,0.0,0.0,0.0,-0.0015951380631523317,-0.0005813185361342317,0.0,0.0,0.0,0.0,0.0,0.0,0.0,0.0,0.0,0.0,0.0,0.0,0.0,0.0,0.0,0.0,0.0,0.0,0.0,0.0,0.0,0.0,-0.027121997621878714,0.0,0.0,0.0,0.0,0.0,0.0,0.0,0.0,-0.022848143744219843,0.0,0.0,0.0,-0.04306872770511296,0.0,0.0,0.0,0.0,0.0,0.0,0.0,0.0,0.0,0.0,0.0,0.0,0.0,-0.09153674197384067,-0.08173803672876205,0.0,0.0,0.0,0.0,-0.010217254591095256,0.0,0.0,0.0,0.0,0.0,0.08173803672876205,0.0,0.0,0.0,0.0,0.0,0.0,0.0,0.0,0.0,0.0,0.0,0.0,0.0,0.012761104505218654,0.0,-0.00012556480380499405,0.0,0.0,0.0,0.0005813185361342317,0.06428917954815695,0.0,0.0,0.0,0.0,0.0,-3.7204386312590835e-05,0.0,0.0,0.0,0.0,0.010217254591095256,0.0,0.0,0.0,0.0,0.0,0.0,-0.06428917954815695,0.0,0.0,0.0,0.0,0.004650548289073853,0.0,0.0,0.0495190381820584,0.0,0.0,0.0,0.0,0.0,0.0,0.0,0.0,0.0,0.0,0.0,-0.056583221033161574,0.0,0.0,0.0,0.0,0.0,0.09153674197384067,0.0,0.0,0.0,0.0,0.0002976350905007267,0.0,0.0,0.0,0.0,0.0,0.0,0.0,0.0,0.0,0.0,0.0,0.0,0.0,0.0,0.0
2017-07-31,0.0,0.0,0.0,0.0,0.0,0.0,0.0,0.0,0.0,0.0,0.0,0.019048645792046508,0.0,0.0,0.0,0.0,0.0,0.0,0.0,0.0,0.0,0.0061898797727573,0.0,0.0,0.010217254591095256,0.0,0.11342222222222222,0.0,0.0,0.0,0.0,0.0,0.0495190381820584,0.0,0.0,-0.03720438631259083,0.0,0.0,0.0015951380631523317,0.0,0.0,0.0,0.0,0.0,0.0,0.0,0.0,0.0,0.0,-0.0023810807240058135,0.0,0.0,0.0,0.0,0.012761104505218654,0.0,0.0,0.0,0.0,-0.08173803672876205,0.0,0.0,0.0,0.0,-0.008036147443519619,0.0,0.0,0.0,0.0,0.0,0.0,0.0,0.0,0.0,0.0,0.0,0.0,0.0,0.0,0.0,0.0,0.0,0.0,0.0,0.0,0.0,0.0,0.0,0.0,0.0,0.0,0.0,0.0,0.0,0.0,0.0,0.0,0.0,0.0,0.0,0.0,0.0,0.0,0.0,0.0,0.0,0.0,0.0,0.0,0.0,0.0,0.0,0.0,0.0,0.0,0.0,0.0,0.0,0.056583221033161574,0.0,0.0,0.0,-0.10208883604174923,-0.004650548289073853,0.0,0.0,0.0,0.0,0.0,0.0,0.0,0.0,0.0,-0.022848143744219843,0.0,0.0,0.031898110714757566,0.0,0.0,-0.06428917954815695,0.0,0.0,0.0,0.0010045184304399524,0.0,0.0,0.0,-0.04306872770511296,0.0,0.0,0.0,0.0,0.0,0.0,0.0,0.0,0.0,0.0,0.0,0.0,0.0,0.0,0.0,-0.0002976350905007267,0.0,0.0,0.0,0.0,0.0,0.0,0.0,0.0,0.0,0.0,0.0,-0.0495190381820584,-0.031898110714757566,0.0,0.0,0.0,0.0,0.0,0.0,0.0,0.0,0.0,0.0,0.0,0.0,0.0,0.0,0.0,0.0,-0.012761104505218654,-0.09153674197384067,0.0,0.0,0.0,0.0,0.0,0.0,0.0023810807240058135,0.0,-0.0005813185361342317,0.0,0.0,0.0,0.0,0.0,0.0,0.0,0.0,0.0,0.0,0.0,-0.0015951380631523317,0.0,0.0,0.0,0.0,0.0,0.0,0.0,0.0,0.0,0.0,0.0,0.0,0.0,0.0,0.0,0.0,0.0,0.0,0.0,-0.07266481701677897,0.0,0.0,0.015695600475624256,0.0,0.0,0.0,0.0,0.0,0.0,0.0,0.0,0.0,0.0,0.0,0.0,0.0,0.0,0.0,0.0,0.0,0.0,0.0,0.0,0.0,0.0,0.0,0.0,0.0,-3.7204386312590835e-05,0.0,0.0,0.0,0.0,0.0,-0.019048645792046508,0.0,0.0,0.0,0.0,0.0,0.0,0.0,0.0,0.10208883604174923,0.0,0.0,0.0,0.0,0.008036147443519619,-0.0010045184304399524,0.0,0.0,0.0,0.0,0.0,0.0,4.650548289073854e-06,0.0,0.0,0.0,0.0,0.0,0.0,0.0,0.0,0.0,0.0,0.0,0.0,0.0,0.0,0.0,0.0,0.0,0.0,0.0,0.0,0.0,0.0002976350905007267,0.0,0.0,0.0,0.0,0.0,0.0,0.08173803672876205,0.0,0.0,0.0,0.0,0.0,0.0,0.0,0.0,0.0,0.0,0.0,0.0,0.00012556480380499405,0.0,0.0,0.12,0.0,0.0,0.0,0.0,0.0,0.0,0.0,0.0,0.0,0.0,-0.12,0.0,-0.003390249702734839,0.0,0.0,0.0,0.0,0.0,0.0,0.0,0.0,0.0,0.0,0.0,0.0,0.0,0.0,0.0,0.0,0.0,0.0,0.0,0.0,0.0,0.0,0.0,-0.056583221033161574,0.0,0.0,0.0,0.0,0.0,0.0,0.0,0.0,-0.010217254591095256,0.0,0.0,0.0,-0.00012556480380499405,0.0,0.0,0.0,0.0,0.0,0.0,0.0,0.0,0.0,0.0,0.0,0.0,0.0,0.0,0.0,0.0,0.0,0.0,0.0,-0.0061898797727573,0.0,0.0,0.0,0.0,0.0,0.06428917954815695,0.0,0.0,0.0,0.0,0.0,0.0,0.0,0.0,0.0,0.0,0.0,0.0,0.0,0.003390249702734839,0.0,-0.015695600475624256,0.0,0.0,0.0,0.0,0.0005813185361342317,0.0,0.0,0.0,0.0,0.0,-4.650548289073854e-06,0.0,0.0,0.0,0.07266481701677897,0.022848143744219843,0.0,0.0,0.0,0.004650548289073853,0.0,0.0,-0.027121997621878714,0.0,0.0,0.0,0.0,3.7204386312590835e-05,0.0,0.0,0.027121997621878714,0.0,0.0,0.0,0.0,0.0,0.0,0.0,0.0,0.0,0.0,0.0,-0.11342222222222222,0.0,0.0,0.0,0.0,0.0,0.03720438631259083,0.0,0.0,0.0,0.0,0.0,0.0,0.0,0.0,0.0,0.0,0.0,0.0,0.0,0.0,0.0,0.09153674197384067,0.0,0.0,0.04306872770511296,0.0
2017-08-31,0.0,0.0,0.0,0.0,0.0,0.0,0.0,0.0,0.0,0.0,0.0,0.019048645792046508,0.0,0.0,0.0,0.0,0.0,0.0,0.0,0.0,0.0,0.010217254591095256,0.0,0.0,0.0,0.0,0.11342222222222222,0.0,0.0,0.0,0.0,0.0,0.07266481701677897,0.0,0.0,0.0,0.0,0.0,0.008036147443519619,0.0,0.0,0.0,0.0,0.0,0.0,0.0,0.0,0.0,0.0,-0.0002976350905007267,0.0,0.015695600475624256,0.0,0.0,0.031898110714757566,0.0,0.0,0.0,0.0,0.0,0.0,0.0,0.0,0.0,-0.015695600475624256,0.0,0.0,0.0,0.0,0.0,0.0,0.0,0.0,0.0,0.0,-0.019048645792046508,0.0,0.0,0.0,0.0,0.0,0.0,0.0,0.0,0.0,0.0,0.004650548289073853,0.0,0.0,0.0,0.0,0.0,0.0,0.0,0.0,0.0,0.0,0.0,0.0,0.0,0.0,0.0,0.0,0.012761104505218654,0.0,0.0,0.0,0.0,0.0,0.0,0.0,0.0,0.0,0.0,0.0,0.0,0.0,0.0,0.056583221033161574,0.0,0.0,0.0,0.08173803672876205,-0.07266481701677897,0.0,0.0,0.0,0.0,0.0,0.0,0.0,0.0,0.0,-0.010217254591095256,0.0,0.0,0.022848143744219843,0.0,0.0,-0.0010045184304399524,0.0,0.0,0.0,0.0,0.0,0.0,0.0,-0.06428917954815695,0.0,0.0,0.0,0.0,0.0,0.0,0.0,0.0,0.0,0.0,0.0,0.0,0.0,0.0,0.0,-0.0005813185361342317,0.0,0.0,0.0,0.0,0.0,0.0,0.0,0.0,0.0,0.0,0.0,0.0,0.0,0.0,0.0,0.0,0.0,0.0,-0.12,0.0,0.0,0.0,0.0,0.0,0.0,0.0,0.0,0.0,0.0,-0.003390249702734839,0.0,0.0,0.0,0.0,0.0,0.0,0.0,0.0,0.0,-0.10208883604174923,-0.008036147443519619,0.0,0.0,0.0,0.0,0.0,0.0,0.0,0.0,0.0,0.0,-0.03720438631259083,0.0,0.0,0.0,0.0,0.0,0.0,0.0,0.0,0.0,0.0,0.0,0.0,0.0,0.0,0.0,0.0,0.0,0.0,0.0,0.0,0.0,0.0,4.650548289073854e-06,0.0,0.0,0.0,0.0,0.0,0.0,0.0,0.0,0.0,0.0,0.0,0.0,0.0,0.0,0.0,0.0,0.0,0.0,0.0,0.0,0.0,0.0,0.0,0.0,0.0,-4.650548289073854e-06,0.0,0.0,0.0,0.0,0.0,-0.00012556480380499405,0.0,0.0,0.0,0.0,0.0,0.0,0.0,0.0,0.10208883604174923,0.0,0.0,0.0,0.0,0.0,-0.11342222222222222,0.0,0.0,0.0,0.0,0.0,0.0,0.0,0.0,0.0,0.0,0.0,0.0,0.0,0.0,0.0,0.0,0.0,0.0,0.0,0.0,0.0,0.0,0.0,0.0,0.0,0.0,0.0,0.0,0.0010045184304399524,0.00012556480380499405,0.0,0.0,0.0,0.0,0.0,0.06428917954815695,0.0,0.0,0.0,0.0,-0.0495190381820584,0.0,0.0,0.0,0.0,0.0,0.0,0.0,0.0,0.0,0.0,0.12,0.0,0.0,0.0,0.0,-0.027121997621878714,0.0,0.0,0.0,0.0,0.0,-0.012761104505218654,0.0,-0.022848143744219843,0.0,0.0,0.0,0.0,0.0,0.0,0.0,0.0,0.0,0.0,0.0,0.0,0.0,0.0,0.0,0.0,0.0,0.0,0.0,3.7204386312590835e-05,0.0,0.0,0.0,-0.04306872770511296,0.0,0.0,0.0,0.0,0.0,0.0,0.0,0.0,-0.0015951380631523317,0.0,0.0005813185361342317,0.0,-0.09153674197384067,0.0,0.0,0.0,0.0,0.0,0.0,0.0,0.0,0.0,0.0,0.0,0.0,-0.0061898797727573,-0.056583221033161574,0.0,0.0,0.0,0.0,0.0,-0.0023810807240058135,0.0,0.0,0.0,0.0,0.0,0.0015951380631523317,0.0,0.0,0.0,0.0,0.0,0.0,0.0,0.0,-0.08173803672876205,0.0,0.0,0.0,0.0,0.0,0.0,-0.004650548289073853,0.0,0.0,0.0,0.0,0.0023810807240058135,0.0,0.0,0.0,0.0,0.0,-3.7204386312590835e-05,0.0,0.0,0.0,0.04306872770511296,0.027121997621878714,0.0,0.0,0.0,0.0061898797727573,0.0,0.0,0.0,0.0,0.0,0.0,0.0,0.0002976350905007267,0.0,0.0,0.003390249702734839,0.0,0.0,0.0,0.0,0.0,0.0,0.0,0.0,0.0,0.0,0.0,0.0,-0.031898110714757566,0.0,0.0,0.0,0.0,0.03720438631259083,0.0,0.0,0.0,0.0,0.0,0.0,0.0,0.0,0.0,0.0,0.0,0.0,0.0,0.0,0.0,0.09153674197384067,0.0,0.0,0.0495190381820584,0.0
2017-09-30,0.0,0.0,0.0,0.0,0.0,0.0,0.0,0.0,0.0,0.0,0.0,0.019048645792046508,0.0,0.0,0.0,0.0,0.0,0.0,0.0,0.0,0.0,0.015695600475624256,0.0,0.0,0.00012556480380499405,0.0,0.08173803672876205,0.0,0.0,0.0,0.0,0.0,0.06428917954815695,0.0,0.0,0.0,0.0,0.0,0.0015951380631523317,0.0,0.0,0.0,0.0,0.0,0.0,0.0,0.0,0.0,0.0,-3.7204386312590835e-05,0.010217254591095256,0.0002976350905007267,0.0,0.0,0.0061898797727573,0.0,0.0,0.0,0.0,0.0,0.0,0.0,0.0,0.0,-0.022848143744219843,0.0,0.0,0.0,0.0,0.0,0.0,-0.12,0.0,0.0,0.0,-0.012761104505218654,0.0,0.0,0.0,0.0,0.0,0.0,0.0,0.0,0.0,0.0,0.0,0.0,0.0,4.650548289073854e-06,0.0,0.0,0.0,0.0,0.0,0.0,0.0,-0.0495190381820584,0.0,0.0,0.0,0.0,0.0,0.022848143744219843,0.0,0.0,0.0,0.0,0.0,0.0,0.0,0.0,0.0,0.0,0.0,0.0,0.0,0.0,0.008036147443519619,0.0,0.0,0.0,0.09153674197384067,0.0,0.0,0.0,0.0,0.0,0.0,0.0,0.0,0.0,0.0,-0.027121997621878714,0.0,0.0,0.0,0.0,0.0,-0.0015951380631523317,0.0,0.0,0.0,0.0,0.0,0.0,0.0,-0.056583221033161574,0.0,-0.0023810807240058135,0.0,0.0,0.0,0.0,0.0,0.0,0.0,0.0,0.0,0.0,0.0,0.0,0.0,0.0,0.0,0.0,0.0,0.0,0.0,0.0,0.0,0.0,0.0,0.0,0.0,0.0,0.0,0.0,0.0,0.0,0.0,0.0,0.0,0.0,0.0,0.0,0.0,0.0,0.0,0.0,0.0,0.0,0.0,-0.0061898797727573,0.0,0.0,0.0,0.0,0.0,-0.04306872770511296,0.0,0.0,0.0,0.0,-0.004650548289073853,0.0,0.0,0.0,0.0,0.0,0.0,-0.06428917954815695,0.0,0.0,0.0,-0.010217254591095256,0.0,0.0,0.0,0.0,0.0,0.0,0.0,0.0,0.0,0.0,0.0,0.0,0.0,0.0,0.0,0.0,0.0,0.0,0.0,0.0,0.0,0.0,0.003390249702734839,0.0,0.0,0.0,0.0,0.0,0.0,0.0,0.0,0.0,0.0,0.0,0.0,0.0,0.0,0.0,0.0,0.0,0.0,0.0,0.0,0.0,0.0,0.0,0.0,0.0,-0.00012556480380499405,0.0,0.0,0.0,0.0,0.0,-0.0010045184304399524,0.0,0.0,0.0,0.0,0.0,0.0,0.0,0.0,0.10208883604174923,0.0,0.0,0.0,0.0,0.004650548289073853,-0.07266481701677897,0.0,0.0,0.0,0.0,0.0,0.0,0.0,0.0,0.0,0.0,0.0,0.0,0.0,0.0,0.0,0.0,0.0,0.0,0.0,0.0,0.0,0.0,0.0,0.0,0.0,0.0,0.0,0.0,0.0,3.7204386312590835e-05,0.0,0.0,0.0,0.0,0.0,0.056583221033161574,0.0,0.0,0.0,0.0,-0.10208883604174923,0.04306872770511296,0.0,0.0,0.0,0.0,0.03720438631259083,0.0,0.0005813185361342317,0.0,0.0,0.12,0.0,0.0,0.0,0.0,-0.031898110714757566,0.0,0.0,0.0,0.0,0.0,-0.0002976350905007267,0.0,-0.08173803672876205,0.0,0.0,0.0,0.0,0.0,0.0,0.0,0.0,0.0,0.0,0.0,0.0,0.0,0.0,0.0,0.0,0.0,0.0,0.0,0.0,0.0,0.0,0.0,0.0,0.0,0.0,0.0,0.0,0.0,0.0,0.0,0.0,-0.008036147443519619,0.0,0.0,0.0,-0.019048645792046508,0.0,0.0,0.0,0.0,0.0,0.0,0.0,0.0,0.0,0.0,0.0,0.0,-0.015695600475624256,-0.11342222222222222,0.0,0.0,0.0,0.0,0.0,-0.0005813185361342317,0.0,0.0,0.0,0.0,0.0,0.0,0.0,0.0,0.0,0.0,0.0,0.0,0.0,0.0,0.0,0.0,0.0,0.0,0.0,0.0023810807240058135,0.0,-0.003390249702734839,-0.09153674197384067,0.0,0.0,0.0,0.07266481701677897,0.0,0.0,0.0,0.0,0.0,-4.650548289073854e-06,0.0,0.0,0.0,0.0495190381820584,0.027121997621878714,0.0,0.0,0.0,0.0,0.0,0.0,0.0,0.0,0.0,0.0,0.0,0.0,0.0,0.0,0.0010045184304399524,0.0,0.0,0.0,0.0,0.0,0.0,0.0,0.0,0.0,0.0,0.0,-0.03720438631259083,0.0,0.0,0.0,0.0,0.0,0.012761104505218654,0.0,0.0,0.0,0.0,0.0,0.0,0.0,0.0,0.0,0.0,0.0,0.0,0.0,0.0,0.0,0.11342222222222222,0.0,0.0,0.031898110714757566,0.0
2017-10-31,0.0,0.0,0.0,0.0,0.0,0.0,0.0,0.0,0.0,0.0,0.0,0.0023810807240058135,0.0,0.0,0.0,0.0,0.0,0.0,0.0,0.0,0.0,0.031898110714757566,0.0,0.0,0.0,0.0,0.03720438631259083,0.0,0.0,0.0,0.0,0.0,0.08173803672876205,0.0,0.0,-0.07266481701677897,0.0,0.0,0.0010045184304399524,0.0,0.0,0.0,0.0,0.0,0.0,0.0,0.0,-0.08173803672876205,0.0,-0.00012556480380499405,0.027121997621878714,0.0,0.0,0.0,0.0,0.0,0.0,0.0,0.0,0.0,0.0,0.0,0.0,0.0,0.0,0.0,0.0,0.0,0.0,0.0,0.0,0.0,0.0,0.0,0.0,-0.019048645792046508,0.0,0.0,0.0,0.0,0.0,0.0,0.0,0.0,0.0,0.0,0.0,0.0,0.0,0.0,0.0,0.0,0.0,0.0,0.0,0.0,0.0,-0.010217254591095256,0.0,0.0,0.0,0.0,0.0,0.0061898797727573,0.0,0.0,0.0,0.0,0.0,0.0,0.0,0.0,0.0,0.0,0.0,0.0,0.0,0.0,0.022848143744219843,0.0,0.0,0.0,0.06428917954815695,-0.06428917954815695,0.0,0.0,0.0,0.0,0.0,0.0,0.0,0.0,0.0005813185361342317,0.0,0.0,0.0,0.0,0.0,0.0,0.0,0.0,0.0,0.0,0.0,0.0,0.0,0.0,0.0,-0.0061898797727573,0.0,0.0,0.0,0.0,0.0,0.0,0.0,0.0,0.0,0.0,0.0,0.0,0.0,0.0,0.0,0.0,0.0,0.0,0.0,0.0,0.0,0.0,0.0,0.0,0.0,0.0,0.0,0.0,0.0,0.0,0.0,0.0,0.0,0.0,0.0,0.0,0.0,0.0,0.0,0.0,0.0,0.0,0.0,0.0,-0.027121997621878714,0.0,0.0,0.0,0.0,0.0,-0.015695600475624256,0.0,0.0,0.0,0.0,-0.008036147443519619,0.0,0.0,0.0,0.0,0.0,0.0,-0.056583221033161574,0.0,0.0,0.0,-0.0010045184304399524,0.0,0.0,0.0,0.0,0.0,0.0,0.0,0.0,0.0,0.0,0.0,0.0,-0.03720438631259083,0.0,0.0,0.0,0.0,0.0,0.0,0.0,0.0,0.0,0.0,0.0,0.0,0.004650548289073853,0.0,0.0,0.0,0.0,0.0,0.0,0.0,0.0,0.0,0.0,0.0,0.0,0.0,0.0,0.0,0.0,0.0,0.0,0.0,0.0,0.0,0.0,-4.650548289073854e-06,0.0,0.0,0.0,0.0,0.0,-0.0002976350905007267,0.0,0.0,0.0,0.0,0.0,0.0,0.0,0.0,0.015695600475624256,0.0,0.0,0.0,0.0,0.012761104505218654,-0.022848143744219843,0.0,0.0,0.0,0.0,0.0,0.0,0.0,0.0,0.0,0.0,-0.10208883604174923,0.0,0.0,0.0,0.0,0.0,0.0,0.0,0.0,0.0,0.0,0.0,-0.0005813185361342317,0.0,0.0,0.0,0.0,0.0,0.0,0.0,0.0,0.0,0.0,0.0,0.0,0.0495190381820584,0.00012556480380499405,0.0,0.0,0.0,0.0,0.019048645792046508,0.0,0.0,0.0,4.650548289073854e-06,0.10208883604174923,0.0,0.0,0.0,0.0,0.12,0.0,0.0,0.0,0.0,0.0,0.0,0.0,-0.09153674197384067,0.0,0.0,-3.7204386312590835e-05,0.0,-0.012761104505218654,0.0,0.0,0.0,0.0,0.0,0.0,0.0,0.0,0.0,0.0,0.0,0.0,0.0,0.0,0.0,0.0,0.0,0.0,0.0,0.0,0.0,0.0,0.0,0.0,0.0,0.0,0.0,0.0,0.0002976350905007267,0.0,0.010217254591095256,0.0,-0.04306872770511296,0.0,0.0,0.0,0.0,0.0,0.0,0.0,0.0,0.0,0.0,0.0,0.0,0.0,0.0,0.0,0.0,-0.004650548289073853,-0.0495190381820584,0.0,0.0,0.0,0.0,0.0,-0.0023810807240058135,0.0,0.0,0.0,0.0,0.0,0.0,0.0,0.0,0.0,0.0,0.0,0.0,0.0,0.0,0.0,0.0,0.0,0.0,0.0,0.003390249702734839,0.0,-0.031898110714757566,0.0,0.0,0.0,0.0,0.11342222222222222,0.0,0.0,0.0,0.0,0.0,-0.0015951380631523317,0.0015951380631523317,-0.12,0.0,0.056583221033161574,0.09153674197384067,0.0,0.0,0.0,0.0,0.0,0.0,0.0,0.0,0.0,0.0,0.0,0.0,0.0,0.0,0.0,0.0,0.0,0.0,0.0,0.0,0.0,0.0,0.0,0.008036147443519619,0.0,0.0,-0.003390249702734839,0.0,0.0,0.0,-0.11342222222222222,0.0,0.04306872770511296,0.0,0.0,0.0,0.0,0.0,0.0,0.0,0.0,0.0,0.0,0.0,3.7204386312590835e-05,0.0,0.0,0.0,0.07266481701677897,0.0,0.0,0.0,0.0
2017-11-30,0.0,0.0,0.0,0.0,0.0,0.0,0.0,0.0,0.0,0.0,0.0,0.0,0.0,0.0,-0.06428917954815695,0.0,0.0,0.0,0.0,0.0,3.7204386312590835e-05,0.0495190381820584,0.0,0.0,0.008036147443519619,0.0,0.056583221033161574,0.0,0.0,0.0,0.0,0.0,0.06428917954815695,0.0,0.0,-0.0010045184304399524,0.0,0.0,0.012761104505218654,0.0,0.0,0.0,0.0,0.0,0.0,0.0,0.0,-0.031898110714757566,0.0,-0.0023810807240058135,0.04306872770511296,0.0015951380631523317,0.0,0.0,0.0,0.0,0.0,0.0,0.0,0.0,0.0,0.0,0.0002976350905007267,0.0,0.0,0.0,0.0,0.0,0.0,0.0,0.0,0.0,0.0,-0.12,0.0,0.0,0.0,0.0,0.0010045184304399524,0.0,0.0,0.0,0.0,0.0,0.0,0.0,0.0,0.0,0.0,0.0,0.0,0.0,0.0,0.0,0.0,0.0,0.0,-0.0005813185361342317,0.0,0.0,0.0,0.0,0.0,0.0061898797727573,0.0,0.0,0.0,0.0,0.0,0.0,0.0,0.0,0.0,0.0,0.0,0.0,0.0,0.0,0.022848143744219843,0.0,0.0,0.0,0.019048645792046508,0.0,0.0,0.0,0.0,0.0,0.0,0.0,0.0,0.0,0.00012556480380499405,0.0,0.0,0.0,0.0,0.0,0.0,0.0,-0.04306872770511296,0.0,0.0,0.0,0.0,0.0,0.0,0.0,-0.09153674197384067,-4.650548289073854e-06,0.0,0.0,0.0,0.0,-0.019048645792046508,0.0,0.0,0.0,0.0,0.0,0.0,0.0,0.0,0.0,0.0,0.0,0.0,0.0,0.0,-0.08173803672876205,0.0,0.0,0.0,0.0,0.0,0.0,0.0,0.0,0.0,0.0,0.0,0.0,0.0,0.0,0.0,0.0,0.0,0.0,0.0,0.0,0.0,0.0,0.0,-0.012761104505218654,0.0,0.0,0.0,0.0,0.0,-0.027121997621878714,0.0,0.0,0.0,0.0,-0.015695600475624256,0.0,0.0,0.0,0.0,0.0,0.0,0.0,0.0,0.0,0.0,-0.03720438631259083,0.0,0.0,0.0,0.0,0.0,0.0,0.0,0.0,0.0,0.0,0.0,0.0,-0.056583221033161574,0.0,0.0,0.0,0.0,0.0,0.0,0.0,0.0,0.0,0.0,0.0,0.0,0.0,0.0,0.0,0.0,0.0,0.0,0.0,0.0,0.0,0.0,0.0,0.0,0.0,0.0,0.0,0.0,0.0,0.0,0.0,0.0,0.0,0.0,-0.07266481701677897,-0.00012556480380499405,0.0,0.0,0.0,-0.0495190381820584,0.0,-3.7204386312590835e-05,0.0,0.0,0.0,0.0,0.0,0.0,0.0,0.0,0.0,0.0,0.0,0.0,0.0,0.03720438631259083,0.0,0.0,0.0,0.0,0.0,0.0,0.0,0.0005813185361342317,0.0,0.0,0.0,0.0,0.0,0.0,0.0,0.0,0.0,0.0,0.0,0.0,0.0,0.0,0.0,0.0,0.0,0.0,0.0,0.0,0.0,0.0,0.0,0.0,0.0,0.0,0.0,0.0,0.07266481701677897,0.0,0.0,0.0,0.0,0.0,0.031898110714757566,0.0,0.0,0.0,0.0,0.11342222222222222,0.0,0.0,0.0,0.0,0.12,0.003390249702734839,0.0,0.0,0.0,-0.10208883604174923,4.650548289073854e-06,0.0,-0.11342222222222222,0.0,0.0,-0.0015951380631523317,0.0,0.0,0.0,0.0,0.0,0.0,0.0,0.0,0.0,0.0,0.0,0.0,0.0,0.0,0.0,0.0,0.0,0.0,0.0,0.0,0.0,0.0,0.0,0.0,0.0,0.0,0.0,0.0,0.0,0.0,0.0,-0.004650548289073853,0.0,0.0,-0.010217254591095256,0.0,0.0,0.0,0.0,0.0,0.0,0.0,0.0,0.0,0.0,0.0,0.0,0.0,0.0,0.0,0.0,-0.0061898797727573,0.0,0.0,0.0,0.0,0.0,0.0,-0.008036147443519619,0.0,0.0,0.0,0.0,0.0,0.0,0.0,0.0,0.0,0.0,0.0,0.0,0.0,0.0,-0.0002976350905007267,0.0,0.0,0.0,0.0,0.010217254591095256,0.0,0.0,0.0,0.0,0.0,0.0,0.004650548289073853,0.0,0.0,0.0,0.0,0.0,0.0,0.0023810807240058135,0.0,0.0,0.09153674197384067,0.08173803672876205,0.0,0.0,0.0,0.0,0.0,0.0,0.0,0.0,0.0,0.0,0.0,0.027121997621878714,0.0,0.0,0.0,0.0,0.0,0.0,0.0,0.0,0.0,0.0,0.0,0.015695600475624256,0.0,0.0,-0.022848143744219843,0.0,0.0,0.0,-0.003390249702734839,0.0,0.0,0.0,0.0,0.0,0.0,0.0,0.0,0.0,0.0,0.0,0.0,0.0,0.0,0.0,0.0,0.0,0.10208883604174923,0.0,0.0,0.0,0.0
2017-12-31,0.0,0.0,0.0,0.0,0.0,0.0,0.0,0.0,0.0,0.0,0.0,0.0010045184304399524,0.0,0.0,0.0,0.0,0.0,0.0,0.0,-0.0015951380631523317,0.0,0.09153674197384067,0.0,0.0,0.027121997621878714,0.0,3.7204386312590835e-05,0.0,0.0,0.012761104505218654,0.0,0.0,0.056583221033161574,0.0,0.0,-0.0010045184304399524,0.0,0.0,0.0061898797727573,0.0,0.0,0.0,0.0,0.0,0.0,0.0,0.0,0.0,0.0,-0.008036147443519619,0.010217254591095256,4.650548289073854e-06,0.0,0.0,0.0,0.0,0.0,0.0,0.0,0.0,0.0,-0.015695600475624256,0.019048645792046508,0.0,0.0,0.0,0.0,0.0,0.0,0.0,0.0,0.0,0.0,0.0,0.0,0.0,0.0,0.0,0.004650548289073853,0.0,0.0,0.0,0.0,0.0,0.0,0.0,0.0,0.0,0.0,0.0,0.0,0.0,0.0,0.0,0.0,0.0,0.0,-0.003390249702734839,0.0,0.0,0.0,0.0,0.0,0.0,0.0,0.0,0.0,0.0,0.0,0.0,0.0,0.0,0.0,0.0,0.0,0.0,0.0,0.0,0.0005813185361342317,0.0,0.0,0.0,0.0015951380631523317,-0.019048645792046508,0.0,0.0,0.0,0.0,0.0,0.0,0.0,0.0,0.0,0.0,0.0,0.0,0.0,0.0,0.0,0.0,-0.07266481701677897,0.0,0.0,0.0,0.0,0.0,0.0,0.0,0.0,-4.650548289073854e-06,0.0,0.0,0.0,0.0,0.0,0.0,0.0,0.0,0.0002976350905007267,0.0,0.0,0.0,0.0,0.0,0.0,0.0,0.0,0.0,0.0,0.0,0.0,0.0,0.0,0.0,0.0,0.0,0.0,0.0,0.0,0.0,0.0,0.0,0.0,0.0,-0.08173803672876205,0.0,0.0,0.0,0.0,0.0,0.0,0.0,0.0,-0.031898110714757566,0.0,0.0,0.0,0.0,0.0,-0.00012556480380499405,0.0,0.0,0.0,0.0,-0.03720438631259083,0.0,0.0,0.0,0.0,0.0,0.0,0.0,0.0,0.0,0.0,0.0,0.0,0.0,0.0,0.0,0.0,0.0,0.0,0.0,0.0,0.0,0.0,0.0,-0.010217254591095256,0.0,0.0,0.0,0.0,0.0,0.0,0.0,0.0,0.0,0.0,0.0,0.0,0.0,0.0,0.0,0.0,0.0,0.0,0.0,0.0,0.0,0.0,0.0,0.0,0.0,0.0,0.0,0.0,0.0,0.0,0.0,0.0,0.0,0.0,-0.10208883604174923,-0.0005813185361342317,0.0,0.0,0.0,-0.12,0.0,-3.7204386312590835e-05,0.0,0.0,0.0,0.0,0.0,0.0,0.0,0.0,0.03720438631259083,0.0,0.0,0.0,0.0,0.0495190381820584,0.0,0.0,0.0,0.0,0.0,0.0,0.0,0.0023810807240058135,0.0,0.0,0.0,0.0,0.0,0.0,0.0,0.0,0.0,0.0,0.0,0.0,0.0,0.0,0.0,0.0,0.0,0.0,0.0,0.0,0.0,0.0,0.0,0.0,0.0,0.0,0.0,0.0,0.08173803672876205,0.0,0.0,0.0,0.0,0.0,0.0,0.0,0.0,0.0,0.0,0.07266481701677897,0.0,0.0,0.0,0.0,0.11342222222222222,0.04306872770511296,0.0,0.0,0.0,0.0,0.0,0.0,-0.056583221033161574,0.008036147443519619,0.0,-0.0061898797727573,0.0,0.0,0.0,0.0,0.0,0.0,0.0,0.0,0.0,0.0,0.0,0.0,0.0,0.0,0.0,0.0,0.0,0.0,0.0,0.0,0.0,0.0,0.0,0.0,0.0,0.0,0.0,0.0,0.0,0.0,0.00012556480380499405,-0.0023810807240058135,0.0,0.0,-0.09153674197384067,0.0,0.0,0.0,0.0,0.0,0.0,0.0,0.0,0.0,0.0,0.0,0.0,0.0,0.0,0.0,0.0,-0.012761104505218654,-0.027121997621878714,-0.04306872770511296,0.0,0.0,0.0,0.0,-0.0495190381820584,0.0,0.0,0.0,0.0,0.0,0.0,0.0,0.0,0.0,0.0,0.0,0.0,0.0,0.0,-0.004650548289073853,0.0,0.0,0.0,0.0,0.015695600475624256,0.0,-0.11342222222222222,0.0,0.0,0.0,0.0,0.0,0.0,0.0,0.0,0.0,0.0,0.0,0.0,0.0,0.0,0.10208883604174923,0.06428917954815695,0.0,0.0,0.0,0.0,0.0,0.0,-0.06428917954815695,-0.022848143744219843,0.0,0.0,0.0,0.022848143744219843,0.0,0.0,0.0,0.0,0.0,0.0,0.0,0.0,0.0,0.0,0.0,0.031898110714757566,0.0,0.0,0.0,0.0,0.0,0.0,-0.0002976350905007267,0.0,0.0,0.0,0.0,0.0,0.0,0.0,0.0,0.0,0.0,0.0,0.0,0.0,0.0,0.0,0.0,0.0,0.12,0.0,0.0,0.003390249702734839,0.0
2018-01-31,0.0,0.0,0.0,0.0,0.0,0.0,0.0,0.0023810807240058135,0.0,0.0,0.0,0.0,0.0,0.0,0.0,0.0,0.0,0.0,0.0,-0.022848143744219843,0.0,0.11342222222222222,0.0,0.0,4.650548289073854e-06,0.0,0.0,0.0,0.0,0.0,0.0,0.0,0.09153674197384067,0.0,0.0,-3.7204386312590835e-05,0.0,0.0,0.0010045184304399524,0.0,0.0,0.0,0.0,0.0,0.0,0.0,0.0,-0.08173803672876205,0.0,-0.056583221033161574,0.019048645792046508,0.0,0.0,0.0,0.0,0.0,0.0,0.0,0.0,0.0,0.0,-0.00012556480380499405,0.022848143744219843,0.0,0.0,0.0,0.0,0.0,0.0,0.0,0.0,0.0,0.0,-0.027121997621878714,0.0,0.0,0.0,0.0,0.004650548289073853,0.0,0.0,0.0,0.00012556480380499405,0.0,0.0,0.0,0.0,0.0,0.0,0.0,0.0,0.0,0.0,0.0,0.0,0.0,0.0,-0.0023810807240058135,0.0,0.0,0.003390249702734839,0.0,0.0,0.0,0.0,0.0,0.0,0.0,0.0,0.0,0.0,0.0,0.0,0.0,0.0,0.0,0.0,0.0,0.0,0.0,0.0,0.0,0.031898110714757566,0.0,0.0,0.0,0.0,0.0,0.0,0.0,0.0,0.0,0.0,0.0,0.0,0.012761104505218654,0.0,0.0,0.0,0.0,0.0,0.0,0.0,0.0,0.0,0.0,0.0,0.0,-0.008036147443519619,0.0,0.0,0.0,0.0,0.0,0.0,0.0,0.0,0.0,0.0,0.0,0.0,0.0,0.0,-0.015695600475624256,0.0,0.0,0.0,0.0,0.0,0.0,0.0,0.0,0.0,0.0,0.0,0.0,0.0,0.0,0.0,0.0,0.0,0.0,0.0,0.0,0.0,0.0,0.0,0.0,0.0,0.0,0.0,0.0,0.0,0.0,0.06428917954815695,0.0,0.0,0.0,0.0,-4.650548289073854e-06,0.0,0.0,0.0,0.0,0.0,0.0,0.0,0.0,0.0,0.0,0.0,0.0,0.0,0.0,0.0,0.0,-0.004650548289073853,0.0,0.0,0.0,0.0,0.0,0.0,0.0,0.0,0.0,0.0,0.0,0.0,0.0,0.0,0.0,0.0,0.0,0.0,0.0,0.0,0.0,0.0,0.0,0.0,0.0,0.0,0.0,0.0,0.0,0.0,0.0,0.0,0.008036147443519619,0.0,0.0,0.0,0.0,0.0,0.0,-0.019048645792046508,0.0,0.0,0.0,0.0,0.0,0.0,0.0,-0.0010045184304399524,0.0,0.0,0.0,-0.0015951380631523317,0.0,-0.031898110714757566,0.0,0.0,0.0,0.0,0.0,0.0,0.0,0.0,0.0,0.0,0.0,0.0,0.0,0.015695600475624256,0.0,0.0,0.0,0.0,0.0,0.0,0.0,0.0,0.0,0.0,0.0,0.0,0.0,0.0,0.0,0.0,0.0,0.0,0.0,0.0,0.0,0.0,0.0,-0.07266481701677897,0.0,0.0,-0.10208883604174923,0.0,0.0,0.0,0.0,0.0,0.0,0.0,0.0,0.0,0.056583221033161574,0.0,0.0,0.0,0.0,0.0,0.0,0.0,0.0,0.0,0.0,0.10208883604174923,0.0,0.0,0.0,0.0,0.08173803672876205,0.03720438631259083,0.0,0.0,0.0,0.0,0.0,0.0,-0.012761104505218654,0.0015951380631523317,0.0,-0.03720438631259083,0.0,0.0,0.0,0.0,0.0,0.0,0.0,0.0,0.0,0.0,0.0,0.0,0.0,0.010217254591095256,0.0,0.0,0.0,0.0,0.0,0.0,0.0,0.04306872770511296,0.0,0.0,0.0,0.0,-0.12,0.0,0.0,0.0,0.027121997621878714,0.0,0.0,0.0,0.0,0.0,0.0,0.0,0.0,0.0,0.0,0.0,0.0,0.0,0.0,0.0,0.0,0.0002976350905007267,0.0,0.0,0.0,0.0,-0.0005813185361342317,-0.010217254591095256,0.0,0.0,0.0,0.0,0.0,0.0,0.0,0.0,0.0,0.0,0.0,0.0,0.0,0.0,0.0,0.0,0.0,0.0,0.0,-0.003390249702734839,0.0,0.0,0.0,0.0,0.0005813185361342317,0.0,-0.0061898797727573,0.0,0.0,0.0,0.0,0.0,0.0,-0.0495190381820584,0.0,0.0,0.0,0.0,3.7204386312590835e-05,0.0,0.0,0.0495190381820584,0.07266481701677897,0.0,0.0,0.0,-0.09153674197384067,0.0,0.0,-0.06428917954815695,-0.04306872770511296,0.0,0.0,0.0,0.0,0.0,0.0,0.0,0.0,0.0,0.0,0.0,0.0,0.0,0.0,0.0,0.0061898797727573,0.0,0.0,0.0,0.0,-0.11342222222222222,0.0,-0.0002976350905007267,0.0,0.0,0.0,0.0,0.0,0.0,0.0,0.0,0.0,0.0,0.0,0.0,0.0,0.0,0.0,0.0,0.0,0.12,0.0,0.0,0.0,0.0
2018-02-28,0.0,0.0,0.0,0.0,0.0,0.0,0.0,0.0002976350905007267,0.0,-0.031898110714757566,0.0,0.0,0.0,0.0,0.0,0.0,-0.08173803672876205,0.0,0.0,0.0,0.0,0.09153674197384067,0.0,0.0,0.0,0.0,0.0,0.0,0.0,0.0,0.0,0.0,0.10208883604174923,0.0,0.0,-3.7204386312590835e-05,0.0,0.0,0.0061898797727573,0.0,0.0,0.0,0.0,0.0,0.0,0.0,0.0,0.0,0.0,-0.056583221033161574,0.022848143744219843,0.0,0.0,0.0,0.0,0.0,0.0,0.0,0.0,0.0,0.0,-0.00012556480380499405,0.04306872770511296,0.0,0.0,0.0,0.0,0.0,0.0,0.0,0.0,0.0,0.0,-0.019048645792046508,0.0,0.0,0.0015951380631523317,0.0,3.7204386312590835e-05,0.0,0.0,0.0,0.0,0.0,0.0,0.0,0.0,0.0,0.0,0.0,0.0,-0.008036147443519619,0.0,0.0,0.0,0.0,0.0,-0.0015951380631523317,0.0,0.0,0.003390249702734839,0.0,0.0,0.0,0.0,0.0,0.0,0.0,0.0,0.0,0.0,0.0,0.0,0.0,0.0,0.0,0.0,0.0,0.0,0.0,0.0,0.0,0.08173803672876205,0.0,0.0,0.0,0.0,0.0,0.0,0.0,0.0,0.0,0.0,0.0,0.0,0.012761104505218654,0.0,0.0,0.0,0.0,-0.06428917954815695,0.0,0.0,0.0,0.0,0.0,0.0,0.0,-0.10208883604174923,0.0,0.0,0.0,0.0,0.0,0.0,0.0,-0.07266481701677897,0.0,0.0,0.0,0.0,0.0,0.0,-0.010217254591095256,0.0,0.0,0.0,0.0,0.0,0.0,0.0,0.0,0.0,0.0,0.0,0.0,0.0,0.0,0.0,0.0,0.0,0.0,0.0,0.0,-0.03720438631259083,0.0,0.0,0.0,0.0,0.0,0.0,0.0,0.0,0.0,0.07266481701677897,0.0,0.0,0.0,0.0,-4.650548289073854e-06,0.0,0.0,0.0,0.0,0.0,0.0,0.0,0.0,0.0,0.0,0.0,0.0,0.0,0.0,0.0,0.0,0.0,0.0,0.0,0.0,0.0,0.0,0.0,0.0,0.0,0.0,0.0,0.0,0.0,-0.0495190381820584,0.0,0.0,0.0,0.0,0.0,0.0,0.0,0.0,0.0,0.0,0.0,0.0,0.0,0.0,0.0,0.0,0.0,0.0,0.0,0.0010045184304399524,0.0,0.0,0.0,0.0,0.0,0.0,0.0,0.0,0.0,0.0,0.0,0.0,0.0,-0.04306872770511296,-0.0010045184304399524,0.0,0.0,0.0,-0.027121997621878714,0.0,-0.0061898797727573,0.0,0.0,0.0,0.0,0.0,0.0,0.0,0.0,0.0,0.0,0.0,0.0,0.0,0.004650548289073853,0.0,0.0,0.0,0.0,0.0,0.0,0.0,0.0,0.0,0.0,0.0,0.0,0.0,0.0,0.0,0.0,0.0,0.0,0.0,0.0,0.0,0.0,0.0,-0.09153674197384067,0.0,0.0,0.0,0.0,0.0,0.0,0.0,0.0,0.0,0.0,0.0,0.0,0.027121997621878714,0.0,0.0,0.0,0.0,0.0,0.0,0.0,0.0,0.0,0.0023810807240058135,0.11342222222222222,0.0,0.0,0.0,0.0,0.019048645792046508,0.056583221033161574,0.0,0.0,0.0,0.0,0.0,0.0,-0.015695600475624256,4.650548289073854e-06,0.0,-0.012761104505218654,0.0,0.0,0.0,0.0,0.0,-0.0005813185361342317,0.0,0.0,0.0,0.0,0.0,0.0,0.0,0.008036147443519619,0.0,0.0,0.0,0.0,0.0,0.0,0.0,0.015695600475624256,0.0,0.0,0.0,0.0,-0.12,0.0,0.0,0.0,0.010217254591095256,0.0,0.0,0.0,0.0,0.0,0.0,0.0,0.0,0.0,0.0,0.0,0.0,0.0,0.0,0.0,0.0,0.0,0.0,0.0,0.0,0.0,-0.003390249702734839,-0.0002976350905007267,0.0,0.0,0.0,0.0,0.0,0.0,0.0,0.0,0.0,0.0,0.0,0.0,0.0,0.0,0.0,0.0,0.0,0.0,0.0,-0.004650548289073853,0.0,0.0,0.0,0.0,0.0005813185361342317,0.0,0.0,0.0,0.00012556480380499405,0.0,0.0,0.0,0.0,0.0,0.0,0.0,0.0,0.0,0.0,0.0,0.0,0.03720438631259083,0.06428917954815695,0.0,0.0,0.0,-0.11342222222222222,0.0,0.0,0.0,-0.022848143744219843,0.0,0.0,0.0,0.0,0.0,0.0,0.0,0.0,0.0,0.0,0.0,0.0,0.0,0.0,0.0,0.0495190381820584,0.0,0.0,0.0,0.0,0.0,0.0,-0.0023810807240058135,0.0,0.0,0.0,0.0,0.0,0.0,0.0,0.0,0.0,0.0,0.0,0.0,0.0,0.031898110714757566,0.0,0.0,0.0,0.12,0.0,0.0,0.0,0.0
2018-03-31,0.0,0.0,0.019048645792046508,0.0,0.0,0.0,0.0,0.003390249702734839,0.0,0.0,0.0,0.0,0.0,0.0,0.0,0.0,0.0,0.0,0.0,0.0,0.0,0.10208883604174923,0.0,0.0,0.0,0.0,0.0,0.0,0.0,0.0,0.0,0.004650548289073853,0.11342222222222222,0.0,0.0,-0.0010045184304399524,0.0,0.0,0.0061898797727573,0.0,0.0,0.0,0.0,0.0,0.0,0.0,0.0,0.0,0.0,0.0,0.056583221033161574,0.0,0.0,0.0,0.0,0.0,0.0,0.0,0.0,0.0,0.0,-0.0002976350905007267,0.04306872770511296,0.0,0.0,0.0,0.0,0.0,0.0,0.0,0.0,0.0,0.0,0.0,0.0,0.0,0.0005813185361342317,0.0,0.0,0.0,0.0,0.0,0.0002976350905007267,0.0,0.0,0.0,0.0,0.0,0.0,0.0,0.0,-0.012761104505218654,0.0,0.0,0.0,0.0,0.0,-0.0015951380631523317,0.0,0.0,0.0,0.0,0.0,0.0,0.0,0.0,0.0,0.0,0.0,0.0,0.0,0.0,0.0,0.0,0.0,0.0,0.0,0.00012556480380499405,0.0,0.0,0.0,0.0,0.07266481701677897,0.0,0.0,0.0,0.0,0.0,0.0,0.0,0.0,0.0,0.0,0.0,0.0,0.0,0.0,0.0,0.0,0.0,-0.004650548289073853,0.0,0.0,0.0,0.0,0.0,0.0,0.0,-0.11342222222222222,-0.0061898797727573,0.0,0.0,0.0,0.0,0.0,0.0,-0.027121997621878714,0.0,0.0,0.0,0.0,0.0,0.0,-0.019048645792046508,0.0,0.0,0.0,0.0,0.0,0.0,0.0,0.0,0.0,0.0,0.0,0.0,0.0,0.0,0.0,0.0,0.0,0.0,0.0,0.0,0.0,0.0,0.0,0.0,0.0,0.0,0.0,0.0,0.0,-0.015695600475624256,0.06428917954815695,0.0,0.0,0.0,0.0,-4.650548289073854e-06,0.0,0.0,0.0,0.0,0.0,0.0,0.0,0.0,0.0,0.0,0.0,0.0,0.0,0.0,0.0,0.0,0.0,0.0,0.0,0.0,0.0,0.0,0.0,0.0,0.0,0.0,0.0,0.0,0.0,0.0,0.0,0.0,0.0,0.0,0.0,0.0010045184304399524,0.0,0.0,0.0,0.0,0.0,-0.0005813185361342317,0.0,0.0,0.0,0.0,0.0,0.0,0.0,0.010217254591095256,0.0,0.0,0.0,0.0,0.0,0.0,-0.04306872770511296,0.0,0.0,0.0,0.0,0.0,0.0,-0.022848143744219843,-3.7204386312590835e-05,0.0,0.0,0.0,-0.0023810807240058135,0.0,0.0,0.0,0.0,0.0,0.0,0.0,0.0,0.0,0.0,0.0,0.0,0.0,0.0,0.0,3.7204386312590835e-05,0.0,0.0,0.0,0.0,0.0,0.0,0.0,0.0023810807240058135,0.0,0.0,0.0,0.0,0.0,0.0,0.0,0.0,0.0,0.0,0.0,0.0,0.0,0.0,0.0,-0.07266481701677897,0.0,0.0,0.0,0.0,0.0,0.0,0.0,0.0,0.0,0.0,0.0,0.0,0.012761104505218654,0.0,0.0,0.0,0.0,0.0,0.03720438631259083,0.0,0.0,0.0,0.0,0.0,0.0,0.0,0.0,0.0,0.09153674197384067,4.650548289073854e-06,0.0,0.0,0.0,-0.09153674197384067,0.0,0.0,-0.06428917954815695,0.022848143744219843,0.0,0.0,0.0,0.0,0.0,0.0,0.0,-0.00012556480380499405,0.0,0.0,0.0,0.0,0.0,0.0,0.0,0.0,0.0,0.0,0.0,0.0,0.0,0.0,0.0,0.015695600475624256,0.0,0.0,0.0,-0.12,-0.031898110714757566,0.0,0.0,0.0,0.0495190381820584,0.0,0.0,0.0,-0.10208883604174923,0.0,0.0,0.0,0.0,0.0,0.0,0.0,0.0,0.0,0.0,0.0,0.0,0.0,0.0,0.0,0.0,0.0,-0.0495190381820584,-0.008036147443519619,0.0,0.0,0.0,0.0,-0.08173803672876205,0.0,0.0,0.0,0.0,0.0,0.0,0.0,0.0,0.0,0.0,0.0,0.0,0.0,0.0,-0.010217254591095256,0.0,0.0,0.0,0.0,0.0,0.0,0.0,0.0,0.008036147443519619,0.0,0.0,0.0015951380631523317,0.0,-0.056583221033161574,0.0,0.0,0.0,0.0,0.0,0.0,0.0,0.031898110714757566,0.08173803672876205,0.0,0.0,0.0,0.0,0.0,0.0,0.0,-0.003390249702734839,0.0,0.0,0.0,0.0,0.0,0.0,0.0,0.0,0.0,0.0,0.0,0.0,0.0,0.0,0.0,0.027121997621878714,0.0,0.0,0.0,0.0,0.0,0.0,-0.03720438631259083,0.0,0.0,0.0,0.0,0.0,0.0,0.0,0.0,0.0,0.0,0.0,0.0,0.0,0.0,0.0,0.0,0.0,0.12,0.0,0.0,0.0,0.0
2018-04-30,0.0,0.0,0.04306872770511296,0.0,0.0,0.0,0.0,0.004650548289073853,0.0,0.0,0.0,0.0,0.0,0.0,0.0,0.0,0.0,0.0,0.0,0.0,0.0,0.11342222222222222,0.0,0.0,0.0,0.0,0.0,0.0,0.0,0.0,0.0,0.010217254591095256,0.08173803672876205,0.0,0.0,-0.0015951380631523317,0.0,0.0,0.0,0.0,0.0,0.0,0.0,0.0,0.0,0.0,0.0,0.0,0.0,0.0,0.056583221033161574,0.0,0.0,0.0,0.0010045184304399524,0.0,0.0,0.0,0.0,0.0,0.0,-0.0002976350905007267,0.0,0.0,0.0,0.0,0.0,0.0,0.0,0.0,0.0,0.0,0.0,0.0,0.0,0.0,0.0,0.0,0.0,0.0,0.0,0.0,0.0,0.0,0.0,0.0,0.0,0.0,0.0,0.0,0.0,0.0,0.0,0.0,0.0,0.0,0.0,-0.022848143744219843,0.0,0.0,0.0,0.0,0.0,0.0,0.0,0.0,0.0,0.0,0.0,0.0,0.0,0.0,0.0,0.0,0.0,0.0,0.0,0.0015951380631523317,0.0,0.0,0.0,0.0,0.09153674197384067,0.0,0.0,0.0,0.0,0.0,0.0,0.0,0.0,0.008036147443519619,0.0,0.0,0.0,0.0,0.0,0.0,0.0,0.0,-0.0010045184304399524,0.0,0.0,0.0,0.0,0.0,0.0,0.0,-0.003390249702734839,-0.04306872770511296,0.0,0.0,0.0,0.0,0.0,0.0,-0.027121997621878714,0.0002976350905007267,0.0,0.0,0.0,0.0,0.0,-0.06428917954815695,0.0,0.0,0.0,0.0,0.0,0.0,0.0,0.0,0.0,0.0,0.0,0.0,0.0,0.0,0.0,0.0,0.0,0.0,0.0,0.0,0.0,0.0,0.0,0.0,0.0,0.0,0.0,0.0,0.0,-0.056583221033161574,0.03720438631259083,0.0,0.0,0.0,0.0,-4.650548289073854e-06,0.0,0.0,0.0,0.0,0.0,0.0,0.0,0.0,0.0,0.0,0.0,0.0,0.0,0.0,0.0,0.0,0.0,0.0,0.0,0.0,0.0,0.0,0.0,0.0,0.0,0.0,0.0,0.0,0.0,-0.010217254591095256,0.0,0.0,0.0,0.0,0.0,0.031898110714757566,0.0,0.0,0.0,0.0,0.0,-0.00012556480380499405,0.0,0.0,0.0,0.0,0.0,0.0,0.0,0.0023810807240058135,0.0,0.0,0.0,0.0,0.0,0.0,0.0,0.0,0.0,0.0,0.0,0.0,0.0,-0.004650548289073853,-0.0005813185361342317,0.0,0.0,-0.09153674197384067,-0.015695600475624256,0.0,0.0,0.0,0.0,0.0,0.0,0.0,0.0,0.0,0.0,0.0,0.0,0.0,0.0,0.0,0.00012556480380499405,0.0,0.0,0.0,0.0,0.0,0.0,-0.11342222222222222,4.650548289073854e-06,0.0,0.0,0.0,0.0,0.0,0.0,0.0,0.0,0.0,0.0,0.0,0.0,0.0,0.0,0.0,0.0,0.0,0.0,-0.07266481701677897,0.0,0.0,0.0,0.0,0.0,0.0,0.0,0.0,0.0,0.06428917954815695,0.0,0.0,0.0,0.0,0.0,0.07266481701677897,0.0,0.0,0.0,0.012761104505218654,0.0005813185361342317,0.0,0.0,0.0,0.0,0.10208883604174923,0.0,0.0,0.0,0.0,-0.0495190381820584,0.0,0.0,0.0,0.0,0.0,0.0,0.0,0.0,0.0,0.0,0.0,-3.7204386312590835e-05,0.0,0.0,0.0,0.0,0.0,0.0,0.0,0.0,0.0,0.0,0.0,0.0,0.0,0.0,0.0,0.0061898797727573,0.0,-0.031898110714757566,0.0,0.0,-0.03720438631259083,0.0,0.0,0.0,0.027121997621878714,0.0,0.0,0.0,-0.10208883604174923,0.0,0.0,0.0,0.0,0.0,0.0,0.0,0.0,0.0,0.0,0.0,0.0,0.0,0.0,0.0,0.0,0.0,-0.08173803672876205,-0.0023810807240058135,0.0,0.0,0.0,0.0,0.0,0.0,0.0,0.0,0.0,0.0,0.0,0.0,0.0,0.0,0.0,0.0,0.0,0.0,0.0,-0.008036147443519619,0.0,0.0,0.0,0.0,3.7204386312590835e-05,0.0,0.0,0.0,0.019048645792046508,0.0,0.0,0.022848143744219843,0.0,0.0,0.0,0.0,0.0,0.0,0.0,0.0,0.0,0.0,0.0495190381820584,0.0,0.0,0.0,0.0,0.0,0.0,0.0,-0.0061898797727573,0.0,0.0,0.0,0.0,0.0,0.0,0.0,0.0,0.0,0.0,0.0,0.0,0.0,0.0,0.0,0.015695600475624256,0.0,-0.012761104505218654,0.0,0.0,0.0,0.0,-0.12,0.0,0.0,0.0,-0.019048645792046508,0.0,0.0,0.0,0.0,0.0,0.0,0.0,0.0,0.0,0.003390249702734839,0.0,0.0,0.0,0.12,0.0,0.0,0.0,0.0
2018-05-31,0.0,0.0,0.0,0.0,0.0,0.0,0.0,0.003390249702734839,0.0,0.0,0.0,0.0,0.0,0.0,0.0,0.0,0.0,0.0,0.0,0.0,0.0,0.09153674197384067,0.0,0.0,0.0,0.0,-0.010217254591095256,0.0,0.0,0.0,0.0,0.0015951380631523317,0.056583221033161574,0.0,0.0,-0.07266481701677897,0.0,0.0,0.0,0.0,0.0,0.0,0.0,0.0,0.0,0.0,0.0,0.022848143744219843,0.0,0.0,0.04306872770511296,0.0,0.0,0.0,0.0,0.0,0.0,0.0,0.0,0.0,0.0,-0.0002976350905007267,0.0,0.0,0.0,0.0,4.650548289073854e-06,0.0,0.0,0.0,0.0,0.0,0.0,-0.0495190381820584,0.0,0.0,0.0002976350905007267,0.0,0.0,0.0,0.0,0.0,0.0,0.0,0.0,0.0,0.0,0.0,0.0,0.0,0.0,0.0,0.0,0.0,0.0,0.0,0.0,-0.0061898797727573,0.0,0.0,0.0,0.0,0.0,0.0,0.0,0.0,0.0,0.0,0.0,0.0,0.0010045184304399524,0.0,0.0,0.0,0.0,0.0,0.0,0.010217254591095256,0.0,0.0,0.0,0.0,0.11342222222222222,-0.09153674197384067,0.0,0.0,0.0,0.0,0.0,0.0,0.0,0.0,0.0,0.0,0.0,0.0,0.0,0.0,0.0,0.0,-0.015695600475624256,0.0,0.0,0.0,0.0,0.0,0.0,0.0,-0.06428917954815695,0.0,0.0,0.0,0.0,0.0,0.0,0.0,-0.10208883604174923,0.015695600475624256,0.0,0.0,0.0,0.0,0.0,-0.012761104505218654,0.0,0.0,0.0,0.0,0.0,0.0,0.0,0.0,0.0,0.0,0.0,0.0,0.0,0.0,0.0,0.0,0.0,0.0,0.0,0.0,0.0,0.0,0.0,0.0,0.0,0.0,0.0,0.0,0.0,0.0,0.10208883604174923,0.0,0.0,0.0,0.0,-4.650548289073854e-06,0.0,-0.11342222222222222,0.0,0.0,-0.027121997621878714,0.0,0.0,0.0,0.0,0.0,0.0,0.0,0.0,0.0,0.0,0.0,0.0,0.0,0.0,0.0,0.0,0.0,0.0,0.0,0.0,0.0,0.0,0.0,0.0,-0.019048645792046508,0.0,0.0,0.0,0.0,0.0,0.0495190381820584,0.0,0.0,0.0,0.0,0.0,-3.7204386312590835e-05,0.0,0.0,0.0,0.0,0.0,0.0,0.0,0.0005813185361342317,0.0,0.0,0.0,0.0,0.0,0.0,0.0,0.0,0.0,0.0,0.0,0.0,0.0,-0.0015951380631523317,-0.0005813185361342317,0.0,0.0,-0.12,-0.0023810807240058135,0.0,0.0,0.0,0.0,0.0,0.0,0.0,0.0,0.0,0.0,0.0,0.0,0.0,0.0,0.0,0.00012556480380499405,0.008036147443519619,0.0,0.0,0.0,0.0,0.0,0.0,0.0,0.0,0.0,0.0,0.0,0.0,0.0,0.0,0.0,0.0,0.0,0.0,0.0,0.0,0.0,0.0,0.0,0.0,0.0,0.0,0.0,0.0,0.0,0.0,0.0,0.0,0.0,0.0,0.0,0.027121997621878714,0.0,0.0,0.0,0.0,0.0,0.07266481701677897,0.0,0.0,0.0,0.03720438631259083,0.012761104505218654,0.0,0.0,0.0,0.0,0.08173803672876205,0.0,0.0,0.0,0.0,0.0,0.004650548289073853,0.0,0.0,3.7204386312590835e-05,0.0,0.0,0.0,0.0,0.0,0.0,0.0,-0.00012556480380499405,0.0,0.0,0.0,0.0,0.0,0.0,0.0,0.0,0.0,0.0,0.0,0.0,0.0,0.0,0.0,0.06428917954815695,0.0,-0.022848143744219843,0.0,0.0,-0.004650548289073853,0.0,0.0,0.0,0.019048645792046508,0.0,0.0,0.0,0.0,0.0,0.0,0.0,0.0,0.0,0.0,0.0,0.0,0.0,0.0,0.0,0.0,0.0,0.0,0.0,0.0,0.0,0.0,-0.0010045184304399524,0.0,0.0,0.0,0.0,0.0,0.0,0.0,0.0,0.0,0.0,0.0,0.0,0.0,0.0,0.0,0.0,0.0,0.0,0.0,-0.031898110714757566,0.0,0.0,0.0,0.0,0.0,0.0,0.0,0.0,0.0023810807240058135,0.0,0.0,0.031898110714757566,0.0,-0.056583221033161574,0.0,0.0,0.0,0.0,0.0,0.0,0.0,0.0,0.0061898797727573,0.0,0.0,0.0,0.0,0.0,0.0,0.0,-0.003390249702734839,0.0,0.0,0.0,0.0,0.0,0.0,0.0,-0.08173803672876205,0.0,0.0,0.0,0.0,0.0,0.0,0.0,0.0,0.0,-0.03720438631259083,0.0,0.0,0.0,0.0,-0.008036147443519619,0.0,0.0,0.0,-0.04306872770511296,0.0,0.0,0.0,0.0,0.0,0.0,0.0,0.0,0.0,0.0,0.0,0.0,0.0,0.12,0.0,0.0,0.0,0.0
2018-06-30,0.0,0.0,0.0,0.0,0.0,-0.031898110714757566,0.0,0.0015951380631523317,0.0,0.0,0.0,0.0,0.0,0.0,0.0,0.0,0.0,0.0,0.0,0.0,0.0,0.04306872770511296,0.0,0.0,0.0,0.0,0.0,0.0,0.0,0.0,0.0,0.004650548289073853,0.03720438631259083,0.0,0.0,0.0,0.0,0.0,0.0,0.0,0.0,0.0,0.0,0.0,0.0,0.0,0.0,0.015695600475624256,0.0,0.0,0.027121997621878714,0.0,0.0,0.0,0.0,0.0,-0.11342222222222222,0.0,0.0,0.0,0.0,0.0,0.0,0.0,0.0,0.0,0.0,0.0,0.0,0.0,0.0,0.0,0.0,0.0,0.0,0.0,0.0,0.0,0.0,0.0,0.0,0.0,0.0,0.0,0.0,0.0,0.0,0.0,0.0,-0.019048645792046508,0.0,0.0,0.0,0.0,0.0,-0.04306872770511296,0.0,0.0,0.0,0.0,0.0,0.0,0.0,0.0,0.0,0.0,0.0,0.0,0.0,0.0,0.0010045184304399524,0.0,0.0,0.0,0.0,0.0,0.0,0.0,0.0,0.0,0.0,0.0,0.12,0.0,0.0,0.0,0.0,0.0,0.0,0.0,0.0,0.0,0.0,0.0,0.0,0.0,0.0,0.0,0.0,0.0,-0.008036147443519619,0.0,0.0,0.0,0.0,0.0,0.0,0.0,0.0,0.0,0.0,0.0,0.0,0.0,0.0,0.0,-0.09153674197384067,0.003390249702734839,0.0,0.0,0.0,0.0,0.0,-0.12,0.0,0.0,0.0,0.0,0.0,0.0,0.0,0.0,0.0,0.0,0.0,0.0,0.0,0.0,0.0,0.0,0.0,0.0,0.0,0.0,0.0,0.0,0.0,0.0,0.0,0.0,-0.10208883604174923,0.0,0.0,0.0,0.10208883604174923,0.0,0.0,0.0,0.0005813185361342317,-4.650548289073854e-06,0.0,0.0,0.0,0.0,-0.010217254591095256,0.0,0.0,0.0,0.0,0.0,0.0,0.0,0.0,0.0,0.0,0.0,0.0,0.0,0.0,0.0,0.0,0.0,0.0,0.0,0.0,0.0,0.0,0.0,0.0,0.0,0.0,0.0,0.0,0.0,-0.0002976350905007267,0.07266481701677897,0.0,0.0,0.0,0.0,0.0,-3.7204386312590835e-05,0.0,0.0,0.0,0.0,0.0,0.0,0.0,4.650548289073854e-06,0.0,0.0,0.0,0.0,0.0,0.0,-0.056583221033161574,0.0,0.0,0.0,0.0,0.0,0.0,-0.00012556480380499405,-0.003390249702734839,0.0,0.0,-0.027121997621878714,-0.012761104505218654,0.0,0.0,0.0,0.0,0.0,0.0,0.0,0.0,0.0,0.0,0.0,0.0,0.0,0.0,0.0,0.0,0.056583221033161574,0.0,0.0,0.0,0.0,0.0,0.0,0.0,0.0,0.0,0.0,0.0,0.0,0.0,0.0,0.0,0.0,0.0,0.0,0.0,0.0,0.0,-0.03720438631259083,0.0,0.0,0.0,0.0,0.0,0.0,0.0,0.0,0.0,0.0,0.0,0.0,0.0,0.0061898797727573,0.0,0.0,0.0,0.0,0.0,0.08173803672876205,0.0,0.0,0.0,0.008036147443519619,0.0495190381820584,0.0,0.010217254591095256,0.0,0.0,0.09153674197384067,0.0,0.0,0.0,0.0,0.0,0.0,0.0,0.0,3.7204386312590835e-05,0.0,0.0,0.0,0.0,0.012761104505218654,0.0,0.0,-0.0005813185361342317,0.0,0.0,0.0,0.0,-0.08173803672876205,0.0,0.0,0.0,0.0,0.0,0.0,-0.004650548289073853,0.0,0.0,0.0,0.06428917954815695,0.0,-0.015695600475624256,0.0,0.0,-0.0010045184304399524,0.0,0.0,0.0,0.0,0.0,0.0,0.0,0.0,-0.022848143744219843,0.0,0.0,0.0,0.0,0.0,0.0,0.0,0.0,0.0,0.0,0.0,0.0,0.0,0.0,0.0,0.0,0.0,-0.0023810807240058135,0.0,0.0,0.0,0.0,0.0,0.0,0.0,0.0,0.0,0.0,0.0,0.0,0.00012556480380499405,0.0,0.0,0.0,0.0,0.0,0.0,-0.0015951380631523317,0.0,0.0,0.0,0.0,0.0,0.0,0.0,0.0,0.031898110714757566,0.0,0.0,0.022848143744219843,0.0,0.0,0.0,0.0002976350905007267,0.0,0.0,0.0,0.0,0.0,0.0,0.0023810807240058135,0.0,0.0,0.0,0.0,0.0,0.0,0.0,0.0,0.0,0.0,0.0,0.0,0.0,0.0,0.0,-0.0495190381820584,0.019048645792046508,0.0,0.0,0.0,0.0,0.0,0.0,0.0,0.0,-0.06428917954815695,0.0,0.0,0.0,0.0,-0.07266481701677897,0.0,0.0,0.0,-0.0061898797727573,0.0,0.0,0.0,0.0,0.0,0.0,0.0,0.0,0.0,0.0,0.0,0.0,0.0,0.11342222222222222,0.0,0.0,0.0,0.0
2018-07-31,0.0,0.0,0.0,0.0,0.0,-0.031898110714757566,0.0,0.003390249702734839,0.0,0.0,0.0,0.0,0.0,0.0,0.0,0.0,0.0,0.0,0.0,0.0,0.0,0.07266481701677897,0.0,0.0,0.0,0.0,0.0,0.0,0.0,0.0,0.0,4.650548289073854e-06,0.0005813185361342317,0.0,0.0,0.0,0.0,0.0,0.0,0.0,0.0,0.0,0.0,0.0,0.0,0.0,0.0,0.10208883604174923,0.0,0.0,0.019048645792046508,0.0,0.0,0.0,0.0,0.0,0.0,0.0,0.0,0.0,0.0,0.0,0.0,0.0,0.0,0.0,0.0,0.0,0.0,0.0,0.0,0.0,0.0,-0.0061898797727573,0.0,0.0,0.0,0.0,0.0,0.0,0.0,0.0,0.0,0.0,0.0,0.0,0.0,0.0,0.0,-0.015695600475624256,0.0,0.0,0.0,-0.11342222222222222,0.0,-0.010217254591095256,0.0,0.0,0.0,0.0,0.0,0.0,0.0,0.0,0.0,0.0,0.0,0.0,0.0,0.0,0.0015951380631523317,0.0,0.0,0.0,0.0,0.0,0.0,0.0,0.0,0.0,0.0,0.0,0.12,0.0,0.0,-0.07266481701677897,0.0,0.0,0.0,0.0,0.0,0.0,0.0,0.0,0.0,0.0,0.0,0.0,0.0,0.0,-0.0495190381820584,0.0,0.0,0.0,0.0,0.0,0.0,0.0,0.0,0.0,0.0,-0.022848143744219843,0.0,0.0,0.0,0.0,-0.04306872770511296,0.0,0.0,0.0,0.0,0.0,0.0,0.0,0.0,0.0,0.0,0.0,0.0,0.0,0.0,0.0,0.0,0.0,0.0,0.0,0.0,0.0,0.0,0.0,0.0,0.0,0.0,0.0,0.0,0.0,0.0,0.0,0.0,0.0,-0.056583221033161574,0.0,0.0,0.0,0.010217254591095256,0.0,0.0,0.0,0.0002976350905007267,-4.650548289073854e-06,0.0,-0.004650548289073853,0.0,0.0,-0.019048645792046508,0.0,0.0,0.0,0.0,0.0,0.0,0.0,0.0,0.0,0.0,0.012761104505218654,0.0,0.0,0.0,0.0,0.0,0.0,0.0,0.0,0.0,0.0,0.0,0.0,0.0,-0.008036147443519619,0.0,-0.03720438631259083,0.0,0.0,-0.0023810807240058135,0.03720438631259083,0.0,0.0,0.0,0.0,0.0,-3.7204386312590835e-05,0.0,0.0,0.0,0.0,0.0,0.0,0.0,0.0,0.0,0.0,0.0,0.0,0.0,0.0,-0.06428917954815695,0.0,0.0,0.0,0.0,0.0,0.0,-0.00012556480380499405,0.0,0.0,0.0,-0.027121997621878714,0.0,0.0,0.0,0.0,0.0,0.0,0.0,0.0,0.0,0.0,0.0,0.0,0.0,0.0,0.0,0.0,0.0,0.04306872770511296,0.0,0.0,0.0,0.0,0.0,0.0,0.0,0.0,0.0,0.0,0.0,0.0,0.0,0.0,0.0,0.0,0.0,0.0,0.0,0.0,0.0,-0.012761104505218654,0.0,0.0,0.0,0.0,0.0,0.0,0.0,0.0,0.0,0.0,0.0,0.0,0.0,0.022848143744219843,0.0,0.0,0.0,0.0,0.0,0.056583221033161574,0.0,0.0,0.0,0.00012556480380499405,0.0495190381820584,0.0,0.004650548289073853,0.0,0.0,0.008036147443519619,0.0,0.0,0.0,0.0,0.0,0.0061898797727573,0.0,0.0,3.7204386312590835e-05,0.0,0.0,0.0,0.0,0.0010045184304399524,0.0,0.0,-0.0002976350905007267,0.0,0.0,0.0,0.0,0.0,0.0,0.0,0.0,0.0,0.0,0.0,-0.0015951380631523317,0.0,0.0,0.0,0.06428917954815695,0.0,-0.003390249702734839,0.0,0.0,-0.10208883604174923,0.0,0.0,0.0,0.0,0.0,0.0,0.0,0.0,-0.0010045184304399524,0.0,0.0,0.031898110714757566,0.0,0.0,0.0,0.0,0.0,0.0,0.0,0.0,0.0,0.0,0.0,0.0,0.0,0.0,0.0,0.0,0.0,0.0,0.0,0.0,0.0,0.0,0.0,0.0,0.0,0.0,0.0,0.0,0.0,0.0,0.0,0.0,0.0,0.0,-0.0005813185361342317,0.0,0.0,0.0,0.0,0.0,0.0,0.0,0.0,0.11342222222222222,0.0,-0.08173803672876205,0.08173803672876205,0.0,0.0,0.0,0.0023810807240058135,0.0,0.0,0.0,0.0,0.0,0.015695600475624256,0.0,0.0,0.0,0.0,0.0,0.0,0.0,0.0,0.0,0.0,0.0,0.0,0.0,0.0,0.0,0.0,0.0,0.027121997621878714,0.0,0.0,0.0,0.0,0.0,0.0,0.0,0.0,0.0,0.0,0.0,0.0,0.0,-0.09153674197384067,0.0,0.0,0.0,-0.12,0.0,0.0,0.0,0.0,0.0,0.0,0.0,0.0,0.0,0.0,0.0,0.0,0.0,0.09153674197384067,0.0,0.0,0.0,0.0
2018-08-31,0.0,0.0,0.0,0.0,0.0,-0.056583221033161574,0.0,0.0061898797727573,0.0,0.0,0.0,0.0,0.0,0.0,0.0,0.0,0.0,0.0,0.0,0.0,0.0,0.07266481701677897,0.0,0.0,0.0,0.0,0.0,0.0,0.0,0.0,0.0,0.027121997621878714,0.008036147443519619,0.0,0.0,0.0,0.0,0.0,0.0,0.0,0.0,0.0,0.0,0.0,0.0,0.0,0.0,0.10208883604174923,0.0,0.0,0.022848143744219843,0.0,-0.07266481701677897,0.0,0.0,0.0,-0.008036147443519619,0.0,0.0,0.0,0.0,0.0,0.0,0.0,0.0,0.0,0.0,0.0,0.0,0.0,0.0,0.0,0.0,-0.0002976350905007267,0.0,0.0,0.0,0.0,0.0,0.0,0.0,0.0,0.0,0.0,0.0,0.0002976350905007267,0.0,0.0,0.0,0.0,0.0,0.0,0.0,0.0,0.0,0.0,0.0,0.0,-0.08173803672876205,0.0,0.0,0.0,0.0,0.0,0.0,0.0,0.0,0.0,0.0,0.0,0.015695600475624256,0.0,0.0,0.0,0.0,0.0,0.0,0.0,0.0,0.0,0.0,0.0,0.056583221033161574,-0.12,0.0,0.0,0.0,0.0,0.0,0.0,0.0,0.0005813185361342317,0.0,0.0,0.0,0.0,0.0,0.0,0.0,0.0,0.0,0.0,0.0,0.0,0.0,0.0,0.0,0.0,0.0,0.0,0.0,-0.0015951380631523317,0.0,0.0,0.0,0.0,-0.11342222222222222,0.0,0.0,0.0,0.0,0.0,0.0,0.0,0.0,0.0,0.0,0.0,0.0,0.0,0.0,0.0,0.0,0.0,-0.027121997621878714,0.0,0.0,0.0,0.0,0.0,0.0,0.0,0.0,0.0,0.0,0.0,0.0,0.0,0.0,0.0,0.0,0.0,0.0,0.0,0.0,0.00012556480380499405,0.0,0.0,3.7204386312590835e-05,-4.650548289073854e-06,0.0,-0.003390249702734839,0.0,0.0,-0.03720438631259083,0.0,0.0,0.0,0.0,0.0,0.0,0.0,0.0,0.0,0.0,0.012761104505218654,0.0,-0.09153674197384067,0.0,0.0,0.0,0.0,0.0,0.0,0.0,0.0,0.0,0.0,0.0,-0.019048645792046508,0.0,0.0,0.0,0.0,-0.012761104505218654,0.010217254591095256,0.0,0.0,0.0,0.0,0.0,-3.7204386312590835e-05,0.0,0.0,0.0,0.0,0.0,0.0,0.0,0.0,0.0,0.0,-0.004650548289073853,0.0,0.0,0.0,-0.010217254591095256,0.0,0.0,0.0,0.0,0.0,0.0,-0.0023810807240058135,0.0,0.0,0.0,-0.0495190381820584,0.0,0.0,0.0,0.0,0.0,0.0,0.0,0.0,0.0,0.0,0.0,0.0,0.0,0.0,0.0,0.0,0.0,0.0495190381820584,-0.04306872770511296,0.0,0.0,0.0,0.0,0.0,0.0,0.0,0.0,0.0,-0.031898110714757566,0.0,0.0,0.0,0.0,0.0,0.0,0.0,0.0,0.0,0.0,-0.015695600475624256,0.0,0.0,0.0,0.0,0.0,0.0,0.0,0.0,0.0,0.0,0.0,0.0,0.0,0.031898110714757566,0.0,0.0,0.0,0.0,0.0,0.09153674197384067,0.0,0.0,0.0,0.0,0.03720438631259083,0.0,0.04306872770511296,0.0,0.0,0.0015951380631523317,0.0,0.0,0.0,0.0,0.0,0.0,0.0,0.0,4.650548289073854e-06,0.0,0.0,0.0,0.0,0.0,0.0,0.0,-0.00012556480380499405,0.0,0.0,0.0,-0.10208883604174923,0.0,0.0,0.0,0.0,0.0,0.0,0.0,-0.0005813185361342317,0.0,0.0,0.0,0.003390249702734839,0.0,-0.0061898797727573,0.0,0.0,0.0,0.0,0.0023810807240058135,0.0,0.0,0.0,0.0,0.0,0.0,-0.0010045184304399524,0.0,0.0,0.019048645792046508,0.0,0.0,0.0,0.0,0.0,0.0,0.0,0.0,0.0,0.0,0.0,0.0,0.0,0.0,0.0,0.0,0.0,0.0,0.0,0.0,0.0,0.0,0.0,0.0,0.0,0.0,0.0,0.0,0.0,0.0,0.0,0.0,0.0,0.0,-0.022848143744219843,0.0,0.0,0.0,0.0,0.0,0.0,0.0,0.0,0.12,0.0,0.0,0.08173803672876205,0.0,0.0,0.0,0.0,0.0,0.0,0.0,0.0,0.0,0.06428917954815695,0.0010045184304399524,0.0,0.0,0.0,0.0,0.0,0.0,0.0,-0.06428917954815695,0.0,0.0,0.0,0.0,0.0,0.0,0.0,0.0,0.004650548289073853,0.0,0.0,0.0,0.0,0.0,0.0,0.0,0.0,0.0,0.0,0.0,0.0,0.0,0.0,0.0,0.0,0.0,0.0,0.0,0.0,0.0,0.0,0.0,0.0,0.0,0.0,0.0,0.0,0.0,0.0,0.0,0.11342222222222222,0.0,0.0,0.0,0.0
2018-09-30,0.0,0.0,0.0,0.0,0.0,0.0,0.0,0.0005813185361342317,0.0,0.0,0.0,0.0,0.0,0.0,0.0,0.0,-0.04306872770511296,0.0,0.0,0.0,-0.022848143744219843,0.07266481701677897,0.0,0.0,0.0,0.0,0.0,0.0,0.0,0.0,0.0,0.022848143744219843,0.008036147443519619,0.0,0.0,0.0,0.0,0.0,0.0,0.0,0.0,0.0,0.0,0.0,0.0,0.0,0.0,0.11342222222222222,0.0,0.0,0.0,0.0,0.0,0.0,0.0,0.0,-0.027121997621878714,0.0,0.0,0.0,0.0,0.0,0.0,0.0,0.0,0.0,0.0,0.0,0.0,0.0,0.0,0.0,0.0,-0.0005813185361342317,0.0,0.0,0.0,0.0,0.0,0.0,0.0,0.0,0.0,0.0,0.0,0.0,0.0,0.0,0.0,-0.010217254591095256,0.0,0.0,0.0,0.0,0.0,0.0,0.0,0.0,-0.08173803672876205,0.0,0.00012556480380499405,0.0,0.0,0.0,0.0,0.0,4.650548289073854e-06,0.0,0.0,0.0,0.019048645792046508,0.0,0.0,0.0,0.0,0.0,0.0,0.0,0.0,0.0,0.0,0.0,0.09153674197384067,-0.0495190381820584,0.0,0.0,0.0,0.0,0.0,0.0,0.0,0.012761104505218654,0.0,0.0,0.0,0.0,0.0,0.0,0.0,0.0,-0.07266481701677897,0.0,0.0,0.0,0.0,0.0,0.0,0.0,0.0,0.0002976350905007267,0.0,-0.0015951380631523317,0.0,0.0,0.0,-0.031898110714757566,0.0,0.0,0.0,0.0,0.0,0.0,0.0,-0.0061898797727573,0.0,0.0,0.0,0.0,0.0,0.0,0.0,0.0,0.0,0.0,-0.10208883604174923,0.0,0.0,0.0,0.0,0.0,0.0,0.0,0.0,0.0,0.0,0.0,0.0,0.0,0.0,0.0061898797727573,0.0,0.0,0.0,0.0,0.0,0.0015951380631523317,0.0,0.0,0.0023810807240058135,-3.7204386312590835e-05,0.0,-0.0002976350905007267,0.0,0.0,-0.056583221033161574,0.0,0.0,0.0,0.0,0.0,0.0,0.0,0.0,0.0,0.0,0.06428917954815695,0.0,0.0,0.0,0.0,0.0,0.0,0.0,0.0,0.0,0.0,0.0,0.0,0.0,0.0,0.0,0.0,0.0,0.0,0.0,0.0,0.0,0.0,0.0,0.0,0.0,-4.650548289073854e-06,0.0,0.0,0.0,0.0,0.0,0.0,0.0,3.7204386312590835e-05,0.0,0.0,-0.015695600475624256,0.0,0.0,0.0,0.0,0.0,0.0,0.0,0.003390249702734839,0.0,0.0,-0.0010045184304399524,-0.11342222222222222,0.0,0.0,0.0,0.0,0.0,0.0,0.0,0.0,0.0,0.0,0.0,0.0,0.0,0.0,0.0,0.0,0.0,0.0,0.0,0.0,0.04306872770511296,0.0,0.0,0.0,0.0,0.0,0.0,0.0,0.0,0.0,0.0,-0.012761104505218654,0.0,0.0,0.0,0.0,0.0,0.0,0.0,0.0,0.0,0.0,0.0,0.0,0.0,0.0,0.0,0.0,0.0,0.0,0.0,0.0,0.0,0.0,0.0,0.0,0.056583221033161574,0.0,0.0,0.0,0.0,0.0,0.0495190381820584,0.0,0.0,0.0,0.0,0.0,0.0,0.031898110714757566,0.0,0.0,0.0,0.0,0.0,0.0,-0.06428917954815695,0.0,0.0,0.0,0.0,0.0,0.0,0.0,0.0,0.0,0.0,0.0,0.0,-0.00012556480380499405,0.0,0.0,0.0,0.0,0.0,0.0,0.0,0.0,0.0,0.0,0.0,-0.004650548289073853,0.0,0.0,0.0,0.004650548289073853,0.0,-0.008036147443519619,0.0,0.0,-0.019048645792046508,0.0,0.0010045184304399524,0.0,0.0,0.0,0.0,0.0,0.0,-0.0023810807240058135,0.0,0.0,0.027121997621878714,0.0,0.0,0.0,0.0,0.0,0.0,0.0,0.0,0.0,0.0,0.0,0.0,0.0,0.0,0.0,0.0,0.0,0.0,0.0,0.0,0.0,0.0,0.0,0.0,0.0,0.010217254591095256,0.0,0.0,0.0,0.0,0.0,0.0,0.0,-0.09153674197384067,-0.003390249702734839,0.0,0.0,0.0,0.0,0.0,0.0,0.0,0.0,0.12,0.0,0.0,0.08173803672876205,0.0,0.0,0.0,0.0,0.0,0.0,0.0,0.0,0.0,0.03720438631259083,0.0,0.0,0.0,0.0,0.0,0.0,0.0,0.0,0.0,0.0,0.0,0.0,0.0,0.0,0.0,0.0,0.0,0.015695600475624256,0.0,0.0,0.0,0.0,0.0,0.0,0.0,0.0,-0.12,0.0,0.0,0.0,0.0,0.0,0.0,-0.03720438631259083,0.0,0.0,0.0,0.0,0.0,0.0,0.0,0.0,0.0,0.0,0.0,0.0,0.0,0.0,0.0,0.10208883604174923,0.0,0.0,0.0,0.0
2018-10-31,0.0,0.0,0.0,0.0,0.0,0.0,0.0,0.0,0.0,0.0,0.0,0.0,0.0,0.0,0.0,0.0,-0.10208883604174923,0.0,0.0,0.0,-0.03720438631259083,0.056583221033161574,0.0,0.0,0.0,-0.027121997621878714,0.04306872770511296,0.0,0.0,0.0,0.0,0.019048645792046508,0.0,0.0,0.0,0.0,0.0,0.0,0.0,0.0,0.0,0.0,0.0,0.0,0.0,0.0,0.0,0.08173803672876205,0.0,0.0,0.0,0.0,0.0,0.0,0.0,0.0,-0.010217254591095256,0.0,-0.09153674197384067,0.0,0.0,0.0,0.0,0.0,0.0,0.0,0.0010045184304399524,0.0,0.0,0.0,0.0,0.0,0.0,-0.015695600475624256,0.0,0.0,0.0,0.0,0.0,0.0,0.0,0.0,0.0,0.0,0.0,0.010217254591095256,0.0,0.0,0.0,-0.0061898797727573,0.0,0.0,0.0,0.0,0.0,0.0,0.0,0.0,0.0,0.0,0.0,0.0,0.0,0.0,0.0,0.0,0.0,0.0,0.0,0.0,0.015695600475624256,0.0,0.0,0.0,0.0,0.0,0.0,0.0,0.0,0.0,0.0,0.0,0.11342222222222222,0.0,0.0,0.0,0.0,0.0,0.0,0.0,0.0,0.012761104505218654,0.0,0.0,0.0,0.0,0.0,0.0,0.0,0.0,0.0,0.0,0.0,0.0,0.0,0.0,0.0,0.0,0.0,0.06428917954815695,0.0,-0.004650548289073853,0.0,0.0,0.0,0.0,-0.06428917954815695,0.0,0.0,0.0,0.0,0.0,0.0,-0.019048645792046508,0.0,0.0,0.0,0.0,0.0,0.0,0.0,0.0,0.0,0.0,0.0,0.0,0.0,0.0,0.0,0.0,0.0,0.0,0.0,0.0,0.0,0.0,0.0,0.0,0.0,0.00012556480380499405,-0.056583221033161574,0.0,0.0,0.0,0.0,0.03720438631259083,0.0,0.0,0.0015951380631523317,-4.650548289073854e-06,0.0,-0.0005813185361342317,0.0,0.0,0.0,0.0,0.0,0.0,0.0,0.0,0.0,0.0,0.0,0.0,0.0,0.027121997621878714,0.0,0.0,0.0,0.0005813185361342317,0.0,0.0,0.0,0.0,0.0,0.0,0.0,0.0,0.0,0.0,0.0,0.0,0.0,0.0,0.0,0.0,0.0,0.0,0.0,0.0,0.0,-3.7204386312590835e-05,0.0,0.0,0.0,0.0,0.0,0.0,0.0,0.0,0.0,0.0,-0.0023810807240058135,0.0,0.0,0.0,0.0,0.0,0.0,0.0,0.0,0.0,0.0,-0.0015951380631523317,0.0,0.0,0.0,0.0,0.0,0.0,0.0,0.0,0.0,0.0,0.0,0.0,0.0,0.0,0.0,0.0,0.0,0.0,0.0,0.0,0.0,0.07266481701677897,0.0,0.0,0.0,0.0,0.0,0.0,0.0,0.0,0.0,0.0,-0.07266481701677897,0.0,0.0,0.0,0.0,0.0,-0.12,0.0,0.0,0.0,0.0,0.0,0.0,0.0,0.0,0.0,0.0,0.0,0.0,0.0,0.0,0.0,0.0,0.0,0.0,3.7204386312590835e-05,0.0,0.0,0.0,0.0,-0.012761104505218654,0.031898110714757566,0.0,0.0,0.0,0.0,0.0,0.0,0.0495190381820584,0.0,0.0,0.0,0.0,0.0,0.0,-0.022848143744219843,0.0,0.0,0.0,0.0,0.0,0.0,0.0,0.0,0.0,0.0002976350905007267,0.0,0.0,-0.00012556480380499405,0.0,0.0,0.0,0.0,0.0,0.0,0.0,0.0,0.0,0.0,0.0,-0.0002976350905007267,0.0,0.0,-0.08173803672876205,0.008036147443519619,0.0,-0.008036147443519619,0.0,0.0,-0.031898110714757566,0.0,0.0023810807240058135,0.0,0.0,0.0,0.0,0.0,0.0,-0.04306872770511296,0.0,0.0,0.0,0.0,0.0,0.0,0.0,0.0,0.0,0.0,0.0,0.0,0.0,0.0,0.0,0.0,0.0,-0.0495190381820584,0.0,0.0,0.0,0.0,0.0,0.0,0.0,0.0,0.0,0.0,0.0061898797727573,0.0,0.0,0.0,0.0,0.0,0.0,0.0,0.0,-0.003390249702734839,0.0,0.0,0.0,0.0,0.0,0.0,0.0,0.0,0.12,0.0,0.0,0.022848143744219843,0.0,0.0,0.0,0.0,0.0,0.0,-0.11342222222222222,0.0,0.0,0.09153674197384067,0.0,0.0,0.0,0.0,0.0,0.0,0.0,0.0,0.0,0.0,0.0,0.0,0.0,0.0,0.0,0.004650548289073853,0.0,0.003390249702734839,0.0,0.0,0.0,0.0,0.0,0.0,0.0,0.0,0.0,0.0,0.0,0.0,0.0,0.0,0.0,-0.0010045184304399524,0.0,0.0,0.0,0.0,0.0,0.0,0.0,0.0,0.0,0.0,0.0,0.0,0.0,0.0,0.0,0.10208883604174923,0.0,0.0,4.650548289073854e-06,0.0
2018-11-30,0.0,0.0,0.0,0.0,0.0,0.0,0.0,0.0061898797727573,0.0,0.0,0.0,0.0,0.0,0.0,0.0,0.0,0.0,0.0,0.0,0.0,-0.0023810807240058135,0.04306872770511296,0.0,0.0,-0.0061898797727573,-0.0495190381820584,0.06428917954815695,0.0,0.0,0.0,0.0,0.027121997621878714,0.0,0.0,0.0,0.0,0.0,0.0,0.0,0.0,0.0,0.0,0.0,0.0,0.0,0.0,0.0,0.07266481701677897,0.0,0.0,0.0,0.0,0.0,0.0,0.0,0.0,-0.004650548289073853,0.0,0.0,0.0,0.0,0.0,-0.04306872770511296,0.0,0.0,0.0,0.00012556480380499405,0.0,0.0,0.0,0.0,0.0,0.0,-0.06428917954815695,0.0,0.0,0.0,0.0,0.0,0.0,0.0,0.0,0.0,0.0,0.0,0.0,0.0,0.0,0.0,0.0,0.0,0.0,0.0,0.0,0.0,0.0,0.0,0.0,0.0,0.0,0.0,0.0,0.0,0.0,0.0,0.0,0.0,0.0,0.0,0.0,0.0,0.0,0.0,0.0,0.0015951380631523317,0.0,0.0,0.0,0.0,0.0,0.0,0.0,0.12,0.0,0.0,0.0,0.0,0.0,0.0,0.0,0.0,0.003390249702734839,0.0,0.0,0.0,0.0,0.0,0.0,0.0,0.0,0.0,0.0,0.0,0.0,0.0,0.0,0.0,0.0,0.0,0.08173803672876205,-0.07266481701677897,-0.019048645792046508,0.0,0.0,0.0,0.0,0.0,0.0,0.0,0.0,0.0,0.0,0.0,-0.0005813185361342317,0.0,0.0,0.0,0.0,0.0,0.0,0.0,0.0,0.0,0.0,0.0,0.0,-0.031898110714757566,0.0,0.0,0.0,0.0,0.0,0.0,0.0,4.650548289073854e-06,0.0,0.0,0.0,0.0,0.0,-0.015695600475624256,0.0,0.0,0.0,0.0,0.0495190381820584,0.0,0.0,0.008036147443519619,-4.650548289073854e-06,0.0,-0.00012556480380499405,0.0,0.0,-0.08173803672876205,0.0,0.0,-0.10208883604174923,0.0,0.0,0.0,0.0,0.0,0.0,0.0,0.019048645792046508,0.0,0.0,0.0,0.004650548289073853,0.0,0.0,0.0,0.0,0.0,0.0,0.0,0.0,0.0,0.0,0.0,0.0,0.0,0.0,0.0,0.0,0.0,0.0,0.0,0.0,0.0,-3.7204386312590835e-05,0.0,0.0,0.0,0.0,0.0,0.0,0.0,3.7204386312590835e-05,0.0,0.0,-0.0002976350905007267,0.0,0.0,0.0,0.0,0.0,0.0,0.0,0.0005813185361342317,0.0,0.0,-0.003390249702734839,0.0,0.0,0.0,0.0,0.0,0.0,0.0,0.0,0.0,0.0,0.0,0.0,0.0,0.0,0.0,0.0,0.0,0.0,0.0,0.0,-0.056583221033161574,0.056583221033161574,0.0,0.0,0.0,0.0,0.0,0.0,0.0,0.0,0.0,0.0,0.0,0.0,0.0,0.0,0.0,0.0,-0.11342222222222222,0.0,0.0,0.0,0.0,0.0,0.0,0.0,0.0,0.0,0.0,0.0,0.0,0.0,0.0,0.0,0.0,0.0,0.0,0.0,0.0,0.0,0.0,0.0,-0.022848143744219843,0.031898110714757566,0.0,0.0,0.0,0.0002976350905007267,0.0,0.0,0.022848143744219843,0.0,0.0,0.0,-0.12,0.0,0.0,-0.008036147443519619,0.0,0.0,0.0,0.0,0.0,0.0,0.0,0.0,0.0,0.0,0.0,0.0,-0.0010045184304399524,0.0,0.0,0.0,0.0,0.0,0.0,0.0,0.0,0.0,0.0,0.0,-0.012761104505218654,0.0,0.0,0.0,0.012761104505218654,0.0,-0.027121997621878714,0.0,0.0,0.0,0.0,0.010217254591095256,0.0,0.0,0.0,0.0,0.0,0.0,0.0,0.0,0.0,0.0,0.0,0.0,0.0,0.0,0.0,0.0,0.0,0.0,0.0,0.0,0.0,0.0,0.0,0.0,0.0,0.0,0.0,0.0,0.0,0.0,0.0,0.0,0.0,0.0,0.0,0.0,0.0,0.0,0.0,0.0,0.0,0.0,0.0,0.0,-0.010217254591095256,0.0,0.0,0.0023810807240058135,0.0,0.0,0.0,0.0,0.0,0.11342222222222222,0.0,0.0,0.03720438631259083,0.0,0.0,0.0,0.0,0.0,0.0,-0.03720438631259083,-0.09153674197384067,0.0,0.09153674197384067,0.0,0.0,0.0,0.0,0.0,0.0,0.0,0.0,0.0,0.0,0.0,0.0,0.0,0.0,0.0,0.015695600475624256,0.0,0.0,0.0,0.0,0.0,0.0,0.0,0.0,0.0,0.0,0.0,0.0,0.0,0.0,0.0,0.0,0.0,-0.0015951380631523317,0.0,0.0,0.0,0.0,0.0,0.0,0.0,0.0,0.0,0.0,0.0,0.0,0.0,0.0,0.0,0.10208883604174923,0.0,0.0,0.0010045184304399524,0.0
2018-12-31,0.0,0.0,0.0,0.0,0.0,0.0,0.0,0.0,0.0,0.0,0.0,0.0,0.0,0.0,0.0,0.0,-0.004650548289073853,0.0,0.0,0.0,-0.012761104505218654,0.0,0.0,0.0,-0.0015951380631523317,-0.06428917954815695,0.056583221033161574,0.0,0.0,0.0,0.0,3.7204386312590835e-05,0.0,0.0,-0.10208883604174923,0.0,0.0,0.0,0.0,0.0,0.0,0.0,0.0,0.0,0.0,0.0,0.0,0.09153674197384067,0.0,0.0,0.0,0.0,0.0,0.0,0.0,0.0,0.0,0.0,0.0,0.0,0.0,0.0,-0.010217254591095256,0.0,0.0,0.0,0.0,0.0,0.0,0.0,0.0,0.0,0.0,0.0,0.0,0.0,0.0,0.0,0.0,0.0,0.0,0.0,0.0,0.0,0.0,0.0,0.0,0.0,0.0,0.0,0.0,0.0002976350905007267,0.0,0.0,0.0,0.0,0.0,0.015695600475624256,0.0,0.0,0.0,0.0,0.0,0.0,0.0,0.0,0.0,0.0,0.0,0.0,0.0,0.0,0.0,0.0,0.0,0.0,0.0,0.0,0.0,0.0,0.0,0.0,0.12,0.0,0.0,0.0,0.0,0.0,-0.04306872770511296,0.0,0.0,0.031898110714757566,0.0,0.0,0.0,0.0,0.0,0.0,0.0,0.0,0.0,0.0,0.0,4.650548289073854e-06,0.0,0.0,0.0,0.0,0.0,0.11342222222222222,-0.09153674197384067,-0.022848143744219843,0.0,0.0,0.0,0.0,0.0,0.0,0.0,0.0,0.0,0.0,0.0,-0.0002976350905007267,0.0,0.0,0.0,0.0,0.0,0.0,0.0,0.0,0.0,0.0,0.0,0.0,0.0,0.0,0.0,0.0,0.0,0.0,0.0,0.0,0.0,0.0,0.0,0.0,0.0,0.0,-4.650548289073854e-06,0.0,0.0,0.0,0.0,0.0495190381820584,0.0,0.0,0.003390249702734839,-3.7204386312590835e-05,0.0,-0.0005813185361342317,0.0,0.0,0.0,0.0,0.0,0.0,0.0,0.0,0.0,0.0,0.0,0.0,0.0,0.0005813185361342317,0.0,0.0,0.0,0.019048645792046508,0.0,0.0,0.0,0.0,0.0,0.0,0.0,0.0,0.0,0.0,0.0,0.0,0.0,0.0,0.0,0.0,0.0,0.0,0.0,0.0,0.0,-0.0010045184304399524,0.0,0.0,0.0,0.0,0.0,0.0,0.0,0.0,0.0,0.0,-0.0023810807240058135,0.0,0.0,0.0,0.0,0.0,0.0,0.0,0.03720438631259083,0.0,0.0,-0.027121997621878714,0.0,0.0,0.0,0.0,0.0,0.0,0.0015951380631523317,0.0,0.0,0.0,0.0,0.0,0.0,0.0,0.0,0.0,0.0,0.0,0.0,0.0,-0.008036147443519619,0.07266481701677897,0.0,0.0,0.0,0.0,0.0,0.0,0.0,-0.056583221033161574,0.0,-0.019048645792046508,0.0,0.0,0.0,0.0,-0.12,0.0,0.0,0.0,0.0,0.0,0.0,0.0,0.0,0.0,0.0,0.0,0.0,0.0,0.0,0.0,0.0,0.0,0.0,0.0,0.0,0.0,0.0,0.0,0.0,0.0,0.0,0.012761104505218654,0.0,0.0,0.0,0.0,0.0,0.0,0.027121997621878714,0.0,0.0,0.0,-0.0061898797727573,0.0,0.0,-0.003390249702734839,0.0,0.0,0.0,0.0,0.0,0.0,0.0010045184304399524,0.0,0.0,0.0,0.0,0.0,0.0,0.0,0.0,0.0,-0.03720438631259083,0.0,0.0,0.0,0.0,0.0,0.0,0.0,0.0,0.0,0.0,0.0,0.008036147443519619,0.0,0.0,0.0,0.0,0.0,0.0,0.0,0.0,0.0,0.0,0.0,0.0,0.0,0.0,0.0,0.0,0.00012556480380499405,0.0,0.0,0.0,0.0,0.004650548289073853,0.0,0.0,0.0,0.0,0.0,0.0,0.0,0.0,0.0,-0.08173803672876205,0.0,0.0,0.0,0.0,0.0,0.0,0.0,0.0,0.0,-0.0495190381820584,0.0,0.0,0.0,-0.031898110714757566,-0.11342222222222222,0.0,0.0,0.0,0.0,0.0,0.0,0.0,0.0,0.0,0.0,0.0,0.0,0.0061898797727573,0.10208883604174923,0.0,0.0,0.04306872770511296,0.0,0.0,0.0,0.0,0.0,0.0023810807240058135,0.0,0.0,0.0,0.08173803672876205,0.0,0.0,0.0,0.0,0.0,0.0,0.0,0.0,0.0,0.0,0.0,0.0,0.0,0.0,0.0,0.010217254591095256,0.0,0.0,0.0,0.0,0.0,0.0,0.0,0.0,0.0,0.0,0.0,0.0,0.0,0.0,0.0,0.022848143744219843,0.0,-0.00012556480380499405,0.0,0.0,0.0,0.0,0.0,0.0,0.0,0.0,0.0,0.0,-0.07266481701677897,-0.015695600475624256,0.0,0.0,0.0,0.06428917954815695,0.0,0.0,0.0,0.0
2019-01-31,0.0,0.0,0.0,0.0,0.0,0.0,0.0,0.0,0.0,0.0,0.0,0.0,0.0,0.0,0.0023810807240058135,0.0,-0.09153674197384067,0.0,0.0,0.0,-0.010217254591095256,0.0,0.0,0.0,-0.031898110714757566,0.0,0.09153674197384067,0.0,0.0,0.0,0.0,0.0010045184304399524,0.0,0.0,-0.10208883604174923,0.0,0.0,0.0,0.0,0.0,0.0,0.0,0.0,0.0,0.0,0.0,0.0,0.06428917954815695,0.0,0.0,0.0,0.0,0.0,0.0,0.0,0.0,0.0,0.0,0.0,0.0,0.0,0.0,-0.003390249702734839,0.0,0.0,0.0,0.0,0.0,0.0,0.0,0.0,0.0,0.0,0.0,0.0,0.0,0.0,0.0,0.0,0.0,0.0,0.0,0.0,0.0,0.0,0.0,0.0,0.0,0.0,0.0,0.0,0.0061898797727573,0.0,0.0,0.0,0.0,0.0,0.010217254591095256,0.0,0.0,0.0,0.0,0.0,0.0,0.0,0.0,0.0,0.0,0.0,0.0,0.0,0.0,0.0,0.0,0.0,0.0,0.0,0.0,0.0,0.0,0.0,0.0,0.11342222222222222,0.0,0.0,0.0,0.0,0.0,0.0,0.0,0.0,0.03720438631259083,0.0,0.0,0.0,-0.0495190381820584,0.0,0.0,0.0,0.0,0.0,0.0,0.0,0.003390249702734839,0.0,0.0,0.0,0.0,0.0,0.08173803672876205,0.0,-0.0061898797727573,0.0,0.0,0.0,0.0,-0.015695600475624256,0.0,0.0,0.0,0.0,0.0,0.0,-0.0005813185361342317,0.0,0.0,0.0,0.0,0.0,0.0,0.0,0.0,0.0,0.0,0.0,0.0,0.0,0.0,0.0,0.0,0.0,0.0,0.0,0.0,0.0,0.0,0.0,0.0,0.0,0.0,-3.7204386312590835e-05,0.0,0.0,0.0,-0.04306872770511296,0.04306872770511296,0.0,0.0,0.0,-4.650548289073854e-06,0.0,0.0,0.0,0.0,0.0,0.0,0.0,0.0,0.0,0.0,0.0,0.0,0.0,0.0,0.0,0.0002976350905007267,0.0,0.0,0.0,0.031898110714757566,0.0,0.0,0.0,0.0,0.0,0.0,0.0,0.0,0.0,0.0,0.0,0.0,0.0,0.0,0.0,0.0,0.0,0.0,0.0,0.0,0.0,-0.0023810807240058135,0.0,0.0,0.0,0.0,0.0,-0.11342222222222222,0.0,0.0,0.0,0.0,-0.0002976350905007267,0.0,0.0,0.0,0.0,0.0,0.0,0.0,0.0495190381820584,0.0,0.0,-0.0015951380631523317,0.0,0.0,0.0,0.0,0.0,0.0,0.0,0.0,0.0,0.0,-0.004650548289073853,0.0,0.0,0.0,0.0,0.0,0.0,0.0,0.0,0.0,0.0,0.07266481701677897,0.0,0.0,0.0,0.0,0.0,0.0,0.0,-0.08173803672876205,0.0,0.0,0.0,0.0,0.0,0.0,0.0,0.0,0.0,0.00012556480380499405,0.0,0.0,0.0,0.0,0.0005813185361342317,0.0,0.0,4.650548289073854e-06,0.0,0.0,-0.022848143744219843,0.0,0.0,0.0,0.0,0.0,0.0,0.0,0.0,0.0,0.0,0.0,0.0,0.015695600475624256,0.0,0.0,0.0,0.0015951380631523317,0.0,0.0,0.0,0.0,0.0,0.0,-0.008036147443519619,0.0,0.0,-0.06428917954815695,0.0,0.0,0.0,0.0,0.0,0.0,3.7204386312590835e-05,0.0,0.0,0.0,0.0,0.0,-0.00012556480380499405,0.0,0.0,0.0,-0.03720438631259083,0.0,0.0,0.0,0.0,0.0,0.0,0.0,0.0,0.0,0.0,0.0,0.0,0.0,0.0,0.0,0.0,0.0,0.0,0.0,0.0,0.0,0.0,0.0,0.0,0.0,0.0,0.0,0.0,0.0,0.0,0.0,0.0,0.0,0.0,0.0,0.0,0.0,0.0,0.0,0.0,0.0,0.0,-0.07266481701677897,0.0,0.0,0.0,0.0,0.0,0.0,0.0,0.0,0.0,0.0,0.0,0.0,0.0,0.0,0.0,-0.012761104505218654,-0.056583221033161574,0.0,0.0,0.0,0.0,0.0,0.0,0.0,0.0,0.0,0.0,0.0,0.0,0.10208883604174923,0.0,0.0,0.008036147443519619,0.0,0.0,0.0,0.0,0.0,0.0,0.0,-0.019048645792046508,0.0,0.12,0.0,0.0,0.0,0.0,0.004650548289073853,0.0,0.0,0.0,0.0,0.0,0.0,0.0,-0.12,0.0,0.0,0.022848143744219843,0.0,0.0,0.0,0.0,0.0,0.0,0.0,0.0,0.0,0.0,0.0,0.0,0.0,0.0,0.0,0.027121997621878714,0.012761104505218654,-0.0010045184304399524,0.0,0.0,0.0,0.0,0.0,0.0,0.0,0.0,0.0,0.0,0.0,-0.027121997621878714,0.0,0.0,0.0,0.056583221033161574,0.0,0.0,0.019048645792046508,0.0
2019-02-28,0.0,0.0,0.0,0.0,0.0,0.0,0.0,0.0,0.0,0.0,0.0,0.0,0.0,0.0,0.00012556480380499405,0.0,0.0,0.0,0.0,0.0,-0.015695600475624256,0.0,0.0,0.0,-0.11342222222222222,0.0,0.10208883604174923,0.0,0.0,-0.03720438631259083,0.0,0.0,0.0,0.0,0.0,0.0,0.0,0.0,0.0,0.0,0.0,0.0,0.0,0.0,0.0,0.0,0.0,0.07266481701677897,0.0,0.0,0.0,0.0,0.0,0.0,0.0,0.0,0.0,0.0,0.0,0.0,0.0,0.0,-0.0005813185361342317,0.0,0.0,0.0,0.0,0.0,0.0,0.004650548289073853,0.0,0.0,0.0,0.0,0.0,0.0,0.0,0.0,0.0,0.0,0.0,0.0,0.0,0.0,0.0,0.0,0.0,0.0,0.0,0.0,0.0,0.03720438631259083,0.0,0.0,0.0,0.0,0.0,0.015695600475624256,0.0,0.0,0.0,0.0,0.0,0.0,0.0,0.0,0.0,0.0,0.0,0.0,0.0,0.0,0.0,0.0,0.0,0.0,0.0,0.0,0.0,0.0,0.0,0.0,0.08173803672876205,0.0,0.0,0.0,0.0,0.0,0.0,0.0,0.0,0.022848143744219843,0.0,0.0,0.0,0.0,0.0,0.0,0.0,0.0,0.0,0.0,0.0,0.0,0.0,0.0,0.0,0.0,-0.004650548289073853,0.09153674197384067,0.0,-0.010217254591095256,0.0,0.0,0.0,0.0,0.0,0.0,0.0,0.0,0.0,0.0,0.0,-0.031898110714757566,0.0,0.0,0.0,0.0,0.0,0.0,0.0010045184304399524,0.0,0.0,0.0,0.0,0.0,-0.07266481701677897,0.0,0.0,-0.0010045184304399524,0.0,0.0,0.0,0.0,0.0,0.0,0.0,0.0,0.0,0.0,-3.7204386312590835e-05,0.0,0.0,0.0,-0.0495190381820584,0.04306872770511296,0.0,0.0,0.0,-4.650548289073854e-06,0.0,0.0,0.0,0.0,0.0,0.0,0.0,0.0,0.0,0.0,0.0,0.0,0.0,0.0,-0.09153674197384067,0.0,-0.0023810807240058135,0.0,0.0,0.008036147443519619,0.0,0.0,0.0,0.0,0.0,0.0,0.0,0.0,0.0,0.0,0.0,0.0,0.0,0.0,0.0,0.0,0.0,0.0,0.0,0.0,0.0,0.0,0.0,0.0,0.0,0.0,0.0,-0.008036147443519619,0.0,0.0,0.0,0.0,-0.00012556480380499405,0.0,0.0,0.0,0.0,0.0,0.0,0.0,0.0495190381820584,0.0,0.010217254591095256,-0.003390249702734839,0.0,0.0,0.0,0.0,0.0,0.0,0.0,0.0,0.0,0.0,-0.012761104505218654,0.0,0.0,0.0,0.0,0.0,0.0015951380631523317,0.0,0.0,0.0,0.0,0.027121997621878714,0.0,0.0,0.0,0.0,0.0,0.0,0.0,0.0,0.0,0.0,0.0,0.0,0.0,0.0,0.0,0.0,0.0,0.0002976350905007267,0.0,0.0,0.0,0.0,0.0,0.0,0.0,0.0005813185361342317,0.0,0.0,0.0,0.0,0.0,0.0,0.0,0.0,0.0,0.0,0.0,0.0,0.0,0.0,0.0,0.012761104505218654,0.0,0.0,0.0,4.650548289073854e-06,0.003390249702734839,0.0,0.0,0.0,0.0,0.0,0.0,0.0,0.0,-0.04306872770511296,0.0,0.0,0.0,0.0,0.0,0.0,0.0061898797727573,0.0,0.0,0.0,0.0,0.0,-0.0061898797727573,0.0,0.0,0.0,-0.08173803672876205,0.0,0.0,0.0,0.0,0.0,0.0,0.0,0.0,0.0,0.0,0.0,0.0,0.0,0.0,0.0,0.0,0.0,0.0,0.0023810807240058135,0.0,0.0,0.0,0.0,0.0,0.0,0.0,0.0,0.0,0.0,3.7204386312590835e-05,0.0,0.0,0.0,0.0,0.0,0.0,0.0,0.0,0.0,0.0,0.0,0.0,-0.0015951380631523317,0.0,0.0,0.0,0.0,0.0,0.0,0.0,0.0,0.0,0.0,-0.10208883604174923,0.0,0.0,0.0,0.0,0.0,-0.027121997621878714,0.0,0.0,0.0,0.0,0.0,0.0,0.0,0.0,0.0,0.0,0.0,0.0,0.11342222222222222,0.0,0.0,0.0,0.0,0.0,0.0,0.0,0.0,0.0,0.0,-0.12,0.0,0.12,0.0,0.0,0.0,0.0,0.0,0.0,0.0,0.0,0.0,0.0,0.0,0.0,-0.019048645792046508,0.0,0.0,0.056583221033161574,0.0,0.0,0.0,0.0,0.0,0.0,0.0,0.0,0.0,0.0,0.0,-0.06428917954815695,0.0,0.0,0.0,0.0,0.031898110714757566,-0.0002976350905007267,0.0,0.0,0.0,0.0,0.0,0.0,0.0,0.0,0.0,0.0,-0.056583221033161574,-0.022848143744219843,0.0,0.0,0.0,0.06428917954815695,0.0,0.0,0.019048645792046508,0.0
2019-03-31,0.0,0.0,0.0,0.0,0.0,0.0,0.0,0.0,0.0,0.0,0.0,0.0,0.0,0.0,0.0061898797727573,0.0,-0.022848143744219843,0.0,0.0,0.0,-0.09153674197384067,0.0,0.0,0.0,0.0,0.0,0.08173803672876205,0.0,0.0,0.0,0.0,0.0,0.0,0.0,-0.0495190381820584,0.0,0.0,0.0,0.0,0.0,0.0,0.0,0.0,0.0,0.0,0.0,0.0,0.07266481701677897,0.0,0.0,0.0,0.0,0.00012556480380499405,0.0,0.0,0.0,0.0,0.0,-0.019048645792046508,0.0,0.0,0.0,-0.004650548289073853,0.0,0.0,0.0,0.0,0.0,0.0,0.0,0.0,0.0,0.0,-0.12,0.0,0.0,0.0,0.0,-0.03720438631259083,0.0,0.0,0.0,0.0,0.0,0.0,0.0,0.0,0.0,0.0,0.0,0.0,0.0495190381820584,0.0,0.0,0.0,0.0,0.0,0.031898110714757566,0.0,0.0,0.0,0.0,0.0,0.0,0.0,0.0,0.0,0.0,0.0,0.0,0.0,0.0,0.0,0.0,0.0,0.0,0.0,0.0,0.0,0.0,0.0,0.0,0.09153674197384067,0.0,0.0,0.0,0.0,0.0,-0.06428917954815695,0.0,0.0,0.015695600475624256,0.0,0.0,0.0,0.0,0.0,0.0,0.0,0.0,0.0005813185361342317,0.0,0.0,0.0,0.0,0.0,0.0,-0.07266481701677897,-0.04306872770511296,0.11342222222222222,0.0,-0.008036147443519619,0.0,0.0,0.0,0.0,0.0,0.0,0.0,0.0,0.0,0.0,0.0,-0.010217254591095256,0.0,0.0,0.0,0.0,0.0,0.0,0.0002976350905007267,0.0,0.0,0.0,0.0,0.0,0.0,0.0,0.0,-0.0005813185361342317,0.0,-0.031898110714757566,0.0,0.0,0.0,0.0,0.0,0.0,0.0,0.0,-0.0010045184304399524,0.0,0.0,0.0,0.0,0.03720438631259083,0.0,0.0,0.0,-0.015695600475624256,0.0,0.0,0.0,0.0,0.0,0.0,0.0,0.0,0.0,0.0,0.0,0.0,0.0,0.0,0.0,0.0,-0.0002976350905007267,0.0,0.0,0.0015951380631523317,0.0,0.0,0.0,0.0,0.0,0.0,0.0,0.0,0.0,0.0,0.0,0.0,0.0,0.0,-0.012761104505218654,0.0,0.0,0.0,0.0,0.0,0.0,0.0,0.0,0.0,0.0,0.0,0.0,-0.056583221033161574,0.0,0.0,0.0,0.0,-3.7204386312590835e-05,0.0,0.0,0.0,0.0,0.0,0.0,0.0,0.003390249702734839,0.0,0.027121997621878714,-0.003390249702734839,0.0,0.0,0.0,0.0,0.0,0.0,0.0,0.0,0.0,0.0,0.0,0.0,0.0,0.0,0.0,0.0,0.012761104505218654,0.0,0.0,0.0,0.0,0.06428917954815695,0.0,0.0,0.0,0.0,0.0,0.0,0.0,-0.11342222222222222,0.0,0.0,0.0,0.0,0.0,0.0,0.0,0.0,0.0,0.0,0.0,0.0,0.0,-0.10208883604174923,0.0,0.0,0.0,0.0,0.0,0.0,0.0,0.0,0.0,0.0,0.0,0.0,0.0,0.0,0.0,0.0,0.0,0.0,0.0,0.0,0.0,0.0,0.0,0.010217254591095256,0.022848143744219843,0.0,0.0,0.0,0.0,-0.0015951380631523317,0.0,0.0,0.0,0.0,0.0,0.0,0.0,0.0,0.0,0.0,0.0,0.0,0.0,0.0010045184304399524,0.0,0.0,-4.650548289073854e-06,0.0,0.0,0.0,0.0,0.0,0.0,0.0,0.0,0.0,0.0,0.0,0.0,0.0,0.0,0.0,0.0,0.0,0.0,0.0,0.0,0.0,0.0,0.0,0.0,0.0,0.0,0.0,0.0,0.0,0.0,0.0,0.0,0.0,0.0,0.0,0.0,0.0,0.0,0.0,0.0,0.0,0.0,0.0,0.0,0.0,0.0,-0.0023810807240058135,0.0,0.0,0.0,0.0,0.0,0.0,0.0,0.0,0.0,0.0,-0.0061898797727573,0.0,0.0,0.0,0.0,0.0,0.0,0.0,0.0,0.0,0.0,0.0,0.0,0.0,0.0,0.0,0.0,0.0,0.0,0.10208883604174923,0.0,0.0,0.0023810807240058135,0.0,0.0,0.0,0.0,0.0,0.0,0.0,0.0,0.0,0.12,0.0,0.0,0.0,0.0,0.0,0.0,0.0,0.0,4.650548289073854e-06,0.0,0.0,0.0,-0.08173803672876205,0.0,0.0,0.056583221033161574,0.0,0.0,0.0,0.0,0.0,0.0,0.008036147443519619,0.0,0.0,0.0,0.0,-0.027121997621878714,0.0,0.0,0.0,0.0,0.019048645792046508,-0.00012556480380499405,0.0,3.7204386312590835e-05,0.0,0.0,0.0,0.0,0.0,0.0,0.0,0.0,0.0,0.0,0.0,0.0,0.0,0.04306872770511296,0.0,0.0,0.004650548289073853,0.0
2019-04-30,0.0,0.0,-0.022848143744219843,0.0,0.0,0.0,0.0,0.0,0.0,0.0,0.0,0.0,0.0,0.0,0.019048645792046508,0.0,-0.08173803672876205,0.0,0.0,0.0,0.0,0.0,0.0,0.0,-0.008036147443519619,0.0,0.09153674197384067,0.0,0.0,0.0,0.0,0.0,0.0,0.0,0.0,0.0,0.0,0.0,0.0,0.0,0.0,0.0,0.0,0.0,0.0,0.0,0.0,0.027121997621878714,0.0,0.0,0.0,0.0,0.0,0.0,0.0,0.0,0.0,0.0,-0.010217254591095256,0.0,0.0,0.0,-0.03720438631259083,0.0,0.0,0.0,0.0,0.0,0.0,0.0,0.0,0.0,0.0,0.0,0.0,0.0,0.0,0.0,0.0,0.0,0.0,0.0,0.0,0.0,0.0,0.0,0.0,0.0,0.0,0.0,0.0,0.0495190381820584,0.0,0.0,0.0,0.0,0.0,0.06428917954815695,0.0,0.0,0.0,0.0,0.0,0.0,0.0,0.0,0.0,0.0,0.0,0.0,0.0,0.0,0.0,0.0,0.0,0.0,0.0,0.0,0.0,0.0,0.0,0.0,0.11342222222222222,0.0,0.0,0.0,0.0,0.0,-0.06428917954815695,0.0,0.0,0.0061898797727573,0.0,0.0,0.0,0.0,0.0,0.0,0.0,0.0,0.0,0.0,0.0,0.0,0.0,0.0,0.0,-0.11342222222222222,0.0,0.10208883604174923,0.0,-0.0005813185361342317,0.0,0.0,0.0,0.0,0.0,0.0,0.0,0.0,0.0,0.0,0.0,-0.0015951380631523317,0.008036147443519619,0.0,0.0,0.0,0.0,0.0,0.0,0.0,0.0,0.0,0.0,0.0,0.0,0.0,0.0,-0.015695600475624256,0.0,-0.056583221033161574,0.0,0.0,0.0,0.0,0.0,0.0,0.0,0.0,-0.0023810807240058135,0.0,0.0,0.0,0.0,0.031898110714757566,0.0,-0.09153674197384067,0.0,0.0,0.0,0.0,0.0,0.0,0.0,0.0,0.0,0.0,0.0,0.0,0.0,0.0,0.0,0.0,-0.04306872770511296,0.0,-0.004650548289073853,0.0,0.0,0.0,0.0,0.0,0.0,0.0,0.0,0.0,0.0,0.0,0.0,0.0,0.0,0.0,0.0,0.0,0.0,0.0,0.0,0.0,0.0,0.0,0.0,0.0,0.0,3.7204386312590835e-05,0.0,-0.12,0.0,0.0,0.0,0.0,0.0,0.0,-0.00012556480380499405,0.0,0.0,0.0,0.0,0.0,0.0,0.0,0.0,0.0,0.04306872770511296,-4.650548289073854e-06,0.0,0.0,0.0,0.0,0.0,0.0,0.0,0.0,0.0,0.0,0.0,0.0,0.0,0.0,0.0,0.0,0.022848143744219843,0.0,0.0,0.0,0.0,0.056583221033161574,0.0,0.0,0.0,0.0,0.0,0.0,0.0,0.0,0.0,0.0,0.0,0.0,0.0,0.0,0.0,0.0,0.0,0.0,0.0,0.0,0.0,0.0,0.0,0.0,0.0,0.0023810807240058135,0.0010045184304399524,0.0,0.0,-0.027121997621878714,0.0,0.0,0.0,0.0,0.0,0.0,0.0,0.0,0.0,0.0,0.0,0.0,0.0,0.0,0.0,0.0002976350905007267,0.012761104505218654,0.0,0.0,0.0,0.0,-0.003390249702734839,0.0,0.0,0.0,-0.031898110714757566,0.0,0.0,0.0,0.0,0.0,0.0,0.0005813185361342317,0.0,0.0,0.0,0.0,0.0,-3.7204386312590835e-05,0.0,0.0,0.0,0.0,0.0,0.0,0.0,0.0,0.0,0.0,0.0,0.0,0.0,0.0,0.0,0.0,0.0,0.0,0.0,0.0,0.0,0.0,0.0,0.0,0.0,0.0,0.0,0.0,0.0,0.0,0.0,0.0,0.0,0.0,0.0,0.0,0.0,0.0,0.0,0.0,0.0,0.0,0.0,0.0,0.0,0.0,-0.012761104505218654,0.0,0.0,0.0,0.0,0.0,0.0,0.0,0.0,0.0,0.0,-0.0061898797727573,0.0,-0.10208883604174923,0.0,0.0,-0.07266481701677897,0.0,0.0,0.0,0.0,0.0,0.0015951380631523317,0.0,0.0,0.0,0.0,0.0,0.0,0.0,0.08173803672876205,0.0,0.0,0.003390249702734839,-0.019048645792046508,0.0,0.0,0.0,0.0,4.650548289073854e-06,0.0,0.0,0.0,0.12,0.0,0.0,0.0,0.0,0.0,0.0,0.0,0.0,0.010217254591095256,0.0,0.0,0.0,0.0,0.0,0.0,0.03720438631259083,0.0,0.0,0.0,0.0,0.0,0.0,0.004650548289073853,0.0,0.0,0.0,0.0,-0.0010045184304399524,0.0,0.0,0.0,0.0,0.015695600475624256,-0.0002976350905007267,0.0,0.0,0.0,0.0,0.0,0.0,0.0,0.0,0.0,0.0,-0.0495190381820584,0.0,0.0,0.0,0.0,0.07266481701677897,0.0,0.0,0.00012556480380499405,0.0
2019-05-31,0.0,0.0,0.0,0.0,0.0,0.0,0.0,0.0,0.0,0.0,0.0,0.0,0.0,0.0,0.010217254591095256,0.0,0.0,0.0,0.0,0.0,0.0,0.0,0.0,0.0,-0.022848143744219843,0.0,0.10208883604174923,0.0,0.0,0.0,0.0,0.0,0.0,0.0,0.0,0.0,0.0,0.0,0.0,0.0,0.0,0.0,0.0,0.0,0.0,0.0,0.0,0.008036147443519619,0.0,0.003390249702734839,0.0,0.0,0.0,0.0,0.0,0.0,0.0,0.0,-0.019048645792046508,0.0,0.0,0.0,-0.004650548289073853,0.0,-0.07266481701677897,0.0,0.0,0.0,0.0,0.0,0.0,0.0,0.0,0.0,0.0,0.0,0.0,0.0,0.0,0.0,0.0,0.0,0.03720438631259083,0.0,0.0,0.0,0.0,0.0,0.0,0.0,0.0,0.0,0.0,0.0,0.0,0.0,0.0,0.08173803672876205,0.0,0.0,0.0,0.0,0.0,0.0,0.0,0.0,0.0,0.0,0.0,0.0,0.0,0.0,0.0,0.0,0.0,0.0,0.0,0.0,0.0,0.0,0.0,0.0,0.11342222222222222,0.0,0.0,0.0,0.0,0.0,0.0,0.0,0.0,0.012761104505218654,0.0,0.0,0.0,0.0,0.0,0.0,0.0,0.0,0.0,0.0,0.0,0.0,0.0,0.0,0.0,0.0,0.0,0.056583221033161574,0.0,-0.003390249702734839,0.0,0.0,0.0,0.0,0.0,0.0,0.0,0.0,0.0,0.0,0.0,0.0,0.0023810807240058135,0.0,0.0,0.0,0.0,0.0,0.0,0.0,0.0,0.0,0.0,0.0,0.0,0.0,0.0,-0.03720438631259083,0.0,-0.12,0.0,0.0,0.0,0.015695600475624256,0.0,0.0,0.0,0.0,-0.012761104505218654,0.0,0.0,0.0,-0.031898110714757566,0.019048645792046508,0.0,-0.10208883604174923,0.0,0.0,0.0,0.0,0.0,0.0,0.0,0.0,0.0,0.0,0.0,0.0,0.0,0.0,0.0,4.650548289073854e-06,-0.0495190381820584,0.0,-0.0005813185361342317,0.0,0.0,0.0,0.0,0.0,0.0,0.0,0.0,0.0,0.0,0.0,0.0,0.0,0.0,0.0,0.0,0.0,0.0,-0.11342222222222222,0.0,0.0,0.0,0.0,0.0,0.0,0.0,3.7204386312590835e-05,0.0,0.0,0.0,0.0,0.0,0.0,0.0,0.0,-0.0002976350905007267,0.0,0.0,0.0,0.0,0.0,0.0,0.0,0.0,0.0,0.027121997621878714,-3.7204386312590835e-05,0.0,0.0,0.0,0.0,0.0,0.0,0.0,0.0,0.0,0.0,0.0,0.0,0.0,0.0,0.0,0.0,0.022848143744219843,0.0,0.0,0.0,0.0,0.07266481701677897,0.0,0.0,0.0,0.00012556480380499405,0.0,0.0,0.0,0.0,0.0,0.0,0.0,0.0,0.0,0.0,0.0,0.0,-0.027121997621878714,0.0,0.0,0.0,0.0,0.0,0.0,0.0,0.0,0.0005813185361342317,0.0,0.0,0.0,-0.08173803672876205,0.0,0.0,0.0,0.0,0.0,0.0,0.0,0.0,0.0,0.0,0.0,0.0,0.0,0.0,-0.09153674197384067,0.0,0.0,0.0,0.0,0.0,0.0,0.0,0.0,-0.056583221033161574,0.0,-0.06428917954815695,0.0,0.0,0.0,0.0,0.0,0.0,0.0010045184304399524,0.0,0.0,0.0,0.0,0.0,-4.650548289073854e-06,0.0,0.0,0.0,0.0,0.0,0.0,0.0,0.0,0.0,0.0,0.0,0.0,0.0,0.0,0.0,0.0,0.0,0.0,0.0,0.0,0.0,0.0,0.0,0.0,0.0,0.0,0.0,0.0,0.0,0.0,0.0,0.0,0.0,0.0,0.0,0.0,0.0,0.0,0.0,0.0,0.0,0.0,0.0,0.0,0.0,0.0,-0.015695600475624256,0.0,0.0,0.0,0.0,0.0,0.0,0.0,0.0,0.0,0.0,-0.0015951380631523317,0.0,-0.04306872770511296,-0.0023810807240058135,0.0,0.0,0.0,0.0,0.0,0.0,0.0,0.0,0.0,0.0,0.0,0.0,0.0,0.0,0.0,0.09153674197384067,0.0,0.0,0.031898110714757566,-0.0010045184304399524,0.0,0.0,0.0,0.0,0.004650548289073853,0.0,0.0,0.0,0.12,0.0,0.0,0.0,0.0,0.0,0.0,0.0,0.0,0.04306872770511296,0.0,0.0,0.0,-0.010217254591095256,0.0,0.0,0.06428917954815695,0.0,0.0,0.0,0.0,0.0,0.0,0.0002976350905007267,0.0,0.0,0.0,0.0,-0.0061898797727573,0.0,0.0,0.0,0.0,0.0061898797727573,-0.00012556480380499405,0.0,0.0,0.0,0.0,0.0,0.0,0.0,0.0,0.0,0.0,0.0,-0.008036147443519619,0.0,0.0,0.0,0.0495190381820584,0.0,0.0,0.0015951380631523317,0.0
2019-06-30,0.0,0.0,0.0,0.0,0.0,0.0,0.0,0.0,0.0,0.0,0.0,0.0,0.0,0.0,0.0,0.0,0.0,0.0,0.0,0.0,-0.04306872770511296,3.7204386312590835e-05,0.0,0.0,0.0,0.0,0.10208883604174923,0.0,0.0,0.0,0.0,0.0,0.0,0.0,0.0,0.0,0.0,0.0,0.0,0.0,0.0,0.0,0.0,0.0,0.0,0.0,0.0,0.031898110714757566,0.0,0.0005813185361342317,0.0,0.0,0.0,0.0,0.0,0.0,0.0,0.0,-0.004650548289073853,0.0,0.0,-0.0015951380631523317,-0.03720438631259083,0.0,0.0,0.0,0.0,0.0,0.0,0.0,0.0,0.0,0.0,-0.08173803672876205,0.0,0.0,0.0,0.0,0.0,0.0,0.0,0.0,0.022848143744219843,0.0,0.0,0.0,0.0,0.0010045184304399524,0.0,0.0,0.0,0.0,0.0,0.0,0.0,0.0,0.0,0.004650548289073853,0.0,0.0,0.0,0.0,0.0,0.0,0.0,0.0,0.0,0.0,0.0,0.0,0.0,0.0,0.0,0.0,0.0,0.0,0.0,0.0,0.0,0.0,0.0,0.0,0.11342222222222222,-0.11342222222222222,0.0,0.0,0.0,0.0,0.0,0.0,0.0,0.012761104505218654,0.027121997621878714,0.0,0.0,0.0,0.0,0.0,0.0,0.0,0.0,0.0,0.0,0.0,0.0,0.0,0.0,0.0,0.0,0.056583221033161574,0.0,-0.012761104505218654,0.0,0.0,0.0,0.0,0.0,0.0,0.0,0.0,0.0,0.0,0.0,-0.019048645792046508,0.0061898797727573,0.0,0.0,0.0,0.0,0.0,0.0,0.0,0.0,0.0,0.0,0.0,0.0,0.0,0.0,0.0,0.0,-0.056583221033161574,0.0,0.0,0.0,0.0023810807240058135,0.0,0.0,0.0,0.0,0.0,0.0,0.0,0.0,0.0,0.03720438631259083,0.0,0.0,0.0,-0.12,0.0,0.0,0.0,0.0,0.0,0.0,0.0,0.0,0.0,0.0,0.0,0.0,0.0,0.0,0.0,0.0,-4.650548289073854e-06,0.0,0.0,0.0,0.0,0.0,0.0,0.0,0.0,0.0,0.0,0.0,0.0,0.0,0.0,0.0,0.0,0.0,0.0,-0.008036147443519619,0.0,0.0,0.0,0.0,0.0,0.0,0.0,0.0,0.0,0.0,0.0,0.0,0.0,0.0,0.0,0.0,-0.06428917954815695,0.0,-0.07266481701677897,0.0,0.0,0.0,0.0,0.0,4.650548289073854e-06,0.0,0.019048645792046508,-0.00012556480380499405,0.0,0.0,0.0,0.0,0.0,0.0,0.0,0.0,0.0,0.0,0.0,0.0,0.0,0.0,0.0,0.0,0.0,0.0,0.0,0.0,0.0,0.06428917954815695,0.0,0.0,0.0,0.008036147443519619,0.0,0.0,0.0,0.0,0.0,0.0,-0.015695600475624256,0.0,0.0,0.0,0.0,0.0,0.0,0.0,0.0,0.0,0.0,0.0,0.0,0.0,0.0,0.0,0.0495190381820584,0.0,0.0,0.0,0.0,0.0,0.0,0.0,0.0,0.0,0.0,0.0,0.0,0.0,-0.09153674197384067,0.0,0.0,0.0,0.0,0.003390249702734839,0.0,0.0,0.0,0.0,0.0,0.0,0.0,-0.022848143744219843,-0.031898110714757566,0.0,0.0,0.0,0.0,0.0,0.0,0.0,0.0,0.0,-0.0495190381820584,0.0,0.0,0.0,-0.0005813185361342317,0.0,0.0,0.0,0.0,0.0,0.0,0.0,0.0,0.0,0.0,0.0,0.0,0.0,0.0,0.0,0.0,0.0,0.0,0.0,0.0,0.0,0.0,0.0,0.0,0.0,0.07266481701677897,0.0,0.0,0.0,0.0,0.0,0.0,0.0,0.0,0.0,0.0,0.0,0.0,0.0,0.0,0.0,0.0,0.0,-0.10208883604174923,0.0,0.0,-0.0002976350905007267,0.0,0.0,0.0,0.0,0.0,0.0,0.0,0.0,0.0,-0.0061898797727573,-0.0010045184304399524,0.0,0.0,-0.010217254591095256,0.0,0.0,0.0,0.0,0.0,0.0,0.0,0.0,0.0,0.0,0.0,0.00012556480380499405,0.0,0.0,0.0,0.09153674197384067,0.0,0.0,0.0015951380631523317,-3.7204386312590835e-05,0.0,0.0,0.0,0.0,0.0,0.0,0.0,0.0,0.12,0.0,0.0,0.0,0.0,0.0,0.0,0.0,0.0,0.0,0.0,0.0,0.0,0.0,0.0,0.0,0.08173803672876205,0.0,0.0,0.0,0.0,0.0,0.0,0.010217254591095256,0.0,0.0,0.0,0.0,-0.0023810807240058135,0.0,0.0,0.0,0.0,0.015695600475624256,-0.003390249702734839,0.0,0.0,0.0,0.0,0.0,0.0,0.0,0.0,0.0,0.0,-0.027121997621878714,0.0,0.0,0.0,0.0,0.04306872770511296,0.0,0.0,0.0002976350905007267,0.0
2019-07-31,0.0,0.0,0.0,0.0,0.0,0.0,0.0,0.0,0.0,0.0,0.0,0.0,0.0,0.0,0.0,0.0,0.0,0.0,0.0,0.0,-0.09153674197384067,0.0,0.0,0.0,0.0,0.0,0.10208883604174923,0.0,0.0,0.0,0.015695600475624256,0.0,0.0,0.0,-0.0495190381820584,0.0,0.0,0.0,0.0,0.0,-0.11342222222222222,0.0,0.0,0.0,0.0,0.0,0.0,0.0,0.0,0.022848143744219843,0.0,0.0,0.06428917954815695,0.0,0.0,0.0,0.0,0.0,0.0,0.0,0.0,-0.022848143744219843,0.0,0.0,0.0,0.0,0.0,0.0,0.0,0.0,0.0,0.0,0.0,0.0,0.0,0.0,0.0,0.0,0.0,0.0,0.0,0.0,0.010217254591095256,0.0,0.0,0.0,0.0,0.04306872770511296,0.0,0.0010045184304399524,0.0,0.027121997621878714,0.0005813185361342317,0.0,0.0,0.0,0.0,0.031898110714757566,0.0,0.0,0.0,0.0,0.0,0.0,0.0,0.0,0.0,0.0,0.0,0.0,0.0,0.0,0.0,0.0,0.0,0.0,0.0,0.0,0.0,0.0,0.0,0.0,0.11342222222222222,0.0,0.0,0.0,0.0,0.0,0.0,0.0,0.0,0.0,0.0,0.0015951380631523317,0.0,0.0,0.0,0.0,0.0,0.0,0.0,0.0,0.0,0.0,0.0,0.0,0.0,-0.03720438631259083,-0.019048645792046508,0.019048645792046508,0.0,0.0,0.0,0.0,0.0,0.0,0.0,0.0,0.0,0.0,0.0,0.0,0.0,-0.056583221033161574,0.08173803672876205,0.0,0.0,0.0,0.0,0.0,0.0,0.0,0.0,0.0,0.0,0.0,0.0,0.0,0.0,-0.0061898797727573,4.650548289073854e-06,-0.031898110714757566,0.0,0.0,0.0,0.056583221033161574,0.0,0.0,0.0,0.0,0.0,0.0,0.0,0.0,0.0,0.0,0.0,0.0,0.0,0.0,0.0,0.0,0.0,0.0,0.0,0.0,0.0,0.0,0.0,0.0,0.0,0.0,0.0,0.0,0.0,0.0,-4.650548289073854e-06,0.0,0.0,0.0,0.0,0.0,0.0,0.0,0.0,0.0,0.0,0.0,0.0,0.0,0.0,0.003390249702734839,0.0,0.0,0.0,0.0,0.0,0.0,0.0,0.0,0.0,0.0,0.0,0.0,0.0,0.0,0.0,0.0,0.0,0.0,0.0,0.0,0.0,0.0,-0.04306872770511296,0.0,0.0,0.0,0.0,0.0,0.012761104505218654,0.0,0.0,-0.0002976350905007267,0.0,0.0,0.0,0.0,0.0,0.0,0.0,0.0,0.0,0.0,0.0,0.0,0.0,0.0,0.0,0.0,0.0,0.0,0.0,0.0,0.0,0.07266481701677897,0.0,0.0,-0.08173803672876205,0.0002976350905007267,0.0,0.0,0.0,0.0,0.0,0.0,0.0,0.0,0.0,0.0,0.0,0.0,0.0,0.03720438631259083,0.0,0.0,0.0,0.0,0.0,-0.008036147443519619,0.0,0.0,0.004650548289073853,0.0,0.0,0.0,0.0,0.0,0.00012556480380499405,0.0,0.0,-0.0023810807240058135,0.0,0.0,0.0,0.0,0.0,0.0,0.0,0.0,0.0,0.0061898797727573,0.0,0.0,0.0,0.0,0.0,-0.004650548289073853,0.0,0.0,0.0,0.0,0.0,0.0,0.0,0.0,0.0,0.0,0.0,0.0,-0.010217254591095256,0.0,0.0,0.0,-0.0015951380631523317,0.0,0.0,0.0,0.0,3.7204386312590835e-05,0.0,0.0,0.0,0.0,0.0,0.0,0.0,0.0,0.0,0.0,0.0,0.0,0.0,0.0,0.0,0.0,0.0,0.0,0.0,0.0,0.0,0.0,0.0,0.0,0.0,0.0,0.0,0.0,0.0,0.0,0.0,0.0,0.0,0.0,0.0,0.0,0.0,0.0,0.0,0.0,0.0,-0.0010045184304399524,0.0,0.0,0.0,0.0,0.0,0.0,0.0,0.0,0.0,-0.0005813185361342317,-0.003390249702734839,0.0,0.0,-0.10208883604174923,0.0,0.0,0.0,0.0,0.0,0.0,0.0,0.0,0.0,0.0,0.0,0.0,0.0,0.0,0.0,0.0,0.0,0.0,0.0,-0.07266481701677897,0.0,0.0,0.0,0.0,0.0,-0.12,0.0,0.0,0.12,0.0,0.0,0.0,0.0,0.0,0.0,0.0,0.0,0.0,0.0,0.0,0.0,0.0,0.0,0.0,0.09153674197384067,0.0,-0.015695600475624256,0.0,0.0,0.0,0.0,0.008036147443519619,0.0,0.0,0.0,0.0,-3.7204386312590835e-05,0.0,-0.06428917954815695,0.0,0.0,0.0495190381820584,-0.00012556480380499405,0.0,0.0023810807240058135,0.0,0.0,0.0,0.0,0.0,0.0,0.0,0.0,-0.027121997621878714,-0.012761104505218654,0.0,0.0,0.0,0.0,0.0,0.0,0.0,0.0
2019-08-31,0.0,0.0,0.0,0.0,0.0,0.0,0.0,0.0,0.0,0.0,0.0,0.0,0.0,0.0,0.0,0.0,0.0,0.0,0.0,0.0,-0.027121997621878714,0.0,0.0,0.0,0.0,0.0,0.11342222222222222,0.0,0.0,0.0,0.0,0.0,0.0,0.0,0.0,-0.0023810807240058135,0.0,0.0,0.0,0.0,0.0,0.0,0.0,0.0,0.0,0.0,0.0,0.0,0.0,0.015695600475624256,0.0,0.0,0.07266481701677897,0.0,0.0,0.0,0.0,0.0,-0.11342222222222222,0.0,0.0,-0.09153674197384067,0.0,0.0,0.0,0.0,0.0,0.0,0.0,0.0,0.00012556480380499405,0.0,0.0,0.0,0.0,3.7204386312590835e-05,0.0,0.0,0.0,0.0,0.0,0.0,0.031898110714757566,0.0,0.0,0.0,0.0,0.0,0.0,0.0,0.0,0.010217254591095256,0.0061898797727573,0.0,0.0,0.0,0.0,0.0495190381820584,0.0,0.0,0.0,0.0,0.0,0.0,0.0,0.0,0.0,0.0,0.0,0.0,0.0,0.0,0.0,0.0,0.0,0.0,0.0,0.0,0.0,0.0,-0.10208883604174923,0.0,0.08173803672876205,0.0,0.0,0.0,0.0,0.0,0.0,0.0,0.0,0.004650548289073853,0.0,0.0,0.0,0.0,0.0,0.0,0.0,0.0,0.0,0.0,0.0,0.0,0.0,0.0,0.0,0.0,-0.003390249702734839,0.06428917954815695,0.0,0.0,0.0,0.0,0.0,0.0,0.0,0.0,0.0,0.0,0.0,-0.031898110714757566,0.0,-3.7204386312590835e-05,0.09153674197384067,0.0,0.0,0.0,0.0,0.0,0.0,0.0,0.0,0.0,0.0,0.0,0.0,0.0,0.0,-0.010217254591095256,0.0,-0.019048645792046508,0.0,0.0,0.0,0.03720438631259083,0.0,0.0,0.0,0.0,-0.06428917954815695,0.0,0.0,0.0,0.0,0.0,0.0,0.0,0.0,0.0,0.0,0.0,0.0,0.0,0.0,0.0,0.0,0.0,0.0,0.0,0.0,0.0,0.0,0.0,0.0,0.0,-4.650548289073854e-06,0.0,0.0,0.0,0.0,0.0,0.0,0.0,0.0,0.0,0.0,0.0,0.0,0.0,0.0,0.0,0.0,0.0,0.019048645792046508,0.0,0.0,0.0,0.0,0.0,0.0,0.0,0.0,0.0,0.0,0.0,0.027121997621878714,0.0,0.0,0.0,0.0,0.0,0.0,0.0,-0.015695600475624256,0.0,0.0,0.0,0.0,0.0,0.0002976350905007267,0.0,0.008036147443519619,-0.00012556480380499405,0.0,0.0,0.0,0.0,0.0,0.0,-0.022848143744219843,0.0,0.0,0.0,0.0,0.0,0.0,0.0,0.0,0.0,0.0,0.0,0.0,0.0,0.0,0.0015951380631523317,0.0,0.0,0.0,0.0,0.0,0.0,0.0,0.0,0.0,0.0,0.0,0.0,0.0,0.0,0.0,0.0,0.0,0.0,0.0,0.0,0.0,0.0,0.0,0.0,0.0,0.0,0.0,0.0,0.0,0.0,0.0,0.0,0.0,0.0,0.0,-0.056583221033161574,0.0,0.0,0.0,0.0,0.0,0.0,0.0,0.0,0.0,0.012761104505218654,0.0,0.0,0.0,0.0,0.0,-0.07266481701677897,0.0,0.0,0.0,0.0,0.0,0.0,0.0,0.0,0.0,0.0,0.0,0.0,-0.0010045184304399524,0.0,0.0,0.0,-0.12,0.0,0.0,0.0,0.0,0.0,0.0,0.0,0.0,0.0,0.0,0.0,0.0,0.0,0.0,0.0,4.650548289073854e-06,0.0,0.0,0.0,0.0,0.0,0.0,0.0,0.0,0.0,0.022848143744219843,0.0,0.0,0.0,0.0,0.0,0.0,0.0,0.0,0.0,0.0,0.0,0.0,0.0,0.0,0.0,0.0,0.04306872770511296,-0.03720438631259083,0.0,0.0,-0.0015951380631523317,0.0,0.0,0.0010045184304399524,0.0,0.0,0.0,0.0,0.0,0.0,-0.0061898797727573,-0.0005813185361342317,0.0,0.0,-0.04306872770511296,0.0,0.0,0.0,0.0,0.0,0.0,0.0,0.0,0.0,0.0,0.0,0.0,0.0,0.0,0.0,0.0,0.0,0.0,0.0,-0.008036147443519619,0.0,0.0,0.0,0.0,0.0,-0.004650548289073853,0.0,0.0,0.12,0.0,0.0,0.0,0.0,0.0,0.0,0.0,0.0,0.0005813185361342317,0.0,0.0,0.0,0.0,0.0,0.0,0.10208883604174923,0.0,0.0,0.0,0.0,0.0,0.0,0.0023810807240058135,0.0,0.0,0.0,0.0,-0.0002976350905007267,0.0,-0.0495190381820584,0.0,0.0,0.056583221033161574,-0.012761104505218654,0.0,0.0,0.0,0.0,0.0,0.0,0.0,0.0,0.0,0.0,-0.08173803672876205,0.0,0.0,0.0,0.0,0.0,0.0,0.0,0.003390249702734839,0.0
2019-09-30,0.0,0.0,-0.0495190381820584,0.0,0.0,0.0,0.0,0.0,0.0,0.0,0.0,0.0,0.0,0.0,0.0,0.0,0.0,0.0,0.0,0.0,0.0,-0.010217254591095256,0.0,0.0,0.0,0.0,0.10208883604174923,0.0,0.0,0.0,0.0,0.0,0.0,0.0,0.0,-0.0002976350905007267,0.0,0.0,0.0,0.0,0.0,0.0,0.0023810807240058135,0.0,0.0,0.0,0.0,0.0,0.0,0.008036147443519619,0.0,0.0,0.0495190381820584,0.0,0.0,0.0,0.0,0.0,0.0,-0.022848143744219843,0.0,-0.10208883604174923,0.0,0.0,-0.07266481701677897,0.0,0.0,0.0,0.0,0.0,0.00012556480380499405,0.0,0.0,0.0,0.0,0.0002976350905007267,0.0,0.0,0.0,0.0,0.0,0.0,0.031898110714757566,0.0,0.0,0.0,0.0,0.0,0.0,0.0,0.0,0.056583221033161574,0.0,0.0,0.0,0.0,0.0,0.08173803672876205,0.0,0.0,0.0,0.0,0.0,0.0,0.0,0.0,0.0,0.0,0.0,0.0,0.0,0.0,0.0,0.0,0.0,0.0,0.0,0.0015951380631523317,0.0,0.0,0.0,0.0,0.09153674197384067,0.0,0.0,0.0,0.0,0.0,-0.08173803672876205,0.0,0.0,0.0,0.0,0.0,0.0,0.0,0.0,0.0,0.0,0.0,0.0,0.0,0.0,0.0,0.0,0.0,0.0,0.0,-0.0023810807240058135,0.06428917954815695,0.0,0.0,0.0,0.0,0.0,0.0,0.0,0.0,0.0,0.0,0.0,-0.0061898797727573,0.0,-4.650548289073854e-06,0.07266481701677897,0.0,0.0,0.0,0.0,0.0,0.004650548289073853,0.0,0.0,0.0,0.0,0.0,0.0,0.0,0.0,-0.012761104505218654,0.0,-0.019048645792046508,0.0,0.0,0.0,0.03720438631259083,0.0,0.0,0.0,-0.09153674197384067,0.0,0.0,0.0,0.0,0.0,0.0,0.0,0.0,0.0,0.0,0.0,0.0,0.0,0.0,0.0,0.0,0.0,0.0,0.0,0.0,0.0,0.0,0.0005813185361342317,0.0,0.0,0.0,-3.7204386312590835e-05,0.0,0.0,0.0,0.0,0.0,0.0,0.0,0.0,0.0,0.0,0.0,0.0,0.0,0.0,0.0061898797727573,0.0,0.0,0.0,0.0,0.0,0.0,0.0,0.0,0.0,0.0,0.0,0.0,0.0,0.0,0.0,0.0,0.0,0.0,0.0,0.0,-0.04306872770511296,0.0,0.0,0.0,0.0,0.0,0.0,0.0,0.0,0.0,0.015695600475624256,-0.00012556480380499405,0.0,0.0,0.0,0.0,0.0,0.0,-0.027121997621878714,0.0,0.0,0.0,0.0,0.0,0.0,0.0,0.0,0.0,0.0,0.0,0.0,0.0,0.0,0.027121997621878714,0.0,0.0,0.0,0.0,0.0,0.0,0.0,0.0,0.0,0.0,0.0,0.0,0.0,0.0,0.0,0.0,0.0,0.0,0.0,0.0,0.0,0.0,0.0,-0.031898110714757566,0.0,0.0,0.0,0.0,0.0,0.0,0.0,0.0,0.0,0.0,0.0,0.0,0.0,0.0,0.0,0.0,0.0,0.0,0.0,0.0,0.0,0.012761104505218654,0.0,0.0,-0.11342222222222222,0.0,0.0,-0.12,0.0,0.0,0.0,0.0,0.0,0.0,0.0,0.0,0.0,0.0,0.0,0.0,-0.0015951380631523317,0.0,0.0,0.0,-0.0010045184304399524,0.0,0.0,0.0,0.0,3.7204386312590835e-05,0.0,0.0,0.0,0.0,0.0,0.0,0.0,0.0,0.0,0.0,0.010217254591095256,0.0,0.0,0.0,0.0,0.0,0.0,-0.06428917954815695,0.0,0.0,0.0,0.0,0.0,0.0,0.0,0.0,0.0,0.0,0.0,0.0,0.0,0.0,0.0,0.0,0.0,0.0,0.003390249702734839,0.04306872770511296,0.0,0.0,0.0,-0.003390249702734839,0.0,0.0,0.0010045184304399524,0.0,0.0,0.0,0.0,0.0,0.0,-0.015695600475624256,-0.004650548289073853,0.0,0.0,0.0,0.0,0.0,0.0,0.0,0.0,0.0,0.0,0.0,0.0,0.0,0.0,0.0,0.0,0.0,0.0,0.0,0.0,0.0,0.0,-0.008036147443519619,0.0,0.0,0.0,0.0,0.0,0.0,0.0,0.0,0.12,0.0,0.0,-0.056583221033161574,0.0,0.0,0.0,0.0,0.0,0.0,0.0,0.0,0.0,0.0,0.0,0.0,0.11342222222222222,0.0,0.0,0.0,0.0,0.0,0.0,0.0,0.0,0.0,0.0,0.0,-0.0005813185361342317,0.0,-0.03720438631259083,0.0,0.0,0.022848143744219843,0.0,0.0,0.0,0.0,0.0,0.0,0.0,0.0,0.0,0.0,0.0,0.0,0.0,0.0,0.0,0.0,4.650548289073854e-06,0.0,0.0,0.019048645792046508,0.0
2019-10-31,0.0,0.0,0.0,0.0,0.0,0.0,0.0,0.0,0.0,0.0,0.0,0.0,0.0,0.0,0.0,0.0,0.0,0.0,0.0,0.0,-0.04306872770511296,-0.0023810807240058135,0.0,0.0,0.0,0.0,0.010217254591095256,0.0,0.0,0.0,0.027121997621878714,0.0,0.0,0.0,0.0,-0.0015951380631523317,0.0,0.0,0.0,0.0,0.0,0.0,0.012761104505218654,0.0,0.0,0.0,0.0023810807240058135,0.0,0.0,0.0,0.0,0.0,0.11342222222222222,0.0,0.0,0.0,0.0,0.0,0.0,-0.015695600475624256,0.0,0.0,0.0,0.0,0.0,0.0,0.0,0.0,0.0,0.0,0.0015951380631523317,0.0,0.0,0.0,0.0,0.008036147443519619,0.0,0.0,0.0,0.0,0.0,0.0,0.004650548289073853,0.0,0.0,0.0,0.0,0.0,0.0,0.0,0.0,0.0,0.0061898797727573,0.0,0.0,0.0,0.0,0.08173803672876205,0.0,0.0,-0.027121997621878714,0.0,0.0,0.0,0.0,0.0,0.0,0.0,0.0,0.0,0.0,0.0,0.0,0.0,0.0,0.0,0.0,4.650548289073854e-06,0.0,0.0,0.0,0.0,0.04306872770511296,0.0,0.0,0.0,0.0,0.0,0.0,0.0,0.0,0.0,0.0,0.0005813185361342317,0.0,0.0,0.0,0.0,0.0,0.0,0.0,0.0,0.0,0.0,0.0,0.0,0.0,0.0,-0.003390249702734839,0.0,0.0,0.0,0.0,0.0,0.0,0.0,0.0,3.7204386312590835e-05,0.0,0.0,0.0,-0.031898110714757566,0.0,-3.7204386312590835e-05,0.10208883604174923,0.0,0.0,0.0,0.0,0.0,0.056583221033161574,0.0,0.0,0.0,0.0,0.0,0.0,0.0,0.0,-0.11342222222222222,0.0,-0.06428917954815695,0.0,0.0,-0.056583221033161574,0.022848143744219843,0.0,0.0,0.0,-0.08173803672876205,0.0,0.0,0.0,0.0,0.0,0.0,0.0,0.0,0.0,0.0,0.0,0.0,0.0,0.0,0.0,0.0,0.0,0.0,0.0002976350905007267,0.0,0.0,0.0,0.0,0.0,0.0,0.0,-0.0005813185361342317,0.0,0.0,0.0,0.0,0.0,0.0,0.0,0.0,0.0,0.0,0.0,0.0,0.0,0.0,0.0495190381820584,0.0,0.0,0.0,0.0,0.0,0.0,0.0,0.0,0.0,0.0,0.0,0.0,0.0,0.0,0.0,0.0,0.0,0.0,0.0,0.0,-0.12,0.0,0.0,0.0,0.0,0.0,0.0,0.0,0.0,0.0,0.019048645792046508,-0.0002976350905007267,0.0,0.0,0.0,0.0,0.0,0.0,0.0,0.0,0.0,0.0,0.0,0.0,0.0,0.0,0.0,0.0,0.0,0.0,0.0,0.0,0.0,0.0,0.0,0.0,0.0,0.0,0.0,0.0,0.0,0.0,0.0,0.0,0.0,0.0,0.0,0.0,0.0,0.0,0.0,0.0,0.0,0.0,0.0,0.0,-0.012761104505218654,-0.022848143744219843,0.0,0.0,0.0,0.0,0.0,0.0,0.0,0.0,0.0010045184304399524,0.0,0.0,0.0,0.0,0.0,0.0,0.0,0.0,0.0,0.0,0.0,0.0,0.0,0.0,0.0,-0.0061898797727573,0.0,0.0,-0.03720438631259083,0.0,0.0,0.0,0.0,0.0,0.0,0.0,0.0,0.0,0.0,0.0,0.0,-0.008036147443519619,0.0,0.0,0.0,-4.650548289073854e-06,0.0,0.0,0.0,0.0,0.003390249702734839,0.0,0.0,0.0,0.0,0.0,0.0,0.0,0.0,0.0,0.0,0.03720438631259083,0.0,0.0,0.0,0.0,0.0,0.0,-0.0495190381820584,0.0,0.0,0.0,0.0,0.0,0.0,0.0,0.0,0.0,-0.10208883604174923,0.0,0.0,0.0,0.0,0.0,0.0,0.0,0.0,0.07266481701677897,0.09153674197384067,0.0,0.0,0.0,-0.004650548289073853,0.0,0.0,0.0,0.0,0.0,0.0,0.0,0.0,0.0,-0.019048645792046508,-0.010217254591095256,0.0,0.0,0.0,0.0,0.0,0.0,0.0,0.0,0.0,0.0,0.06428917954815695,0.0,0.0,0.0,0.0,0.0,0.0,0.0,0.0,0.0,0.0,0.0,-0.00012556480380499405,0.0,0.0,0.0,0.0,0.0,0.0,0.015695600475624256,0.0,0.12,0.0,0.0,-0.09153674197384067,0.0,0.0,0.0,0.0,0.0,0.0,0.0,0.0,0.0,0.0,0.0,0.0,0.031898110714757566,0.0,0.0,0.0,0.0,0.0,0.0,0.0,0.0,0.0,0.0,0.0,-0.0010045184304399524,0.0,-0.07266481701677897,0.0,0.0,0.0,0.0,0.00012556480380499405,0.0,0.0,0.0,0.0,0.0,0.0,0.0,0.0,0.0,0.0,0.0,0.0,0.0,0.0,0.0,0.0,0.0,0.0,0.0
2019-11-30,0.0,0.0,0.0,0.0,0.0,0.0,0.0,0.0,0.0,0.0,0.0,0.0,0.0,0.0,0.0,0.0,0.0,0.0,0.0,0.0,0.0,-0.0002976350905007267,0.0,0.0,0.0,0.0,0.0,0.0,0.0,0.0,0.04306872770511296,0.0,0.0,0.0,0.0,-0.0061898797727573,0.0,0.0,0.0,0.0,0.0,0.0,0.0,0.0,0.0,0.0,0.0,0.0,0.0,0.0,0.0,0.0,0.10208883604174923,0.0,0.0,0.0,0.0,0.0,0.0,-0.027121997621878714,0.0,0.0,0.0061898797727573,0.0,0.0,0.0,0.0,0.0,0.0,0.0,0.0,0.0,0.0,0.0,0.0,0.0,0.0,0.0,0.0,0.0,0.0,-0.08173803672876205,0.003390249702734839,0.0,0.0,0.0,0.0,0.0,0.0,0.0,-0.09153674197384067,0.0,0.031898110714757566,0.0,0.0,0.0,0.0,0.12,0.0,0.0,-0.004650548289073853,0.0,0.0,0.0,0.0,0.0,0.0,0.0,0.0,0.0,0.056583221033161574,0.0,0.0,0.0,0.0,0.0,0.0,4.650548289073854e-06,0.0,0.0,0.0,0.0,0.0,0.0,0.0,0.0,0.0,0.0,0.0,0.0,0.0,0.0,0.0,0.0002976350905007267,0.0,0.0,0.0,0.0,0.0,0.0,0.0,0.0,0.0,0.0,0.0,0.0,0.0,0.0,-0.019048645792046508,0.0,0.0,0.0,0.0,0.0,0.0,0.0,0.0,0.0,0.0,0.0,0.0,-0.0015951380631523317,0.0,-3.7204386312590835e-05,0.0495190381820584,0.0,0.0,0.0,0.0023810807240058135,0.0,0.0,0.0,0.0,0.0,0.0,0.0,0.0,-0.022848143744219843,0.0,0.0,0.0,-0.010217254591095256,0.0,0.0,-0.0495190381820584,0.0,0.0,0.0,0.0,0.0,0.0,0.0,0.0,0.0,0.0,0.0,0.0,0.0,0.0,0.0,0.0,0.0,0.0,0.0,0.0,0.0,0.0,0.0,0.0,0.0,0.0,0.0,0.0,0.0,0.0,0.0,-0.00012556480380499405,0.0,0.0,0.0,0.0,0.0,0.0,0.0,0.0,0.0,0.0,0.0,0.0,0.0,0.0,0.03720438631259083,0.0,0.0,0.0,0.0,0.0,0.0,0.0,0.0,0.0,0.0,0.0,0.0,0.0,0.0,0.0,0.0,0.0,0.0,0.0,0.0,0.0,0.0,0.0,0.0,0.0,0.0,0.0,0.0,0.0,0.0,0.022848143744219843,-0.0005813185361342317,0.0,0.0,0.11342222222222222,0.0,0.0,0.0,0.0,0.0,0.0,0.0,0.0,0.0,0.0,0.0,0.0,0.0,0.0,0.0,0.0,0.0,0.07266481701677897,0.0,0.0,0.0,0.0,0.0,0.0,0.0,0.0,0.0,0.0,0.0,0.0,0.0,0.0,0.0,0.0,0.0,0.0,0.0,0.027121997621878714,0.0,0.0,-0.06428917954815695,-0.031898110714757566,0.0,0.0,0.0,0.0,0.0,0.0,0.0,0.0,0.0,0.0,0.0,0.0,0.0,0.0,0.0,0.0,0.0,0.0,0.0,0.0,0.0,0.0,0.0,0.0,0.0,-0.012761104505218654,0.0,0.0,-0.04306872770511296,0.010217254591095256,0.0,0.0,0.0,0.0,0.0,0.0,0.0,0.0,0.0,0.0,0.0,-0.0010045184304399524,0.0,0.0,0.0,-4.650548289073854e-06,0.0,0.0,0.0,0.0,0.019048645792046508,0.0,0.0,0.004650548289073853,0.0,0.0,0.0,0.0,0.0,0.0,0.0,0.08173803672876205,0.0,0.0,0.0,0.0,-0.07266481701677897,0.0,-0.015695600475624256,0.0,0.0,0.0,0.0,0.0,0.0,-0.03720438631259083,0.0,0.0,-0.12,0.0,0.0,0.0,0.0,0.0,0.0,0.0,0.0,0.008036147443519619,0.06428917954815695,0.0,0.0,0.0,-0.008036147443519619,0.0,0.0,0.0,0.0005813185361342317,0.0,0.0,0.0,0.0,0.0,-0.10208883604174923,0.0,0.0,0.0,0.0,0.0,0.0,0.0,0.0,0.0,0.0,0.0,0.015695600475624256,0.0,0.0,0.0,0.09153674197384067,0.0,0.0,0.0,0.0,0.0,0.0,0.0,-0.003390249702734839,0.0,0.0,0.0,0.0,0.0,0.0,0.012761104505218654,0.0,0.0015951380631523317,0.0,0.0,-0.11342222222222222,0.0,0.0,0.0,0.0,0.0,0.0,0.0,0.0,0.0,0.0,0.0,0.0,3.7204386312590835e-05,0.0,0.0,0.0,0.0,0.0,0.0,0.0,0.0,0.0,0.0,0.0,-0.0023810807240058135,0.0,0.0,0.0,0.0,0.0,0.0,0.00012556480380499405,0.0010045184304399524,0.0,0.0,0.0,0.0,0.0,0.0,0.0,0.0,0.0,0.0,0.0,0.0,0.0,-0.056583221033161574,0.0,0.0,0.0,0.0
2019-12-31,0.0,0.0,0.0,0.0,0.0,0.0,0.0,0.0,0.0,0.0,0.0,0.0,0.0,0.0,0.0,0.0,0.0,0.0,0.0,0.0,-0.0010045184304399524,0.0,0.0,0.0,0.03720438631259083,0.0,0.08173803672876205,0.0,0.0,0.0,0.0,0.0,0.0,0.0,0.0,-0.0015951380631523317,0.0,0.0,3.7204386312590835e-05,0.0,0.0,0.0,0.015695600475624256,0.0,0.0,0.0,0.0,0.0,0.0,0.0,0.0,0.0,0.0005813185361342317,0.0,0.0,0.0,0.0,0.0,0.0,0.0,0.0,0.0,0.07266481701677897,0.0,0.0,0.0,0.0,0.0,0.0,0.0,0.027121997621878714,0.0,0.0,0.0,0.0,0.0,0.0,0.0,0.0,0.0,0.0,-0.07266481701677897,0.0,0.0,0.0,0.0,0.0,0.0,0.0,0.0,0.0,0.0,0.0,0.0,0.0,0.0,0.0,0.031898110714757566,0.0,0.0,0.0,0.0,0.0,0.0,0.0,0.0,-0.06428917954815695,0.0,0.0,0.0,0.019048645792046508,0.0,0.0,0.0,0.0,-0.03720438631259083,0.0,0.0,0.0,0.0,0.0,0.0,0.12,0.0,0.0,0.0,0.0,0.0,0.0,0.0,0.0,0.0,0.0,0.0,0.0,0.0,0.0,0.0,0.0,0.0,0.0,0.0,0.0,0.0,0.0,0.0,0.0,0.0,-0.0061898797727573,0.0,0.0,0.0,0.0,0.0,0.0,0.0,0.0,0.0,0.0,0.0,0.0,-0.0023810807240058135,0.0,-0.00012556480380499405,0.0,0.0,0.0,0.0,0.0,0.0,0.010217254591095256,0.0,0.0,0.0,0.0,0.0,0.0,-0.031898110714757566,0.0,0.0,0.0,-0.019048645792046508,0.0,0.0,-0.09153674197384067,0.0023810807240058135,0.0,0.0,0.0,0.0,0.008036147443519619,0.0,0.0,0.0,0.0,0.0,0.0,0.0,0.0,0.0,0.0,0.0,0.0,0.0,0.0,0.0,0.0,0.0,0.09153674197384067,0.0,0.0,0.0,0.0,0.0,0.0,0.0,-3.7204386312590835e-05,0.0,0.0,0.0,0.0,0.0,0.0,0.0,0.0,0.0,0.0,-0.022848143744219843,0.0,0.0,0.0,0.0,0.0,0.0,0.0,0.0,0.0,0.0,0.0,0.0,0.0,0.0,0.0,0.0,0.0,0.0,0.0,0.0,0.0,0.0,0.0,0.0,-0.12,0.0,0.0,0.004650548289073853,0.0,0.0,0.0,0.0,0.0,0.0,0.0495190381820584,-0.004650548289073853,0.0,0.0,0.10208883604174923,0.0,0.0,0.0,0.0,0.0,0.0,0.0,0.0,0.0,0.0,0.0,0.0,0.0,0.0,0.0,0.0,0.0,0.11342222222222222,0.0,0.0,0.0,0.0,0.0,0.0,0.0,0.0,0.0002976350905007267,0.0,0.0,0.0,0.0,0.0,0.0,0.0,0.0,0.0,0.0,0.0,0.0,0.0,-0.015695600475624256,-0.008036147443519619,0.0,0.0,0.0,0.0,0.0,0.0,0.0,0.0010045184304399524,0.0,0.0,0.0,0.0,0.0,0.0,0.0,0.0,0.0,0.0,0.0,0.0,0.0,0.0,0.0,0.0,0.0,-0.027121997621878714,0.0,0.0,0.0,0.0061898797727573,0.0,0.0,0.0015951380631523317,0.0,0.0,0.0,0.0,0.0,0.0,0.0,0.0,-0.0002976350905007267,0.0,0.0,0.0,-4.650548289073854e-06,0.0,0.0,0.0,0.0,0.0,0.0,0.0,0.003390249702734839,0.0,0.0,0.0,0.0,0.0,0.0,0.0,0.04306872770511296,0.0,0.0,0.0,0.0,-0.0005813185361342317,0.0,-0.10208883604174923,0.0,0.0,0.0,0.0,0.0,0.0,0.0,0.0,0.0,-0.0495190381820584,0.0,0.0,0.0,0.0,0.0,0.0,0.0,0.0,0.0,0.0,0.0,0.0,0.0,-0.012761104505218654,0.012761104505218654,0.0,0.0,0.0,0.0,-0.11342222222222222,0.0,0.0,0.0,0.0,0.0,4.650548289073854e-06,0.0,0.0,0.0,0.0,0.0,0.0,0.0,0.0,0.0,0.022848143744219843,0.0,0.0,0.0,0.06428917954815695,0.0,0.0,0.0,-0.04306872770511296,0.0,0.0,-0.08173803672876205,-0.010217254591095256,0.0,0.0,0.0,0.0,0.0,0.0,0.0,0.0,0.056583221033161574,0.0,0.0,0.0,0.0,0.0,-0.056583221033161574,0.0,0.0,0.0,0.0,0.0,0.0,0.0,0.0,0.0,0.00012556480380499405,0.0,0.0,0.0,0.0,0.0,0.0,0.0,0.0,0.0,0.0,0.0,-0.003390249702734839,0.0,0.0,0.0,0.0,0.0,0.0,0.0,0.0,0.0,0.0,0.0,0.0,0.0,0.0,0.0,0.0,0.0,0.0,0.0,0.0,0.0,0.0,0.0,0.0,0.0,0.0
2020-01-31,0.0,0.0,0.0,0.0,0.0,0.0,0.0,0.0,0.0,0.0,0.0,0.0,0.0,0.0,0.0,0.0,0.0,0.0,0.0,0.0,-0.004650548289073853,0.0,0.0,0.0,0.00012556480380499405,0.0,0.07266481701677897,0.0,0.0,0.0,0.0,0.0,0.0,0.0,0.0,-0.0061898797727573,0.0,0.0,0.008036147443519619,0.0,0.0,0.0,0.0,0.0,0.0,0.0,0.0,0.04306872770511296,0.0,0.0,0.0,0.0,0.0,0.0,0.0,0.0,-0.09153674197384067,0.0,0.0,0.0,0.0,0.0,0.08173803672876205,0.0,0.0,0.0,0.0,0.0,0.0,0.0,0.004650548289073853,0.0,0.0,0.0,0.0,0.0,0.0,0.0,0.0,0.0,0.0,-0.015695600475624256,0.0,0.0,0.0,0.0,0.0,0.0,-0.03720438631259083,0.0,0.0,0.0,0.0,0.0,0.0,0.0,0.0,0.015695600475624256,0.0,0.0,0.0,0.0,0.0,-0.031898110714757566,0.0,0.0,0.0,0.0,0.0,0.0,0.012761104505218654,0.0,0.0,0.0,0.0,0.0,0.0,0.0015951380631523317,0.0,0.0,0.0,0.0,0.12,0.0,0.0,0.0,0.0,0.0,-0.022848143744219843,0.0,0.0,0.0,0.0,0.0,0.0,0.0,0.0,0.0,0.0,0.0,0.0,0.0,0.0,0.0,0.0,0.0,0.0,0.0,0.0,0.09153674197384067,0.0,0.0,0.0,0.0,0.0,0.0,0.0,0.0,0.0,0.0,0.0,-0.0023810807240058135,0.0,-3.7204386312590835e-05,0.0,0.0,0.0,0.0,0.0,0.0,0.0,0.0,0.0,0.0,0.0,0.0,0.0,-0.0015951380631523317,0.0,0.0,0.0,-0.010217254591095256,0.0,0.0,-0.07266481701677897,0.06428917954815695,0.0,0.0,0.0,0.0,0.0,0.0,0.0,0.0,0.0,0.0,0.0,0.0,0.0,0.0010045184304399524,0.0,0.0,0.0,0.0,0.0,0.0,0.0,0.0,0.027121997621878714,0.0,0.0,0.0,3.7204386312590835e-05,0.0,0.0,0.0,-0.003390249702734839,0.0,0.0,0.0,0.0,0.0,0.0,0.0,0.0,0.0,0.0,0.0,0.0,0.0,0.0,0.0,0.0,0.0,0.0,-0.056583221033161574,0.0,0.0,0.0,0.0,0.0,0.0,0.0,0.0,0.0,0.0,0.0,0.0,0.0,0.0,0.0,0.0,0.0,0.0,0.0,0.0002976350905007267,0.0,0.0,0.0,0.0,0.0,0.0,0.019048645792046508,-0.0010045184304399524,0.0,0.0,0.022848143744219843,0.0,0.0,0.0,0.0,0.0,0.0,0.0,0.0,0.0,0.0,0.0,0.0,0.056583221033161574,0.0,0.0,0.0,0.0,0.031898110714757566,0.010217254591095256,0.0,0.0,0.0,0.0,0.0,0.0,0.0,0.0,0.0,0.0,0.0,0.0,0.0,0.0,0.0,0.0,0.0,0.0,0.0,-0.04306872770511296,0.0,0.0,-0.00012556480380499405,0.0,0.0,0.0,4.650548289073854e-06,0.0,0.0061898797727573,0.0,0.0023810807240058135,0.0,0.0,0.0,0.0,0.0,0.0,0.0,0.0,0.0,0.0,0.0,0.0,0.0,0.0,0.0,0.0,0.0,0.0,0.0,0.0,0.0,0.0,0.0,0.0,0.0,0.0,0.0,0.0,0.0,0.0,0.0,0.0,0.0,-0.0002976350905007267,0.0,0.0,0.0,-4.650548289073854e-06,0.0,0.0,-0.06428917954815695,0.0,0.0,0.0,0.0,0.0,0.0,0.0,0.0,0.0,0.0,0.0,0.0,0.11342222222222222,0.0,0.0,0.0,0.0,-0.012761104505218654,0.0,0.0,0.0,0.0,0.003390249702734839,0.0,0.0,0.0,0.0,0.0,0.0,0.0,0.0,0.0,-0.10208883604174923,0.0,0.0,0.0,0.0,0.0,0.0,0.0,0.0,0.0,0.0,0.0,0.0,0.0,0.0,0.0,0.0,-0.0495190381820584,0.0,0.0,0.0,0.0,0.0,0.0,0.0,0.0,0.0,0.0,0.0,0.0,0.0,0.0,-0.027121997621878714,0.0005813185361342317,0.0,0.0,0.0,0.0495190381820584,0.0,0.03720438631259083,0.0,-0.12,0.0,0.0,0.0,-0.019048645792046508,0.0,0.0,0.0,0.0,0.0,0.0,0.0,0.0,0.10208883604174923,0.0,0.0,-0.11342222222222222,0.0,0.0,-0.008036147443519619,0.0,0.0,-0.08173803672876205,0.0,0.0,0.0,0.0,0.0,0.0,0.0,0.0,0.0,0.0,0.0,0.0,0.0,0.0,0.0,0.0,0.0,0.0,-0.0005813185361342317,0.0,0.0,0.0,0.0,0.0,0.0,0.0,0.0,0.0,0.0,0.0,0.0,0.0,0.0,0.0,0.0,0.0,0.0,0.0,0.0,0.0,0.0,0.0,0.0,0.0,0.0
2020-02-29,0.0,0.0023810807240058135,0.0,-0.06428917954815695,0.0,0.0,0.0,0.0,0.0,0.0,0.0,0.0,0.0,0.0,0.0,0.0,0.0,0.0,0.0,0.0,0.0,0.0,0.0,0.0,0.004650548289073853,0.0,0.11342222222222222,0.0,0.0,0.0,0.0,0.0,0.0,0.0,0.0,0.0,0.0,0.0,0.0495190381820584,0.0,0.0,0.0,0.04306872770511296,0.0,0.0,0.0,0.0,3.7204386312590835e-05,0.0,0.0,0.0,0.0,0.0,0.0,0.0,0.0,-0.015695600475624256,0.0,0.0,0.0,0.0,0.0,0.09153674197384067,0.0,0.0,0.0,0.0,0.0,0.0,0.0,0.0061898797727573,0.0,0.0,0.0,0.0,0.0,0.0,0.0,0.0,0.0,0.0,0.0,0.0,0.0,0.0,0.0,0.0,0.0,-0.031898110714757566,0.0,0.0,0.0,0.0,0.0,0.0,0.0,0.0,0.010217254591095256,0.0,0.0,0.0,0.0,0.0,0.0,-0.0495190381820584,0.0,0.0,0.0,0.0,0.0,0.0015951380631523317,0.0,0.0,0.0,0.0,-0.0002976350905007267,0.0,0.0,0.0,0.0,0.0,0.0,0.12,0.0,0.0,0.0,0.0,-0.10208883604174923,-0.0061898797727573,0.0,0.0,0.0,0.0,0.0,0.0,0.0,0.0,0.0,0.0,0.0,0.0,0.0,0.0,0.0,0.0,0.0,0.0,0.0,0.0,0.022848143744219843,0.0,0.0,0.0,0.0,0.0,0.0,0.0,0.0,0.0,0.0,0.0,0.0,0.0,-4.650548289073854e-06,0.0,0.0,0.0,0.0,0.0,0.0,0.0,0.0,-0.09153674197384067,0.0,0.0,0.0,0.0,0.0,0.0,0.0,0.0,-0.04306872770511296,0.0,0.0,-0.003390249702734839,0.027121997621878714,0.0,0.0,0.0,0.0,0.0,0.0,0.0,0.0,0.0,0.0,0.0,0.0,0.0,0.0,0.0,0.0,-0.07266481701677897,0.0,0.0,0.0,0.0,0.0,0.031898110714757566,0.0,0.0,0.0,0.0,0.0,0.0,0.0,0.0,0.0,0.0,0.0,0.0,0.0,0.0,0.0,0.0,0.0,0.0,0.0,0.0,0.0,0.0,0.0,0.0,0.0,0.00012556480380499405,-0.0023810807240058135,0.0,0.0,0.0,0.0,0.0,0.0,0.0,0.0,0.0,0.0,0.0,0.012761104505218654,0.0,0.0,0.0,0.0,0.0,0.0,0.0,0.0,0.0,0.0,0.0,0.0,0.0,0.0,0.0,-0.004650548289073853,0.0,0.0,0.03720438631259083,0.0,0.0,0.0,0.0,-0.11342222222222222,0.0,0.0010045184304399524,0.0,0.0,0.0,0.0,0.0,0.056583221033161574,0.0,0.0,0.0,0.0,0.07266481701677897,0.003390249702734839,0.0,0.0,0.0,0.0,0.0,0.0,0.0,0.0,0.0,0.0,0.0,0.0,0.0,0.0,0.0,0.0,0.0,0.0,0.0,-0.03720438631259083,0.0,0.0,-0.0005813185361342317,0.0,0.0,0.0,0.0,0.0,0.0,0.0,0.0,0.0,0.0,0.0,0.0,0.0,0.0,0.0,0.0,0.0,0.0,0.0,0.0,0.0,0.0,0.0,0.0,0.0,0.0,0.0,0.0,0.0005813185361342317,0.0,0.0,0.0,0.0,0.0,0.0,0.0,0.0,0.0,0.0,0.0,-0.056583221033161574,-3.7204386312590835e-05,0.0,0.0,0.0,-0.0015951380631523317,0.0,0.0,-0.012761104505218654,0.0,0.0,0.0,0.0,0.0,0.0,0.0,-0.08173803672876205,0.0,0.0,0.0,0.0,0.08173803672876205,0.0,0.0,0.0,0.0,0.0,0.0,-0.022848143744219843,0.0,0.0,4.650548289073854e-06,0.0,0.0,0.0,0.0,0.0,0.0,0.0,0.0,0.0,-0.019048645792046508,0.0,0.0,0.0,0.0,0.0,0.0,0.0,0.0,0.0,0.0,0.0,0.0,0.0,0.0,0.0,-0.12,-0.010217254591095256,0.0,0.0,0.0,0.0,0.0,0.0,0.0,0.0,0.0,0.008036147443519619,0.0,0.0,0.0,0.0,0.0,0.0002976350905007267,0.0,0.0,0.0,0.06428917954815695,0.0,0.019048645792046508,0.0,-0.008036147443519619,0.0,0.0,0.0,-0.027121997621878714,0.0,0.0,0.0,0.0,0.0,0.0,0.0,0.0,0.10208883604174923,0.0,0.0,0.0,0.0,0.0,-0.00012556480380499405,0.0,0.0,0.0,0.0,0.0,0.0,0.0,0.0,0.0,0.0,0.0,0.0,0.0,0.0,0.0,0.0,0.0,0.0,0.0,0.0,0.0,-0.0010045184304399524,0.0,0.0,0.0,0.0,0.0,0.015695600475624256,0.0,0.0,0.0,0.0,0.0,0.0,0.0,0.0,0.0,0.0,0.0,0.0,0.0,0.0,0.0,0.0,0.0,0.0,0.0,0.0
2020-03-31,0.0,0.031898110714757566,0.0,0.0,0.0,0.0,0.0,0.0,0.0,0.0,0.0,0.0,0.0,0.0,0.0,0.0,0.0,0.0,0.0,0.0,0.0,0.0,0.0,0.0,0.0,0.0,0.0495190381820584,0.0,0.0,0.0,0.0,0.0,0.0,0.0,0.0,0.0,0.0,0.0,0.0023810807240058135,0.0,0.0,0.0,0.008036147443519619,0.0,0.0,0.0,0.0,0.0,0.0,0.0,-0.06428917954815695,0.0,0.0,0.0,0.0,0.0,0.0,0.0,0.0,-0.07266481701677897,0.0,0.0,0.019048645792046508,0.0,0.0,-0.11342222222222222,0.0,0.0,0.0,0.0,0.027121997621878714,0.0,0.0,0.0,0.0,0.0,0.0,0.0,0.0,0.0,0.0,-0.015695600475624256,0.0,0.0,0.0,0.0,0.0,0.0,-0.0495190381820584,0.0,0.0,0.0,0.0,0.0,0.0,0.0,0.0,0.0,0.0,0.0,0.0,0.0,0.0,0.0,0.0,0.0,0.0,0.0,0.0,0.0,0.06428917954815695,0.0,0.0,0.0,0.0,0.0,0.0,3.7204386312590835e-05,0.0,0.0,-0.12,0.0,0.10208883604174923,0.0,0.0,0.0,0.0,0.0,-0.0010045184304399524,0.0,0.0,0.0,0.0,0.0,0.0,0.0,0.0,0.0,0.0,0.0,0.0,0.0,0.0,0.0,0.0,0.0,0.0,0.0,0.0,0.022848143744219843,0.0,0.0,0.0,0.0,0.0,0.0,0.0,0.0,0.0,0.0,0.0,-0.0061898797727573,0.0,-4.650548289073854e-06,0.0,0.0,0.0,0.0,0.0,0.0,0.0,0.0,0.0,0.0,0.0,0.0,0.0,-0.0023810807240058135,0.0,0.0,0.0,-0.04306872770511296,0.0,0.0,-0.008036147443519619,0.010217254591095256,0.0,0.0,0.0,0.0,0.0,0.0,0.0,0.0,0.0,0.0,0.0,0.0,0.0,0.0,0.0,0.0,0.0,0.0,0.0,0.0,-0.03720438631259083,0.0,0.07266481701677897,0.0,0.0,0.0,0.0015951380631523317,0.0,0.0,0.0,-0.004650548289073853,0.0,0.0,0.0,0.0,0.0,0.0,0.0,0.0,0.0,0.0,0.0,0.0,0.0,0.0,0.0,0.0,0.0,0.0,0.0,0.0,0.0,0.0,0.0,0.0,0.0,0.0,0.0,0.0,0.0,0.0,0.0,0.0,0.0,0.0,0.0,0.0,0.0,0.0,0.0,0.0,0.0,0.0,0.0,0.0,0.0,0.0,-0.0005813185361342317,0.0,0.0,0.0,0.0,0.0,0.0,0.0,0.0,0.0,0.003390249702734839,0.0,0.0,0.0,0.0,0.0,0.0061898797727573,0.0,0.0,0.0,0.0,0.012761104505218654,0.0,0.0,0.0,0.0,0.0,0.0,0.0,0.0,0.0,0.0,0.0,0.0,0.0,0.0,0.0,0.0,0.0,0.0,0.0,0.0,-0.031898110714757566,0.0,0.0,-0.0002976350905007267,0.0,0.0,0.0,0.0,0.0,0.0,0.0,0.0005813185361342317,0.0,0.0,0.0,0.0,0.0,0.0,0.0,0.0,0.0,0.0,0.0,0.0,0.0,0.0,0.0,0.0,0.0,0.0,0.0,-0.022848143744219843,0.004650548289073853,0.0,0.0,0.0,0.0,0.0,0.0,0.0,0.0,0.0,0.0,0.0,0.0,-0.00012556480380499405,0.0,0.0,0.0,0.056583221033161574,0.0,0.0,0.0,0.0,0.0,0.0,0.0,0.0,0.0,0.0,0.0,0.0,0.0,0.0,0.0,0.11342222222222222,0.0,0.0,0.0,0.0,-0.0015951380631523317,0.0,0.0,0.0,0.0,0.08173803672876205,0.0,0.0,0.0,-0.019048645792046508,0.0,0.0,0.0,4.650548289073854e-06,0.0,0.0,0.0,0.0,0.0,0.0,0.0,0.0,0.0,0.0,0.0,0.0,-0.056583221033161574,0.04306872770511296,0.0,0.0,0.0,0.0,-0.003390249702734839,0.0,0.0,0.0,0.0,0.0,0.0,0.0,0.0,0.0,0.0002976350905007267,0.0,0.0,0.0,0.0,-0.08173803672876205,0.015695600475624256,0.0,0.0,0.0,0.03720438631259083,0.0,0.0,0.0,-3.7204386312590835e-05,0.0,0.0,0.0,-0.010217254591095256,0.0,0.0,0.0,0.0,0.0,0.12,0.0,0.0,0.09153674197384067,0.0,0.0,-0.10208883604174923,0.0010045184304399524,-0.09153674197384067,0.0,0.0,0.0,0.0,0.0,0.0,0.0,0.0,0.0,0.0,0.0,0.0,0.0,0.0,0.0,0.0,0.0,0.0,0.0,0.0,0.0,0.0,-0.012761104505218654,0.0,0.0,0.0,0.0,0.0,0.00012556480380499405,0.0,0.0,0.0,0.0,-0.027121997621878714,0.0,0.0,0.0,0.0,0.0,0.0,0.0,0.0,0.0,0.0,0.0,0.0,0.0,0.0,0.0
2020-04-30,0.0,0.027121997621878714,0.0,0.0,0.0,0.0,0.0,0.0,0.0,0.0,0.0,0.0,0.0,0.0,0.0,0.0,0.0,0.0,0.0,0.0,0.0,0.0,0.0,0.0,0.008036147443519619,0.0,0.07266481701677897,0.0,0.0,0.0,0.0,0.0,-0.03720438631259083,0.0,0.0,0.0,0.0,0.0,0.004650548289073853,0.0,0.0,0.0,0.0015951380631523317,0.0,0.0,0.0,0.0,0.010217254591095256,0.0,0.0,-0.0061898797727573,0.0,0.0,0.0,0.0,0.0,-0.019048645792046508,0.0,0.0,0.0,0.0,-0.008036147443519619,0.031898110714757566,0.0,0.0,0.0,0.0,0.0,0.0,0.0,0.03720438631259083,0.0,0.0,0.0,0.0,0.0,0.0,0.0,0.0,0.0,0.0,-0.0023810807240058135,0.0,0.0,0.0,0.0,0.0,0.0,0.0,0.0,0.0,0.0,0.0,0.0,0.0,0.0,0.0,0.0,0.0,0.0,0.0,0.0,0.0,-0.07266481701677897,0.0,0.0,-0.09153674197384067,0.0,0.0,0.0,0.0,0.0,0.0,0.0,0.0,0.0,0.0,0.0,0.0,0.0,0.0,0.0,0.09153674197384067,0.0,0.0,0.0,0.0,0.0,-0.0010045184304399524,0.0,0.0,0.0,-0.11342222222222222,0.0,0.0,0.0,0.0,0.0,0.0,0.0,0.0,0.0,0.0,0.0,0.0,0.0,0.0,0.0,-0.003390249702734839,0.11342222222222222,0.0,0.0,0.0,0.0,0.0,0.0,0.0,0.0,0.0,0.0,0.0,-0.031898110714757566,0.0,-4.650548289073854e-06,0.0,0.0,0.0,0.0,0.0,0.0,0.0,0.0,0.0,0.0,0.0,0.0,0.0,-0.004650548289073853,0.0,0.0,0.0,0.0,0.0,0.0,-0.0495190381820584,0.0023810807240058135,0.0,0.0,0.0,0.0,0.0,0.0,0.0,0.0,0.0,0.0,0.0,0.0,0.0,0.0,0.0,0.0061898797727573,0.0,0.0,0.0,0.0,-0.027121997621878714,0.0,0.08173803672876205,0.0,0.0,0.0,0.0,0.0,0.0,0.0,-0.0015951380631523317,0.0,0.0,0.0,0.0,0.0,0.0,0.0,0.0,0.0,0.0,0.0,0.0,0.0,0.0,0.0,0.0,0.0,0.015695600475624256,0.0,0.0,0.0,0.0,0.0,0.0,0.0,0.0,0.0,0.0,0.0,0.0,0.0,0.0,0.0,0.0,0.0,0.0,0.0,0.0,0.0,0.0,0.0,0.0,0.0,0.0,0.0,0.0,0.0,0.0,0.0,0.0,0.0,0.0,0.0,0.0,0.0,0.0,0.019048645792046508,0.0,0.0,0.0,0.0,0.0,0.056583221033161574,0.0,0.0,0.0,0.0,0.0495190381820584,0.0,0.0,0.0,0.0,0.0,0.0,0.0,0.0,0.0,0.0,0.0,0.0,0.0,0.0,0.0,0.0,0.0,0.0,0.0,0.0,-0.10208883604174923,0.0,0.0,-0.0005813185361342317,0.0,0.0,0.0,0.0,0.0,0.0,0.0,0.022848143744219843,0.0,0.0,0.0,0.0,0.0,-0.015695600475624256,0.0,0.0,0.0,0.0,0.0,0.0,0.0,0.0,0.0,0.0,0.0,0.0,0.0,-0.04306872770511296,0.06428917954815695,0.0,0.0,0.0,0.0,0.0,0.0,0.0,0.0,0.0,0.0,0.0,0.0,-0.00012556480380499405,0.0,0.0,0.0,3.7204386312590835e-05,0.0,0.0,0.0,0.0,0.0,0.0,0.0,0.0005813185361342317,0.0,0.0,0.0,0.0,0.0,0.0,0.0,0.10208883604174923,0.0,0.0,0.0,0.0,-3.7204386312590835e-05,0.0,0.0,0.0,0.0,0.04306872770511296,-0.08173803672876205,0.0,0.0,0.0,0.0,0.0,0.0,0.003390249702734839,0.0,0.0,0.0,0.0,0.0,0.0,0.0,0.0,0.0,0.0,0.0,0.0,-0.012761104505218654,0.0,0.0,0.0,0.0,0.0,-0.022848143744219843,0.0,0.0,0.0,0.0,0.0,0.0,0.0,0.0,0.0,0.0,0.0,0.0,0.0,0.0,0.0,4.650548289073854e-06,0.0,0.0,0.0,0.0002976350905007267,0.0,0.00012556480380499405,0.0,-0.0002976350905007267,0.0,0.0,0.0,0.0,0.0,0.0,0.0,0.0,0.0,0.12,0.0,0.0,0.012761104505218654,0.0,0.0,0.0,0.0010045184304399524,-0.056583221033161574,0.0,0.0,0.0,0.0,0.0,0.0,0.0,0.0,0.0,0.0,0.0,0.0,0.0,0.0,0.0,0.0,0.0,0.0,0.0,0.0,0.0,0.0,-0.06428917954815695,0.0,0.0,0.0,0.0,0.0,0.0,0.0,0.0,0.0,0.0,-0.12,0.0,0.0,0.0,0.0,0.0,0.0,0.0,0.0,-0.010217254591095256,0.0,0.0,0.0,0.0,0.0,0.0
2020-05-31,0.0,0.003390249702734839,0.0,0.0,0.0,0.0,0.0,0.0,0.0,0.0,0.0,0.0,0.0,0.0,0.0,0.0,0.0,0.0,0.0,0.0,0.0,0.0,0.0,0.0,0.0,0.0,0.08173803672876205,0.0,0.0,0.0,0.0,0.0,0.0,0.0,0.0,-0.00012556480380499405,0.0,0.0,3.7204386312590835e-05,0.0,0.0,0.0,0.010217254591095256,0.0,0.0,0.0,0.0,0.015695600475624256,0.0,0.0,-0.022848143744219843,0.0,0.0,0.0,0.0,0.0,-0.11342222222222222,0.0,0.0,0.0015951380631523317,0.0,-0.019048645792046508,0.0,0.0,0.0,0.0,0.0,0.0,0.0,0.0,0.0061898797727573,0.0,0.0,0.0,0.0,0.0,0.0,0.0,0.0,0.0,0.0,-0.0023810807240058135,0.0,0.0,0.0,0.0,0.0,0.0,0.0,0.0,0.0,0.0,0.0,0.0,0.0,0.0,0.0,0.0,0.0,0.0,0.0,0.0,0.0,0.0,0.0,0.0,-0.056583221033161574,0.0,0.0,0.0,0.0,0.0,0.0,0.0,0.0,0.0,0.0,0.0,0.0,0.0,0.0,0.0,0.0,0.0,0.0,0.0,0.0,0.0,-0.03720438631259083,0.0,0.0,0.0,0.0,0.0,0.0,0.0,0.0,0.0,0.0,0.0,0.0,0.0,0.0,0.0,-0.06428917954815695,0.0,0.0,0.0495190381820584,-3.7204386312590835e-05,0.12,0.0,0.0,0.0,0.0,0.0,0.0,0.0,0.0,0.0,0.0,0.0,-0.015695600475624256,0.004650548289073853,-0.012761104505218654,0.0,0.0,0.0,0.0,0.0,0.0,0.0,0.0,0.0,0.0,0.0,0.0,0.0,-0.0010045184304399524,0.0,0.0,0.0,0.0,0.0,0.0,0.0,0.0,0.0,0.0,0.0,0.0,0.0,0.0,0.0,0.0,0.0,0.0,0.0,0.0,0.0,0.0,0.0,0.056583221033161574,0.0,0.0,0.0,0.0,0.0,0.0,0.09153674197384067,0.0,0.0,0.0,0.0,0.0,0.0,0.0,-0.0005813185361342317,0.0,0.0,0.0,0.0,0.0,0.0,0.0,0.0,0.0,0.0,0.0,0.0,0.0,0.0,0.0,0.0,0.0,0.0,0.0,0.0,0.0,0.0,0.0,0.0,0.0,0.0,0.0,0.0,0.0,0.0,0.0,0.0,0.0,0.0,0.0,0.0,0.0,0.0,0.0,0.0,0.0,0.0,0.0,0.0,0.0,0.0,0.0,0.0,0.0,0.0,0.0,0.0,0.0,0.0,0.0,0.0,0.027121997621878714,0.0,0.0,0.0,0.0,0.0,0.04306872770511296,0.0,0.0,0.0,0.0,0.022848143744219843,0.0,0.0,0.0,0.0,0.0,0.0,0.0,0.0,0.0,0.0,0.0,0.0,0.0,0.0,0.0,0.0,0.0,0.0,0.0,0.0,0.0,0.0,0.0,-0.027121997621878714,-0.09153674197384067,4.650548289073854e-06,0.0,0.07266481701677897,0.0,0.0,0.0,0.03720438631259083,0.0002976350905007267,0.0,0.0,0.0,0.0,-0.0002976350905007267,0.0,0.0,0.0,0.00012556480380499405,0.0,0.0,0.0,0.0,0.0,0.0,0.0,0.0,0.0,0.0,0.06428917954815695,0.0,0.0,0.0,0.0,0.0,0.0010045184304399524,-0.04306872770511296,0.0,0.0,0.0,0.0,0.0,-4.650548289073854e-06,0.0,0.0,0.0,0.0,0.0,0.0,0.0,0.0,0.0,0.0,0.0,0.0,0.0,0.0,0.0,0.0,0.0,0.0,0.0,0.10208883604174923,0.0,0.0,0.0,0.0,-0.0015951380631523317,0.0,0.0,0.0,0.0,0.008036147443519619,-0.0061898797727573,0.0,0.0,0.0,0.0,0.0,0.0,0.012761104505218654,0.0,0.0,0.0,0.0,0.0,0.0,0.0,0.0005813185361342317,0.0,0.0,0.0,0.0,-0.008036147443519619,0.0,0.0,0.0,0.0,0.0,-0.004650548289073853,0.0,0.0,0.0,0.0,0.0,0.0,0.0,0.0,0.0,0.0,0.0,0.0,0.0,0.0,0.0,0.0,0.0,0.0,0.0,0.019048645792046508,0.0,0.0,0.0,-0.010217254591095256,0.0,0.0,0.0,-0.07266481701677897,-0.003390249702734839,0.0,0.0,0.0,0.0,0.11342222222222222,0.0,0.0,0.0,0.0,0.0,0.0,0.031898110714757566,-0.031898110714757566,0.0,0.0,0.0,-0.12,0.0,0.0,0.0,0.0,0.0,0.0,0.0,0.0,0.0,0.0,0.0,0.0,0.0,0.0,0.0,0.0,0.0,-0.08173803672876205,0.0,0.0,0.0,0.0,0.0,0.0,0.0,0.0,0.0,0.0,0.0,-0.10208883604174923,0.0,0.0,0.0,0.0023810807240058135,0.0,0.0,0.0,0.0,-0.0495190381820584,0.0,0.0,0.0,0.0,0.0,0.0
2020-06-30,0.0,0.010217254591095256,0.0,0.0,0.0,0.0,0.0,0.0,0.0,0.0,0.0,0.0,0.0,0.0,0.0,0.0,-0.027121997621878714,0.0,0.0,0.0,0.0,0.0,0.0,0.0,0.0,0.0,0.06428917954815695,0.0,3.7204386312590835e-05,0.0,0.0,0.0,0.0,0.0,0.0,0.10208883604174923,0.0,0.0,0.0,0.0,0.0,0.0,0.0010045184304399524,0.0,0.0,0.0,0.0,0.0,0.0,0.0,-0.0002976350905007267,0.0,0.0,0.0,0.0,0.0,-0.012761104505218654,0.0,0.0,0.0,0.0,0.0,0.0495190381820584,0.0,0.0,0.0,0.0,0.0,0.0,0.0,4.650548289073854e-06,0.0,0.0,0.0,0.0,0.0,0.0,0.0,0.0,0.0,0.0,-0.00012556480380499405,0.0,0.0,0.0,-0.12,0.0,0.0,0.0,0.0,0.0,0.0,0.0,0.0,0.0,0.0,0.0,0.0,0.0,0.0,0.0,-0.022848143744219843,0.0,0.0,0.0,0.0,0.0,0.0,0.0,0.0,0.0,0.0,0.0,0.0,0.0,0.0,0.0,0.0,0.0,0.0,0.0,0.0,0.0005813185361342317,0.0,0.0,0.0,-0.0015951380631523317,0.0,0.0,0.0002976350905007267,0.0,0.0,-0.09153674197384067,0.0,0.0,0.0,0.0,0.0,0.0,0.0,0.0,0.0,0.0,0.0,0.0,0.0,0.0,0.012761104505218654,0.0,0.11342222222222222,0.0,0.0,0.0,0.0,0.0,0.0,0.0,0.0,0.0,0.0,0.0,-0.04306872770511296,0.0061898797727573,0.0,0.0,0.0,0.0,0.0,0.0,0.0,0.0,0.0,0.0,0.0,0.0,0.0,-0.0061898797727573,0.0,0.0,0.0,0.0,0.0,0.0,0.0,0.0,0.0,0.0,0.0,0.0,-0.06428917954815695,0.0,0.0,0.0,0.0,0.0,0.0,0.0,0.0,0.0,0.0,0.0,0.027121997621878714,0.0,0.0,0.0,0.0,0.0,-0.056583221033161574,0.056583221033161574,0.0,0.0,0.0,0.0,0.0,0.0,0.0,-0.0495190381820584,0.0,0.0,0.0,0.0,0.0,0.0,0.0,0.0,0.0,0.0,0.0,0.0,0.0,0.0,0.0,0.0,0.022848143744219843,0.0,0.0,0.0,0.0,0.0,0.0,0.0,0.0,0.0,0.0,0.0,0.0,0.0,0.0,0.0,0.0,0.0,0.0,-0.0005813185361342317,0.0,0.0,0.0,0.0,0.0,0.0,0.0,0.0,0.0,0.0,0.0,0.0,0.0,0.0,0.0,0.0,0.0,0.0,0.0,0.0,0.0,0.0,0.0,0.0,0.0,0.0,0.003390249702734839,0.0,0.0,0.0,0.0,0.0,0.0,-0.015695600475624256,0.0,0.0,0.0,0.0,0.0,0.0,0.0,0.0,0.0,0.0,0.0,0.0,0.0,0.0,0.0,0.0,0.0,0.0,0.0,0.0,0.0,-0.003390249702734839,0.0,0.0,0.0,0.08173803672876205,0.0,0.0,0.0,0.0015951380631523317,0.0,0.0,0.0,0.0,0.0,-0.008036147443519619,0.0,0.0,0.0,0.07266481701677897,0.0,0.0,0.0,0.0,0.0,0.0,0.0,-0.10208883604174923,0.0,0.0,0.04306872770511296,0.0,0.0,0.0,0.0,0.0,0.0023810807240058135,0.0,0.0,0.0,0.0,0.0,0.0,-0.0010045184304399524,0.0,0.0,0.0,0.0,0.0,0.0,0.0,0.0,0.0,0.0,0.0,0.0,0.0,0.0,0.0,0.0,0.0,0.0,0.0,0.09153674197384067,0.0,0.0,0.0,0.0,-3.7204386312590835e-05,0.0,0.0,0.0,0.0,0.0,-0.03720438631259083,0.0,0.0,0.031898110714757566,0.0,0.0,-0.08173803672876205,0.004650548289073853,0.0,0.0,0.0,0.0,0.0,0.0,0.0,0.00012556480380499405,0.0,0.0,0.0,0.0,-0.010217254591095256,0.0,0.0,0.0,0.0,0.0,-0.0023810807240058135,0.0,0.0,0.0,0.0,0.0,0.0,0.0,0.0,0.0,0.0,0.0,0.0,0.0,0.0,0.0,0.0,0.0,0.0,0.0,0.0,0.0,0.015695600475624256,0.0,-0.019048645792046508,0.0,0.0,0.0,-0.031898110714757566,0.0,0.0,0.0,0.0,0.0,0.12,0.0,0.0,0.03720438631259083,0.0,0.0,-0.004650548289073853,0.0,-4.650548289073854e-06,0.0,0.0,0.0,0.0,0.0,0.0,0.0,0.0,0.0,0.0,0.0,0.0,0.0,0.0,0.0,0.0,0.0,0.0,0.0,0.008036147443519619,0.0,0.0,0.0,0.0,0.0,0.0,0.0,0.0,0.0,0.0,0.0,-0.11342222222222222,0.0,0.0,0.0,0.0,0.0,0.019048645792046508,0.0,0.0,0.0,0.0,-0.07266481701677897,0.0,0.0,0.0,0.0,0.0,0.0
2020-07-31,0.0,0.004650548289073853,0.0,0.0,0.0,0.0,0.0,0.0,0.0,0.0,0.0,0.0,0.0,0.0,0.0,0.0,-0.031898110714757566,0.0,0.0,0.0,0.0,0.0,0.0,0.0,0.0,0.0,0.031898110714757566,0.0,0.0,0.0,0.0,0.0,0.0,0.0,0.0,0.09153674197384067,0.0,0.0,0.0010045184304399524,0.0,0.0,0.0,0.0,0.0,0.0,0.0,0.0,0.0,0.0,0.0,-0.0010045184304399524,0.0,0.0,0.0,0.0,0.0,-0.008036147443519619,0.0,0.0,0.0,0.0,0.0,0.019048645792046508,0.0,0.0,0.0,0.0,0.0,0.0,0.0,0.0,-0.03720438631259083,0.0,0.0,0.0,0.0,0.0,0.0,0.0,0.0,0.0,-0.00012556480380499405,0.0,0.0,0.0,0.0,0.0,0.0,0.0,0.0,0.0,0.0,-0.004650548289073853,0.0,0.0,0.0,0.0,0.0,0.0,0.0,0.0,-0.0495190381820584,0.0,0.0,0.0,0.0,0.0,0.0,0.0,0.0,0.0,0.0,0.0,0.0,0.0,0.0,0.0,0.0,0.0,0.0,0.0,0.0,0.04306872770511296,0.0,0.0,0.0,-0.0023810807240058135,0.0,0.0,0.07266481701677897,0.0,0.0,0.0,0.0,0.0,0.0,0.0,0.0,0.0,0.0,0.0,0.0,0.0,0.0,0.0,0.0,0.0,0.012761104505218654,0.0,0.10208883604174923,0.0,0.0,0.0,0.0,0.0,0.0,0.0,0.0,0.0,0.0,0.0,0.0,0.0,0.0,0.0,0.0,0.0,0.0,0.0,0.0,0.0,0.0,0.0,0.0,0.0,0.0,-0.022848143744219843,-0.07266481701677897,0.0,0.0,0.0,0.0,0.0,0.0,0.0,0.0,0.0,0.0,0.0,0.0,0.0,0.0,0.0,-0.019048645792046508,0.0,0.03720438631259083,0.0,0.0,0.0,0.0,0.0,0.06428917954815695,0.0,0.0,0.0,0.0,0.0,0.0,0.0495190381820584,0.0,0.0,0.0,0.0,0.0,0.0,0.0,0.0,0.0,0.0,0.0,0.0,0.0,0.0,0.0,0.0,0.0,0.0,0.0,0.0,0.0,-0.10208883604174923,0.0,0.0,4.650548289073854e-06,0.0,0.0,0.0,0.0,0.0,0.0,0.0,0.0,0.0,0.0,0.0,0.0,0.0,0.0,0.0,0.0,0.0,0.0,-0.0005813185361342317,0.0,0.0,0.0,0.0,0.0,0.0,0.0,0.0,0.0,0.0,0.0,0.0,0.0,0.0005813185361342317,0.0,0.0,0.0,0.0,0.0,-0.015695600475624256,0.0,0.0,0.0,0.0,0.0,0.0,0.0061898797727573,0.0,0.0,0.0,0.0,0.0,0.008036147443519619,-0.056583221033161574,0.0,0.0,0.0,0.0,0.0,0.0,0.0,0.0,0.0,0.0,0.0,0.0,0.0,0.0,0.0,0.0,0.0,0.0,0.0,0.0,0.0,-0.010217254591095256,0.0,0.0015951380631523317,0.0,0.11342222222222222,0.0,0.0,0.0,0.0,0.0,0.0,-0.06428917954815695,0.0,0.0,-0.0015951380631523317,0.0,0.0,0.0,0.0023810807240058135,0.0,0.0,0.0,0.0,0.0,0.0,0.0,0.0,0.0,0.0,0.08173803672876205,0.0,0.0,0.0,0.0,0.0,0.022848143744219843,0.0,0.0,0.0,0.0,0.0,0.0,-3.7204386312590835e-05,0.0,0.0,0.0,0.0,0.0,0.0,0.0,0.0,0.0,0.0,0.0,0.0,0.0,0.0,0.0,0.0,0.0,0.0,0.0,0.003390249702734839,0.0,0.0,0.0,0.0,-0.003390249702734839,0.0,0.0,0.0,0.0,0.0,-0.027121997621878714,0.0,-0.09153674197384067,0.056583221033161574,0.0,0.0,0.0,0.0,0.0,0.0,0.0,0.0,0.0,0.0,0.0,0.0,0.0,0.0,0.0,0.0,0.0,0.0,0.0,0.0,0.0,0.0,-0.0002976350905007267,0.0,0.0,0.0,0.0,0.0,0.0,0.0,0.0,0.0,0.015695600475624256,0.0,0.0,0.0,0.0,0.0,0.0,0.0,0.0,0.0,0.0,0.0,0.0,0.0,-0.12,0.0,0.0,0.0,-0.0061898797727573,0.0,0.0,0.0,0.0,0.0,0.12,0.0,0.0,0.027121997621878714,0.0,0.0,0.0,0.0002976350905007267,-4.650548289073854e-06,0.0,0.0,0.0,0.0,0.0,0.0,0.0,0.0,0.0,0.0,0.0,0.0,0.0,0.0,0.0,0.0,0.0,0.0,0.0,0.00012556480380499405,0.0,-0.04306872770511296,0.0,0.0,0.0,0.0,0.0,0.0,0.0,0.0,-0.08173803672876205,-0.012761104505218654,0.0,0.0,0.0,0.0,3.7204386312590835e-05,0.010217254591095256,0.0,0.0,0.0,0.0,-0.11342222222222222,0.0,0.0,0.0,0.0,0.0,0.0
2020-08-31,0.0,0.04306872770511296,0.0,0.0,0.0,0.0,0.0,0.0,0.0,0.0,0.0,0.0,0.0,0.0,0.0,-0.09153674197384067,0.0,0.0,0.0,0.0,0.0,0.0,0.0,0.0,0.0,0.0,0.0061898797727573,0.0,0.0,0.0,0.0,0.0,0.0,0.0,0.0,0.10208883604174923,0.0,0.0,0.00012556480380499405,0.0,0.0,0.0,0.0,0.0,0.0,0.0,0.0,0.0010045184304399524,0.0,0.0,-0.003390249702734839,0.0,0.0,0.0,0.0,0.0,-0.04306872770511296,0.0,0.0,0.0,0.0,0.0,0.0,0.0,0.0,0.0,0.0,0.0,0.0,0.0,0.0,0.0,0.0,0.0,0.0,0.0,0.0,0.0,0.0,0.0,0.0,-3.7204386312590835e-05,0.0,0.0,0.0,-0.015695600475624256,0.0,0.0,0.0,0.0,0.0,0.0,-0.019048645792046508,0.0,0.0,0.0,0.0,0.0,0.0,0.0,0.0,0.0,0.0,0.0,0.0,0.0,0.0,0.0,0.0,0.0,0.0,0.0,0.0,0.0,0.0,0.004650548289073853,0.0,0.0,0.0,0.0,0.0,0.0,0.07266481701677897,0.0,0.0,0.0,-0.0002976350905007267,0.0,0.0,0.09153674197384067,0.0,0.0,0.0,0.0,0.0,0.0,0.0,0.0,0.0,0.0,0.0,0.0,0.0,0.0,0.0,0.0,0.0,0.0,0.0,0.08173803672876205,0.0,0.0,0.0,0.0,0.0,0.0,0.0,0.0,0.0,0.0,0.0,-0.07266481701677897,0.0,0.0,0.0,0.0,0.0,0.0,0.0,0.0,0.0,0.0,0.0,0.0,0.0,0.0,-0.0495190381820584,-0.0061898797727573,0.0,0.0,0.0,0.0,0.0,0.0,0.0,0.0,0.0,0.0,0.0,0.0,0.0,0.0,0.0,0.0,0.0,0.03720438631259083,0.0,0.0,0.0,0.0,0.0,0.0002976350905007267,0.0,0.0,0.0,0.0,0.0,0.0,0.008036147443519619,0.0,0.0,0.0,0.0,0.0,0.0,0.0,0.0,0.0,0.0,0.0,0.0,0.0,0.0,0.0,0.0,0.0,0.0,0.0,0.0,0.0,-0.010217254591095256,0.0,0.0,0.0,0.0,0.0,0.0,0.0,0.0,0.0,0.0,0.0,0.0,0.0,0.0,0.0,0.0,0.0,0.0,0.0,0.0,0.0,-0.031898110714757566,0.0,0.0,0.0,0.0,0.0,0.0,0.0,0.0,0.0,0.0,0.0,0.0,0.0,0.0015951380631523317,0.0,0.0,0.0,0.0,0.0,-0.012761104505218654,0.0,0.0,0.0,0.0,0.0,0.0,0.0,0.0,0.0,0.0,0.0,0.019048645792046508,0.022848143744219843,0.0,0.0,0.0,0.0,0.0,0.0,0.0,0.0,0.0,0.0,0.0,0.0,0.0,0.0,0.0,0.0,0.0,0.0,0.0,0.0,0.0,0.0,-0.0005813185361342317,0.0,0.010217254591095256,0.0,0.11342222222222222,0.0,0.0,0.0,0.0,0.0,0.0,-0.03720438631259083,0.0,0.0,-0.0010045184304399524,0.0,0.0,0.0,0.0005813185361342317,0.0,0.0,0.0,0.0,0.0,0.0,0.0,0.0,0.0,0.0,0.06428917954815695,0.0,0.0,0.0,0.0,0.0,0.0023810807240058135,0.0,0.0,0.0,0.0,0.0,0.0,-0.08173803672876205,0.0,0.0,0.0,-0.10208883604174923,0.0,0.0,0.0,0.0,0.0,0.0,0.0,0.0,0.0,0.0,0.0,0.0,0.0,0.0,0.0,0.003390249702734839,0.0,0.0,0.0,0.0,-0.004650548289073853,0.0,0.0,0.0,0.0,0.0,-0.056583221033161574,0.0,0.0,0.0495190381820584,0.0,0.0,0.0,0.0,0.0,0.0,0.0,0.0,0.0,0.0,0.0,0.0,0.0,0.0,0.0,0.0,-0.008036147443519619,0.0,0.0,0.0,0.0,0.0,-0.0015951380631523317,0.0,0.0,0.0,0.0,0.0,0.0,0.0,0.0,0.0,0.012761104505218654,0.0,0.0,0.0,0.0,-0.022848143744219843,0.0,0.0,0.0,0.0,0.031898110714757566,0.0,0.0,0.0,-0.12,0.0,0.0,0.0,-0.00012556480380499405,3.7204386312590835e-05,0.0,0.0,0.0,0.0,0.12,0.0,0.0,0.056583221033161574,0.0,0.0,-0.06428917954815695,4.650548289073854e-06,-4.650548289073854e-06,0.0,0.0,0.0,-0.11342222222222222,0.0,0.0,0.0,0.0,0.0,0.0,0.0,0.0,0.0,0.0,0.0,0.0,0.0,0.0,0.0,0.0,0.0,0.0,0.0,0.0,0.0,0.0,0.0,0.0,0.0,0.0,0.0,-0.0023810807240058135,0.0,0.0,0.0,0.0,0.0,0.027121997621878714,0.0,0.0,0.0,0.0,-0.027121997621878714,0.0,0.015695600475624256,0.0,0.0,0.0,0.0
2020-09-30,0.0,0.031898110714757566,0.0,0.0,0.0,0.0,0.0,0.0,0.0,0.0,0.0,0.0,0.0,0.0,0.0,0.0,-0.07266481701677897,0.0,0.0,0.0,0.0,0.0,0.0,0.0,0.0,0.0,0.06428917954815695,0.0,0.0,0.0,0.0,0.00012556480380499405,0.0,0.0,0.0,0.10208883604174923,0.0,0.0,0.0,0.0,0.0,0.0,0.0,0.0,0.0,0.0,0.0,0.0,0.0,0.0,-0.0023810807240058135,0.0,0.0,0.0,0.0,0.0,0.0,0.0,0.0,0.0,0.0,0.0,0.0015951380631523317,0.0,0.0,0.0,0.0,0.0,0.0,0.0,0.0,0.0,0.0,0.0,0.0,0.0,0.0,0.0,0.0,0.0,0.0,-3.7204386312590835e-05,0.0,0.0,0.0,-0.08173803672876205,0.0,0.0,0.0,0.0,0.0,0.0,0.0,0.0,0.0,0.0,0.0,0.0,0.0,0.0,0.0,0.0,0.0,0.0,0.0,0.0,0.0,0.0,0.0,0.0,0.0,0.0,0.0,0.0,0.0,0.0,0.0,0.0,0.0,0.0,0.0,0.0,0.08173803672876205,0.0,0.0,0.0,-0.00012556480380499405,0.0,0.0,0.09153674197384067,0.0,0.0,0.0,0.0,0.0,3.7204386312590835e-05,0.0,0.0,0.0,0.0,0.0,0.0,0.0,0.0,0.0,0.0,0.0,0.0,0.0,0.07266481701677897,0.0,0.0,0.0,0.0,0.0,0.0,0.0,0.0,0.0,0.0,0.0,-0.09153674197384067,0.0,0.0023810807240058135,0.0,0.0,0.0,0.0,0.0,0.0,0.0,0.0,0.0,0.0,0.0,0.0,0.0,-0.010217254591095256,0.0,0.0,0.0,0.0,0.0,0.0,0.0,0.0,0.0,0.0,0.0,0.0,0.0,0.0,0.0,-0.022848143744219843,0.0,0.0061898797727573,0.0,0.0,0.0,-0.015695600475624256,0.0,0.0005813185361342317,0.0,0.0,0.0,0.0,0.0,-0.06428917954815695,0.0495190381820584,0.0,0.0,0.0,0.0,0.0,0.0,0.0,0.0,-0.019048645792046508,0.0,0.0,0.0,0.0,0.0,0.0,0.0,0.0,0.0,0.0,0.0,0.0,-0.04306872770511296,0.0,0.0,0.0,0.0,0.0,0.0,0.0,0.0,0.0,0.0,0.0,0.0,0.0,0.0,0.0,0.0,0.0,0.0,0.0,0.0,0.0,-0.031898110714757566,0.0,0.0,0.0,0.0,0.0,0.0,0.0,0.0,0.0,0.0,0.0,0.0,0.0,0.0,0.0,0.0,0.0,0.0,0.0,0.0,0.0,0.004650548289073853,0.0,0.0,0.0,0.0,0.0,0.0,0.0,0.0,0.0,0.015695600475624256,0.003390249702734839,-0.008036147443519619,0.0,0.0,-0.03720438631259083,0.0,0.0,-0.11342222222222222,0.0,0.0,0.0,0.0,0.0,0.0,0.0,0.0,0.0,0.0,0.0,0.0,0.0,0.0,0.0,-0.004650548289073853,0.0,0.008036147443519619,0.0,0.11342222222222222,0.0,0.0,0.0,0.0,0.0,0.0,0.0,0.0,0.0,-0.0002976350905007267,0.0,0.0,0.0,0.019048645792046508,0.0,0.0,0.0,0.0,0.0,0.0,0.0,0.0,0.0,0.0,0.056583221033161574,0.0,0.0,0.0,0.0,0.0,0.0,0.0,0.0,0.0,0.0,0.0,0.0,-0.003390249702734839,0.0,0.0,0.0,0.0,0.0,0.0,0.0,0.0,0.0,0.0,0.0,0.0002976350905007267,0.0,0.0,0.0,0.0,0.0,0.0,0.0,0.0010045184304399524,0.0,0.0,0.0,0.0,-0.056583221033161574,0.0,0.0,0.0,0.012761104505218654,0.0,-0.0495190381820584,0.0,-0.10208883604174923,0.03720438631259083,0.0,0.0,0.0,0.0,0.0,0.0,0.0,0.0,0.0,0.0,0.0,0.0,0.0,0.0,0.0,0.0,-0.0061898797727573,4.650548289073854e-06,0.0,0.0,0.0,0.0,-0.0005813185361342317,0.0,0.0,0.0,0.0,0.0,0.0,0.0,0.0,0.0,0.010217254591095256,0.0,0.0,0.0,0.0,0.0,0.0,0.0,0.0,0.0,0.0,0.0,0.0,0.0,0.0,0.0,0.0,0.0,-0.0015951380631523317,0.0,0.0,0.0,0.0,0.0,0.12,0.0,0.0,0.04306872770511296,0.0,0.0,0.0,0.0,-4.650548289073854e-06,0.0,0.0,0.0,-0.027121997621878714,0.0,0.0,0.0,0.0,-0.12,0.0,0.0,0.0,0.0,0.0,0.0,0.0,0.0,0.0,0.0,0.0,0.0,0.0,0.0,0.0,0.0,0.0,0.0,0.0,0.0,0.0,0.0,-0.0010045184304399524,0.0,0.0,0.0,0.0,0.0,0.022848143744219843,0.0,0.0,0.0,0.0,-0.012761104505218654,0.0,0.027121997621878714,0.0,0.0,0.0,0.0
2020-10-31,0.0,0.03720438631259083,0.0,0.0,0.0,0.0,0.0,0.00012556480380499405,0.0,0.0,0.0,0.0,0.0,0.0,0.0,0.0,-0.004650548289073853,0.0,0.0,0.0,0.0,3.7204386312590835e-05,0.0,0.0,0.0,0.0,0.07266481701677897,0.0,0.0,0.0,0.0,0.0061898797727573,0.0,0.0,0.0,0.11342222222222222,0.0,0.0,0.0,0.0,0.0,0.0,0.0,0.0,0.0,0.0,0.0,0.0,0.0,0.0,-0.0005813185361342317,0.0,0.0,0.0,0.003390249702734839,0.0,0.0,0.0,0.0,0.0,0.0,0.0,0.015695600475624256,0.0,0.0,0.0,0.0,0.0,0.0,0.0,0.0,-0.0495190381820584,0.0,0.0,0.0,0.0,0.0,0.0,0.0,0.0,0.0,-0.00012556480380499405,0.0,0.0,0.0,-0.056583221033161574,0.0,0.0,0.0,0.0,0.0,0.0,0.0,0.0,0.0,0.0,0.0,0.0,0.0,0.0,0.0,0.0,0.0,0.0,0.0,0.0,0.0,0.0,0.0,0.0,0.0,0.0,0.0,0.0,0.0015951380631523317,0.0,0.0,0.0,0.0,0.0,0.0,0.0,0.09153674197384067,0.0,0.0,0.0,-0.0010045184304399524,0.0,0.0,0.056583221033161574,0.0,0.0,0.0,0.0,0.0,0.0,0.0,0.0,0.0,0.0,0.0,0.0,0.0,0.0005813185361342317,0.0,0.0,0.0,0.0,0.0,0.0495190381820584,0.0,0.0,0.0,0.0,0.0,0.0,0.0,0.0,0.0,0.0,0.0,0.0,0.0,0.04306872770511296,0.0,0.0,-0.022848143744219843,0.0,0.0,0.0,0.0,0.0,0.0,0.0,0.0,0.0,0.0,-0.0023810807240058135,0.0,0.010217254591095256,0.0,0.0,-0.0061898797727573,0.0,0.0,0.0,0.0,0.0,0.0,0.0,0.0,0.0,0.0,-0.010217254591095256,0.0,0.0,0.0,0.0,0.0,0.0,0.0,0.0002976350905007267,0.0,0.0,0.0,0.0,0.0,0.0,0.031898110714757566,0.0,0.0,0.0,0.0,0.0,0.0,0.0,0.0,0.0,0.0,0.0,0.0,0.0,0.0,0.0,0.0,0.0,-0.09153674197384067,0.0,0.0,0.0,0.0,0.0,0.0,0.0,0.0,0.0,0.0,0.0,0.0,0.0,0.0,0.0,0.0,0.0,0.0,0.0,0.0,0.0,0.0,0.0,0.0,0.0,0.0,0.0,0.0,0.0,0.0,0.0,0.0,0.0,0.0,0.0,0.0,0.0,0.0,0.0,0.0,0.0,-0.12,0.0,0.0,0.0,0.0,0.0,0.0,0.0,0.0,0.0,0.0,0.0,0.0,0.0,0.0,0.0,0.0,0.019048645792046508,0.0,0.0,0.0,0.0,0.0,0.0,0.0,0.0,0.0,0.0,0.0,0.0,0.0,0.0,0.0,0.0,0.0,0.0,0.0,0.0,0.0,0.0,0.0,0.0,4.650548289073854e-06,0.0,0.10208883604174923,0.0,0.0,0.0,0.0,0.0,0.0,0.0,0.0,0.0,-0.008036147443519619,0.0,0.0,0.0,0.0,0.0,0.0,0.0,0.0,0.0023810807240058135,0.0,0.0,0.0,0.0,0.0,0.08173803672876205,0.0,0.0,0.0,0.0,0.0,0.0010045184304399524,-0.03720438631259083,-0.08173803672876205,0.0,0.0,0.0,0.0,-3.7204386312590835e-05,0.0,0.0,0.0,0.0,0.0,0.0,0.0,0.0,0.0,0.0,0.0,0.0,0.0,0.0,0.0,0.0,0.0,0.0,0.0,0.0,0.0,0.0,0.0,0.0,0.0,-0.027121997621878714,0.0,0.0,0.004650548289073853,0.0,0.0,0.0,-0.012761104505218654,0.022848143744219843,0.0,0.0,0.0,0.0,0.0,0.0,0.0,0.0,0.0,0.0,0.0,0.0,0.0,0.0,0.0,0.0,0.0,0.0,0.0,0.0,0.0,0.0,-0.0015951380631523317,0.0,0.0,0.0,0.0,0.0,0.0,0.0,0.0,0.0,0.012761104505218654,0.0,0.0,0.0,0.0,0.0,0.0,0.0,0.0,0.0,0.0,0.0,0.0,0.0,-0.031898110714757566,0.0,0.0,0.0,0.0,0.0,0.0,0.0,0.0,0.0,0.12,-0.019048645792046508,0.0,0.027121997621878714,0.0,0.0,0.0,0.0,-4.650548289073854e-06,0.0,-0.11342222222222222,0.0,0.0,0.0,0.0,0.0,0.0,-0.06428917954815695,0.0,0.0,0.0,0.0,0.0,0.0,-0.015695600475624256,0.0,0.0,0.0,0.0,0.0,-0.04306872770511296,0.0,0.0,0.0,0.0,0.0,0.0,-0.10208883604174923,0.0,-0.07266481701677897,-0.0002976350905007267,0.0,0.0,0.0,0.0,0.0,0.008036147443519619,0.0,0.0,0.0,0.0,-0.003390249702734839,0.0,0.06428917954815695,0.0,0.0,0.0,0.0
2020-11-30,0.0,0.027121997621878714,0.0,0.0,0.0,0.0,0.0,0.0,0.0,0.0,0.0,0.0,0.0,0.0,0.0,0.0,-0.003390249702734839,0.0,0.0,0.0,0.0,0.012761104505218654,0.0,0.0,0.0,0.0,0.056583221033161574,0.0,0.0,0.0,0.0,0.0015951380631523317,0.0,0.0,0.0,0.04306872770511296,0.0,0.0,0.0,0.0,0.0,0.0,0.0,0.0,0.0,0.0,0.0,0.0,0.0,0.0,-0.0005813185361342317,0.0,0.0,0.0,0.0,0.0,0.0,0.0,0.0,0.0,0.0,0.0,0.015695600475624256,0.0,0.0,0.0,0.0,0.0,0.0,0.0,0.0,0.0,0.0,0.0,0.0,0.0,0.0,0.0,0.0,0.0,0.0,-0.0002976350905007267,0.0,0.0,0.0,0.0,0.0,0.0,0.0,0.0,0.0,0.0,0.0,0.0,0.0,0.0,0.0,0.0,0.0,0.0,0.0,0.0,0.0,0.0,0.0,0.0,0.0,0.0,0.0,0.0,0.0,0.0,0.0,0.0,4.650548289073854e-06,0.031898110714757566,0.0,0.0,0.0,0.0,0.0,0.0,0.10208883604174923,0.0,0.0,0.0,-0.010217254591095256,0.0,0.0,0.09153674197384067,0.0,0.0,0.0,0.0,0.0,0.0,0.0,0.0,0.0,0.0,0.0,0.0,0.0,0.0,0.0,0.0,0.0,0.0,0.0,0.0495190381820584,0.0,-0.03720438631259083,0.0,0.0,0.0,0.0,0.0,0.0,0.0,0.0,0.0,-0.015695600475624256,0.0,0.022848143744219843,0.0,0.0,-0.0495190381820584,0.0,0.0,0.0,0.0,0.0,0.0,0.0,0.0,0.0,0.0,-0.0015951380631523317,0.0,0.003390249702734839,0.0,0.0005813185361342317,-0.04306872770511296,0.0,0.0,0.0,0.0,0.0,0.0,0.0,0.0,0.0,0.0,-0.004650548289073853,0.0,0.0,0.0,0.0,0.0,0.0,0.0,0.0,0.0,0.0,0.0,0.0,0.0,0.0,0.03720438631259083,0.0,0.0,0.0,0.0,0.0,0.0,0.0,0.0,0.0,0.0,0.0,0.0,-0.10208883604174923,0.0,0.0,0.0,0.0,-0.056583221033161574,0.0,0.0,0.0,0.0,0.0,0.0,0.0,0.0,0.0,0.0,0.0,0.0,0.0,0.0,0.0,0.0,0.0,0.0,0.0,0.0,0.0,0.0,0.0,0.0,0.0,0.0,0.0,0.0,0.0,0.0,0.0,0.0,0.0,0.0,0.0,0.0,0.0,0.0,0.0,0.0,0.0,-0.09153674197384067,0.0,0.0,0.0,0.0,0.0,0.0,0.0,0.0,0.0,0.0,0.0,0.0,0.0,0.0,0.0,0.0,0.00012556480380499405,0.0,0.0,0.0,0.0,0.0,0.0,0.0,0.0,0.0,0.0,0.0,0.0,0.0,0.0,0.0,0.0,0.0,0.0,0.0,0.0,0.0,0.0,0.0,-0.07266481701677897,0.0002976350905007267,0.0,0.11342222222222222,0.0,0.0,0.0,0.0,0.0,0.0,-0.027121997621878714,0.0,0.0,-0.12,0.0,0.0,0.0,0.0,0.0010045184304399524,0.0,0.0,0.0,0.0061898797727573,0.0,0.0,0.0,0.0,0.0,0.06428917954815695,0.0,0.0,0.0,0.0,0.0,0.0,-0.06428917954815695,-0.11342222222222222,0.0,0.0,0.0,0.0,-4.650548289073854e-06,0.0,0.0,0.0,0.0,0.0,0.0,0.0,0.0,0.0,0.0,0.0,0.0,0.0,0.0,0.0,0.0,0.0,0.0,0.0,0.0,0.0,0.0,0.0,0.0,0.0,-0.0061898797727573,0.0,0.0,0.010217254591095256,0.0,0.0,0.0,-0.008036147443519619,0.019048645792046508,0.0,0.0,0.0,0.0,0.0,0.0,0.0,0.0,0.0,0.0,0.0,0.0,0.0,0.0,0.0,0.0,-0.019048645792046508,0.0,0.0,0.0,0.0,0.0,-0.0023810807240058135,0.0,0.0,0.0,0.0,0.0,0.0,0.0,0.0,0.0,0.004650548289073853,0.0,0.0,0.0,0.0,-0.012761104505218654,0.0,0.0,0.0,0.0,0.0,0.0,0.0,0.0,-0.08173803672876205,0.0,0.0,0.0,0.0,0.0,0.0,0.0,0.0,0.0,0.12,0.0,0.0,0.08173803672876205,0.0,0.0,0.0,0.0,-3.7204386312590835e-05,0.0,0.0,0.0,0.0,0.0,0.0,0.0,0.0,0.0,0.0,0.0023810807240058135,0.0,-0.031898110714757566,0.0,0.0,-0.022848143744219843,0.0,0.0,3.7204386312590835e-05,0.0,0.0,0.0,0.0,0.0,0.0,0.0,0.0,0.0,0.0,0.0,0.0,-0.00012556480380499405,0.0,0.0,0.0,0.0,0.0,0.008036147443519619,0.0,0.0,0.0,0.0,-0.0010045184304399524,0.0,0.07266481701677897,0.0,0.0,0.0,0.0
2020-12-31,0.0,0.0005813185361342317,0.0,0.0,0.0,0.0,0.0,0.0,0.0,0.0,0.0,0.0,0.0,0.0,0.0,0.0,0.0,0.0,0.0,0.0,0.0,0.0010045184304399524,0.0,0.0,0.0,0.0,0.03720438631259083,0.0,0.0,0.0,0.0,0.0,0.0,0.0,0.0,0.07266481701677897,0.0,0.0,0.0,0.0,0.0,0.0,0.0,0.0,0.0,0.0,0.0,0.019048645792046508,0.0,0.0,-0.0023810807240058135,0.0,0.0,0.0,0.0,0.0,0.0,0.0,0.0,0.0,0.0,0.0,4.650548289073854e-06,0.0,0.0,0.0,0.0,0.0,0.0,0.0,0.0,-0.010217254591095256,-0.11342222222222222,0.0,0.008036147443519619,0.0,0.0,0.0,0.0,0.0,0.0,-0.0005813185361342317,0.0,0.0,0.0,-0.12,0.0,0.0,0.0,0.0,0.0,0.0,0.0,0.0,0.0,0.0,0.0,0.0,0.0,0.0,0.0,0.0,0.0,0.0,0.0,0.0,-0.04306872770511296,0.0,0.0,0.0,0.0,0.0,0.0,0.00012556480380499405,0.0,0.056583221033161574,0.0,0.0,0.0,0.0,0.0,0.0,0.06428917954815695,0.0,0.0,0.0,-0.0495190381820584,0.0,0.0,0.09153674197384067,0.0,0.0,0.0,0.0,0.0,0.0,0.0,0.0,0.0,0.0,0.0,0.0,0.0,0.0,0.0,0.0,0.0,0.0,0.0,0.031898110714757566,0.0,-0.022848143744219843,0.0,0.0,0.0,0.0,0.0,0.0,0.0,0.0,0.0,-0.03720438631259083,0.0,0.04306872770511296,0.0,0.0,-0.08173803672876205,0.0,0.0,0.0,0.0,0.0,0.0,0.0,0.0,0.0,0.0,-0.0015951380631523317,0.0,0.012761104505218654,0.0,3.7204386312590835e-05,-0.09153674197384067,0.0,0.0,0.0,0.0,0.0,0.0,0.0,0.0,0.0,0.0,-0.008036147443519619,0.003390249702734839,0.0,0.0,0.0,0.0,0.0,0.0,0.0,0.0,0.0,0.0,0.0,0.0,0.0,0.027121997621878714,0.0,0.0,0.0,0.0,0.0,0.0,0.0,0.0,0.0,0.0,0.0,0.0,0.0,0.0,0.0,0.0,0.0,-0.0061898797727573,0.0,0.0,0.0,0.0,0.0,0.0,0.0,0.0,0.0,0.0,0.0,0.0,0.0,0.0,0.0,0.0,0.0,0.0,0.0,0.0,0.0,0.0,0.0,0.0,0.0,0.0,0.0,0.0,0.0,0.0,0.0,0.0,0.0,0.0,0.0,0.0,0.0,-0.012761104505218654,0.0,0.0,0.0,0.0,0.0,0.0,0.0,0.0,0.0,0.0,0.0,0.0,0.0,0.0,0.0,0.0,0.0,0.0,0.0,0.0,0.0,0.0,0.0,0.0,0.0,0.0,0.0,0.0,0.0,0.0,0.0,0.0,0.0,0.0,0.0,0.0,0.0,0.0,0.0,0.0,0.0,0.0,0.0,0.0,-0.031898110714757566,0.022848143744219843,0.0,0.11342222222222222,0.0,0.0,0.0,0.0,0.0,0.0,0.0,0.0,0.0,-0.10208883604174923,0.0,0.0,0.0,0.0,0.0,0.0,0.0,0.0,0.010217254591095256,0.0,0.0,0.0,0.0,0.0,0.0495190381820584,0.0,0.0,0.0,0.0,0.0,0.0,0.0,-0.056583221033161574,0.0,0.0,0.0,0.0,-4.650548289073854e-06,0.0,0.0,0.0,0.015695600475624256,0.0,0.0,0.0,0.0,0.0,0.0,0.0,0.0,0.0,0.0,0.0,0.0,0.0,0.0,0.0,0.0,0.0,0.0,0.0,0.0,0.0,-0.0002976350905007267,0.0,0.0,0.0023810807240058135,0.0,0.0,0.0,-0.015695600475624256,0.0015951380631523317,0.0,0.0,0.0,0.0,0.0,0.0,0.0,0.0,0.0,-0.06428917954815695,0.0,0.0,0.0,0.0,0.0,0.0,-0.027121997621878714,0.0,0.0,0.0,0.0,0.0,-0.019048645792046508,0.0,0.0,0.0,0.0,0.0,0.0,0.0,0.0,0.0,0.0,0.0,0.0,0.0,0.0,0.0,0.0,0.0,0.0,0.0,0.0,0.0,0.0,0.0,0.0,0.0,0.0,0.0,0.0,0.0,0.0,0.0,0.0,0.0,0.12,0.0,0.0,0.10208883604174923,0.0,0.0,0.0,0.0,-0.00012556480380499405,0.0,-0.07266481701677897,0.0,0.0,0.0,0.0,0.0,0.0,0.0,0.0,0.0061898797727573,0.0,-0.0010045184304399524,0.0,0.0,-0.004650548289073853,0.0,0.0,0.0002976350905007267,0.0,0.0,0.0,0.0,0.0,0.0,0.0,0.0,0.0,0.0,0.0,0.0,-3.7204386312590835e-05,0.0,0.0,0.0,0.0,0.0,0.004650548289073853,0.0,0.0,0.0,0.0,-0.003390249702734839,0.0,0.08173803672876205,0.0,0.0,0.0,0.0
2021-01-31,0.0,0.0,0.0,0.0,0.0,-0.09153674197384067,0.0,0.0,0.0,0.0,0.0,0.0,0.0,0.0,0.0,0.0,0.0,0.0,0.0,0.0,0.019048645792046508,4.650548289073854e-06,0.0,0.0,0.0,0.0,0.031898110714757566,0.0,0.0,0.0,0.0,0.0,0.0,0.0,0.0,0.09153674197384067,0.0,0.0,0.0,0.0,0.0,0.0,0.0,0.0,0.0,0.0,0.0,0.0,0.0,0.0,-0.010217254591095256,0.0,0.0,0.0,0.0,0.0,0.0,0.0,0.0,-0.07266481701677897,0.0,0.0,0.003390249702734839,0.0,0.0,0.0,0.0,0.0,0.0,-0.031898110714757566,0.0,-0.08173803672876205,0.0,0.0,0.010217254591095256,0.0,0.0,0.0,-0.06428917954815695,0.0,0.0,-0.0023810807240058135,0.0,0.0,0.0,0.0,0.0,0.0,0.0,0.0,0.0,0.0,-0.019048645792046508,0.0,0.0,0.0,0.0,0.0,0.0,0.0,0.0,0.0,0.0,0.03720438631259083,0.0,0.0,0.0,0.0,0.0,0.0,0.0,0.0,0.0,0.0,0.0,0.04306872770511296,0.0,0.0,0.0,0.0,0.0,0.0,0.06428917954815695,0.0,0.0,0.0,0.0,0.0,0.0,0.056583221033161574,0.0,0.0,0.0,0.0,0.0,0.0,0.0,0.0,0.0,0.0,0.0,0.0,0.0,0.0,0.0,0.0,0.0,0.0,0.0,0.0,0.0,-3.7204386312590835e-05,0.0,0.0,0.0,0.0,0.0,0.0,0.0,0.0,0.0,0.0,0.0,0.0495190381820584,0.0,0.0,0.0,0.0,0.0,0.0,0.0,0.0,0.0,0.0,0.0,0.0,0.0,0.0,0.0,0.022848143744219843,0.0,0.00012556480380499405,-0.00012556480380499405,0.0,0.0,0.0,0.0,0.0,0.0,0.0,0.0,0.0,0.0,-0.015695600475624256,0.0002976350905007267,0.0,0.0,0.0,0.0,0.0,0.0,0.0,0.0,0.0,0.0,0.0,0.0,0.0,0.012761104505218654,0.0,0.0,0.0,0.0,0.0,0.0,0.0,0.0,0.0,0.0,0.0,0.0,-0.03720438631259083,-0.0015951380631523317,0.0,0.0,0.0,-0.012761104505218654,0.0,0.0,0.0,0.0,0.0,0.0,0.0,0.0,0.0,0.0,0.0,0.0,0.0,0.0,0.0,0.0,0.0,0.0,0.0,0.0,0.0,0.0,0.0,0.0,0.0,0.0,0.0,0.0,0.0,0.0,0.0,0.0,0.0,0.0,0.0,0.0,0.0,0.0,0.0,0.0,0.0,-0.11342222222222222,0.0,0.0,0.0,0.0,0.0,0.0,0.0,0.0,0.0,0.0,0.0,0.0,0.0,0.0,0.0,0.0,0.0,0.0,0.0,0.0,0.0,0.0,0.0,0.0,0.0,0.0,0.0,0.0,0.0,0.0,0.0,0.0,0.0,0.0,0.0,0.0,0.0,0.0,0.0,0.0,0.0,0.004650548289073853,0.0,0.11342222222222222,0.0,0.0,0.0,0.0,0.0,0.0,-0.022848143744219843,0.0,0.0,0.0,0.0,0.0,0.0,0.0,0.0,0.0,0.0,0.0,0.0010045184304399524,0.0,0.0,0.0,0.0,0.0,0.027121997621878714,0.0,0.0,0.0,0.0,0.0,0.0,0.0,0.0,0.0,0.0,0.0,0.0,0.0,0.0,0.0,0.0,0.015695600475624256,0.0,0.0,0.0,0.0,0.0,0.0,0.0,0.0,0.0,0.0,0.10208883604174923,0.0,0.0,0.0,0.0,0.0,0.0,0.0,0.0,0.0,0.0,-0.0010045184304399524,0.0,0.0,0.0061898797727573,0.0,0.0,0.0,-0.056583221033161574,0.0,0.0,0.0,0.0,0.0,0.0,0.0,0.0,0.0,0.0,0.0,0.0,0.0,0.0,0.0,0.0,0.0,-0.10208883604174923,0.0,0.0,0.0,0.0,0.0,-0.0495190381820584,0.0,0.0,0.0,0.0,0.0,0.0,0.0,0.0,0.0,0.0,0.0,0.0,0.0,-0.12,0.0,0.0,0.0,0.0,0.0,0.0,0.0,0.0,0.0,-0.04306872770511296,0.0,0.0,0.0,0.0,0.008036147443519619,0.0,0.0,0.0,0.0,0.12,-0.008036147443519619,0.0,0.08173803672876205,0.0,0.0,0.0,0.0,-0.0002976350905007267,0.0005813185361342317,0.0,0.0,0.0,0.0,0.0,0.0,0.0,-0.027121997621878714,0.0,0.0,0.0,-0.0061898797727573,0.0,0.0,-0.003390249702734839,0.0,0.0,0.0023810807240058135,0.0,-0.004650548289073853,0.0,0.0,0.0,0.0,0.0,0.0,0.0,0.0,0.0,0.0,-4.650548289073854e-06,0.0,0.0,0.0,0.0,0.0015951380631523317,3.7204386312590835e-05,0.0,0.0,0.0,0.0,-0.0005813185361342317,0.0,0.07266481701677897,0.0,0.0,0.0,0.0
2021-02-28,0.0,4.650548289073854e-06,0.0,0.0,0.0,0.0,0.0,0.0,0.0,0.0,0.0,0.0,0.0,0.0,0.0,0.0,0.0,0.0,0.0,0.0,0.031898110714757566,0.0061898797727573,0.0,0.0,0.0,0.0,0.012761104505218654,0.0,0.0,0.0,0.0,0.0,0.0,0.0,0.0,0.10208883604174923,0.0,0.0,0.0,0.0,0.0,0.0,0.0,0.0,0.0,0.0,0.0,0.0,0.0,0.0,0.0,0.0,0.0,0.0,0.0,0.0,0.0,0.0,0.0,-0.08173803672876205,0.0,0.0,0.008036147443519619,0.0,0.0,0.0,0.0,0.0,0.0,-0.031898110714757566,0.0,-0.008036147443519619,0.0,0.0,0.015695600475624256,0.0,0.0,0.0,-0.04306872770511296,0.0,0.0,-0.0005813185361342317,0.0015951380631523317,0.0,0.0,0.0,0.0,0.0,0.0,0.0,0.0,0.0,0.0,0.0,0.0,0.0,0.0,0.0,0.0,0.0,0.0,0.0,0.0,0.04306872770511296,0.0,0.0,-0.015695600475624256,0.0,0.0,0.0,0.0,0.0,0.0,0.0,0.0,0.09153674197384067,0.0,0.0,0.0,0.0,0.0,0.0,0.056583221033161574,0.0,-0.03720438631259083,0.0,-0.0495190381820584,0.0,0.0,0.0495190381820584,0.0,0.0,0.0,0.0,0.0,0.0,0.0,0.0,0.0,0.0,0.0,0.0,0.0,0.0,0.0,0.0,0.0,0.0,0.0,0.0,0.0,-4.650548289073854e-06,0.0,-0.07266481701677897,0.0,0.0,0.0,0.0,0.0,0.0,0.0,-0.012761104505218654,0.0,0.003390249702734839,0.0,0.0,-0.12,0.0,0.0,0.0,0.0,0.0,0.0,0.0,0.0,0.0,0.0,0.0,0.0,0.03720438631259083,0.0,0.0,-0.0002976350905007267,0.0,0.0,0.0,0.0,0.0,0.0,0.0,0.0,0.0,-0.09153674197384067,-0.0061898797727573,0.0023810807240058135,0.0,0.0,0.0,0.0,0.0,0.0,0.0,0.0,0.0,0.0,0.0,0.0,0.0,0.027121997621878714,0.0,0.0,0.0,0.0,0.0,0.0,0.0,0.0,0.0,0.0,0.0,0.0,0.0,-0.0015951380631523317,0.0,0.0,0.0,-0.06428917954815695,0.0,0.0,0.0,0.0,0.0,0.0,0.0,0.0,0.0,0.0,0.0,0.00012556480380499405,0.0,0.0,0.0,0.0,0.0,0.0,0.0,0.0,0.0,0.0,0.0,0.0,0.0,0.0,0.0,0.0,0.0,0.0,0.0,0.0,0.0,0.0,0.0,0.0,0.0,0.0,0.0,0.0,0.0,-0.0023810807240058135,0.0,0.0,0.0,0.0,0.0,0.0,0.0,0.0,0.0,0.0,0.0,0.0,0.0,0.0,0.0,0.0,0.0,0.0,0.0,0.0,0.0,0.0,0.0,0.0,0.0,0.0,0.0,0.0,0.0,0.0,0.0,0.0,0.0,0.0,0.0,0.0,0.0,0.0,0.0,0.0,0.0,0.004650548289073853,0.0,0.11342222222222222,0.0,0.0,0.0,0.0,0.0,0.0,-0.056583221033161574,0.0,0.0,0.0,0.0,0.0,0.0,0.0,0.0,0.0,0.0,0.0,0.0010045184304399524,0.0,0.0,0.0,0.0,0.0,0.022848143744219843,0.0,0.0,0.0,0.0,0.0,0.0,0.0,0.0,0.0,0.0,0.0,0.0,0.0,0.0,0.0,0.0,0.0,0.0,0.0,0.0,0.0,0.0,0.0,0.0,0.0,0.0,0.0,0.08173803672876205,0.0,0.0,0.0,0.0,0.0,0.0,-0.11342222222222222,0.0,0.0,0.0,-0.022848143744219843,0.0,0.0,0.019048645792046508,0.0,0.0,0.0,-0.10208883604174923,0.0,0.0,0.0,0.0,0.0,0.0,0.0,0.0,0.0,0.0,0.0,0.0,0.0,0.0,0.0,0.0,0.0,-0.004650548289073853,0.0,0.0,0.0,0.0,0.0,0.0,0.0,0.0,0.0,0.0,0.0,0.0,0.0,0.0,0.0,0.0,0.0,0.0,0.0,-0.019048645792046508,0.0,0.0,0.0,0.0,0.0,0.0,0.0,0.0,0.0,0.0,0.0,0.0,0.0,0.0,0.010217254591095256,0.0,0.0,0.0,0.0,0.12,-0.003390249702734839,0.0,0.06428917954815695,0.0,0.0,0.0,0.0,-0.00012556480380499405,0.0005813185361342317,0.0,0.0,0.0,0.0,0.0,0.0,0.0,0.0,0.0,0.0002976350905007267,0.0,-0.027121997621878714,0.0,0.0,-0.010217254591095256,0.0,0.0,0.0,0.0,0.0,0.0,0.0,0.0,0.0,0.0,0.0,0.0,0.0,0.0,0.0,-3.7204386312590835e-05,0.0,0.0,0.0,0.0,0.0,3.7204386312590835e-05,0.0,0.0,0.0,0.0,-0.0010045184304399524,0.0,0.07266481701677897,0.0,0.0,0.0,0.0
2021-03-31,0.0,0.0,0.0,0.0,0.0,-0.0061898797727573,0.0,0.0,0.0,0.0,0.0,0.0,0.0,-0.03720438631259083,0.0,0.0,0.0,0.0,0.0,0.0,0.019048645792046508,0.004650548289073853,0.0,0.0,0.0,0.0,0.0005813185361342317,0.0,0.0,0.0,0.0,0.0,0.0,0.0,0.0,0.09153674197384067,0.0,0.0,0.0,0.0,0.0,0.0,0.0,-0.003390249702734839,0.0,0.0,0.0,0.015695600475624256,0.0,0.0,-0.056583221033161574,0.0,0.0,0.0,0.0,0.0,0.0,0.0,0.0,0.0,0.0,0.0,0.0010045184304399524,0.0,0.0,0.0,0.0,0.0,0.0,0.0,0.0,-0.0015951380631523317,0.0,0.0,0.008036147443519619,0.0,0.0,0.0,-0.019048645792046508,0.0,0.0,-0.0005813185361342317,0.0,0.0,0.0,0.0,0.0,0.0,0.0,0.0,0.0,0.0,0.0,0.0,0.0,0.0,0.0,0.0,0.0,0.0,0.0,0.0,0.0,0.04306872770511296,0.0,0.0,0.0,0.0,0.0,0.0,0.0,0.0,0.0,0.0,0.0,0.06428917954815695,0.0,0.0,0.0,0.0,0.0,0.0,0.08173803672876205,0.0,0.0,0.0,-0.09153674197384067,0.0,0.0,0.031898110714757566,0.0,0.0,0.0,0.0,0.0,0.0,0.0,0.0,0.0,0.0,0.0,0.0,0.0,0.0,0.0,0.0,0.0,0.0,0.0,0.0,0.0,-4.650548289073854e-06,0.0,-0.012761104505218654,0.0,0.0,-0.06428917954815695,0.0,0.0,0.0,0.0,0.0,0.0,0.07266481701677897,0.0,0.0,0.0,0.0,-0.0023810807240058135,-0.022848143744219843,0.0,0.0,0.0,0.0,0.0,0.0,0.0,0.0,0.0,0.03720438631259083,0.0,0.0,-0.00012556480380499405,0.0,0.0,0.0,0.0,0.0,0.0,0.0,0.0,0.0,0.0,-0.11342222222222222,0.0061898797727573,0.0,0.0,0.0,0.0,0.0,0.0,0.0,0.0,0.0,0.0,0.0,0.0,0.0,0.027121997621878714,0.0,0.0,0.0,0.0,0.0,0.0,0.0,0.0,0.0,0.0,0.0,0.0,0.0,-3.7204386312590835e-05,0.0,0.0,0.0,0.0,0.0,0.0,0.0,0.0,0.0,0.0,0.0,0.0,0.0,0.0,0.0,0.0,0.0,0.0,0.0,0.0,0.0,0.0,0.0,0.0,0.0,0.0,0.0,0.0,0.0,0.0,0.0,0.0,0.0,0.0,0.0,0.0,0.0,0.0,0.0,0.0,0.0,0.0,0.0,0.0,0.0,-0.004650548289073853,0.0,0.0,0.0,0.0,0.0,0.0,0.0,-0.04306872770511296,0.0,0.0,0.0,0.0,-0.010217254591095256,0.0,0.0,0.0,0.0,0.0,-0.08173803672876205,0.0,0.0,0.0,0.0,0.0,0.0,0.0,0.0,0.0,0.0,0.0,0.0,0.0,0.0,0.0,0.0,0.0,0.0,0.0,0.0,0.0,0.0,0.0015951380631523317,0.0,0.12,0.0,0.003390249702734839,0.0,0.0,0.0,0.0,0.0,0.0,0.0,0.0,0.0,0.0,0.0,0.0,0.0,-0.008036147443519619,0.0,-0.015695600475624256,0.0,0.0,0.0,0.0,0.0,0.0,0.010217254591095256,0.0,0.0,0.0,0.0,0.0,0.0,0.0,0.0,0.0,0.0,0.0,0.0,0.0,0.0,0.0,0.0,0.0,0.0,0.0,0.0,0.0,0.0,0.0,0.0,0.0,0.0,0.0,0.10208883604174923,0.0,0.0,0.0,-0.10208883604174923,0.0,0.0,-0.12,0.0,0.0,3.7204386312590835e-05,0.0,0.0,0.0,0.0023810807240058135,0.00012556480380499405,0.0,0.0,0.0,0.0,0.0,0.0,0.0,0.0,0.0,0.0,0.0,0.0,0.0,-0.027121997621878714,0.0,0.0,0.0,0.0,0.0,0.0,0.0,0.0,0.0,0.0,0.0,0.0,0.0,0.0,-0.0495190381820584,0.0,0.0,0.0,0.0,0.0,0.0,0.0,0.0,0.0,0.0,0.0,0.0,0.0,0.0,0.0,0.0,0.0,0.0,0.0,0.0,0.0,0.0,0.0,0.0,0.0,0.0,0.022848143744219843,0.0,0.0,0.0,0.0,0.11342222222222222,-0.07266481701677897,0.0,0.056583221033161574,0.0,0.0,0.0,0.0,-0.0002976350905007267,0.0,0.0,0.0,0.0,0.0,0.0,0.0,4.650548289073854e-06,0.0,0.0,0.0,0.0,0.0,0.0,0.0,-0.031898110714757566,0.0,0.0,0.0,0.0,0.0,0.0,0.0,0.0,0.0,0.0,0.0,0.0,0.0,0.0,0.0,-0.0010045184304399524,0.0,0.0,0.0,0.0,0.012761104505218654,0.0002976350905007267,0.0,0.0,0.0,0.0,0.0,0.0,0.0495190381820584,0.0,0.0,0.0,0.0
2021-04-30,0.0,0.0,0.0,0.0,0.0,0.0,0.0,0.0,0.0,0.0,0.0,0.0,-0.056583221033161574,-0.010217254591095256,0.0,0.0,0.0,0.0,0.0,0.0,0.0,0.019048645792046508,0.0,0.0,0.0,0.0,0.0,0.0,0.0,0.0,0.0,0.0,0.0,0.0,0.0,0.10208883604174923,0.0,0.0,0.0,0.0,0.0,0.0,0.0,-0.0010045184304399524,0.0,0.0,0.0,0.00012556480380499405,0.0,0.0,0.0,0.0,0.0,0.0,0.0,0.0,0.0,0.0,0.0,-0.027121997621878714,0.0,0.0,0.008036147443519619,0.0,0.0,0.0,0.0,0.0,0.0,0.0,0.0,-0.015695600475624256,0.0,0.0,0.0,0.0,0.0,0.0,-0.09153674197384067,0.0,0.0,0.0,0.0,0.0,0.0,0.0,0.0,0.0,0.0,0.0,0.0,0.0,0.0,0.0,0.0,0.0,0.0,0.0,0.0,-0.07266481701677897,0.0,0.0,0.0,0.027121997621878714,0.0,0.0,0.0,0.0,0.0,0.0,0.0,0.0,0.0,0.0,0.0,0.056583221033161574,0.0,0.0,0.0,0.0,0.0,0.0,0.08173803672876205,0.0,0.0,-0.031898110714757566,0.0,0.0,0.0,0.0061898797727573,0.0,0.0,0.0,0.0,0.0,0.0,0.0,0.0,0.0,0.0,0.0,0.0,0.0,0.0,0.0,0.0,0.0,0.0,0.015695600475624256,0.0,0.0,-4.650548289073854e-06,0.0,-0.003390249702734839,0.0,0.0,-0.0023810807240058135,0.0,0.0,0.0,0.0,0.0,0.0,0.07266481701677897,0.0,0.0,0.0,0.0,-3.7204386312590835e-05,-0.004650548289073853,0.0,-0.12,0.0,0.0,0.0,0.0,0.0,0.0,0.0,0.06428917954815695,0.0,0.0,-0.00012556480380499405,0.0,0.0,0.0,0.0,0.0,0.0,0.0,0.0,0.0,0.0,0.0,0.0,0.0,0.0,0.0,0.0,0.0,0.0,0.0,0.0,0.0,0.0,0.0,0.0,0.0,0.031898110714757566,0.0,0.0,0.0,0.0,0.0,0.0,0.0,0.0,0.0,0.0,0.0,0.0,0.0,-0.03720438631259083,0.0,0.0,0.0,0.0,0.0,0.0,0.0,0.0,0.0,0.0,0.0,0.0,0.0,0.0,0.0,0.0,0.0,0.0,0.0,0.0,0.0,0.0,0.0,0.0,0.0,0.0,0.0,0.0,0.0,0.0,0.0,0.0,0.0,0.0,0.0,0.0,0.0,0.0,0.0,0.0,0.0,0.0,0.0,0.0,0.0,-0.012761104505218654,0.0,0.0,0.0,0.0,-0.0495190381820584,0.0,0.0,0.0,0.0,0.0,0.0,0.0,-0.10208883604174923,-0.06428917954815695,0.0,0.0,0.0,0.0,0.0,0.0,0.0,0.0,0.0,0.0,0.0,0.0,0.0,0.0,0.0,0.0,0.0,0.0,0.0,3.7204386312590835e-05,0.0,0.0,0.0,0.0,0.0,0.0,0.0,0.0015951380631523317,0.0,0.12,0.0,0.0002976350905007267,0.0,0.0,0.0,0.0,0.0,0.0,0.0,0.0,0.0,0.0,0.0,0.0,0.0,-0.0002976350905007267,0.0,-0.04306872770511296,0.0,0.0,0.0,0.0,0.0,0.0,0.0,0.0,0.0,0.0,0.0,-0.08173803672876205,0.0,0.0,0.0,0.003390249702734839,0.0,0.0,0.0,0.0,0.0,0.0,0.0,-0.0015951380631523317,0.0,0.0,0.0,0.0,0.0,0.0,0.0,0.0,0.0,0.0,0.09153674197384067,0.0,0.0,0.0,-0.0005813185361342317,0.0,0.0,-0.11342222222222222,0.0,0.0,0.03720438631259083,0.0,0.0,4.650548289073854e-06,0.004650548289073853,0.0,0.0,0.0,0.0,0.0,0.0,0.0,0.0,0.0,0.0,0.0,0.0,0.0,0.0,0.0,0.0,0.0,0.0,0.0,0.0,0.0,0.0,0.0,0.0,0.0,0.0,0.0,0.0,0.0,-0.0061898797727573,0.0,0.0,0.0,0.0,0.0,0.0,0.0,0.0,0.0,0.0,0.0,-0.008036147443519619,0.0,0.0,0.0,0.0,0.0,0.0,0.0,0.0,0.0,0.0,0.0,0.0,0.0,0.0005813185361342317,0.022848143744219843,0.0,0.0,0.0,0.0,0.11342222222222222,0.0,0.0,0.0495190381820584,0.0,0.0,0.0,0.0,0.0,0.0,0.0,0.0,0.0,0.0,0.0,0.0,0.0023810807240058135,0.0,0.0,0.0,0.0,0.0,0.0,0.0,0.0,0.0,0.0,0.0,0.0,0.0,0.0,-0.022848143744219843,0.0,0.0,0.0,0.0010045184304399524,0.0,0.0,-0.019048645792046508,0.0,0.0,0.0,0.0,0.0,0.0,0.012761104505218654,0.0,0.0,0.0,0.0,0.0,0.0,0.0,0.04306872770511296,0.0,0.0,0.010217254591095256,0.0
2021-05-31,0.0,0.0,0.0,0.0,0.0,0.0,0.0,0.0,0.0,0.0,0.0,0.0,0.0,0.0,0.0,0.0,0.0,0.0,0.0,0.0,0.0,0.0002976350905007267,0.0,0.0,3.7204386312590835e-05,0.0,0.0,0.0,0.0,0.0,0.0,0.0,0.0,0.0,0.0,0.12,0.0,0.0,0.0,-0.012761104505218654,0.0,0.0,0.0,-0.056583221033161574,0.0,0.0,0.0,0.0,0.0,0.0,0.0,0.0,0.0,-0.09153674197384067,0.0,0.0,0.0,0.0,0.0,-3.7204386312590835e-05,0.0,0.0,0.027121997621878714,0.0,0.0,0.0,0.0,0.0,0.0,0.0,0.0,0.0,0.0,0.0,0.0,0.0,0.0,0.0,0.0,0.0,0.0,0.0,0.0,0.0,-0.0023810807240058135,0.0,0.0,0.0,0.0,0.0,0.0,0.0,0.0,0.0,0.0,0.0,0.0,0.0,0.0,-0.11342222222222222,-0.12,0.0,0.0,0.0,-0.010217254591095256,0.0,0.0,0.0,0.0,0.0,0.0,0.0,0.0,0.0,0.0,0.0061898797727573,0.0,0.0,0.0,0.0,0.0,0.0,0.08173803672876205,0.0,0.0,0.0,0.0,-0.031898110714757566,0.0,0.0,0.0,0.0,0.0,0.0,0.0,0.0,0.0,0.0,-0.10208883604174923,0.0,0.0,0.0,0.0,0.0,0.0,0.0,0.0,0.0,0.03720438631259083,0.0,0.0,-4.650548289073854e-06,0.0,-0.04306872770511296,0.0,0.0,0.0,0.0,0.0,0.0,0.0,0.0,0.0,0.019048645792046508,0.0,0.0,0.0,0.0,0.0,0.0,0.0,0.0,-0.0015951380631523317,0.0,0.0005813185361342317,0.0,0.0,0.022848143744219843,0.0,0.07266481701677897,0.0,0.0,-0.0005813185361342317,0.0,0.0,0.0,0.0,0.0,0.0,0.0,0.0,0.0,0.0,0.0,0.0,0.0,0.0,0.0,0.0,0.0,-0.004650548289073853,0.0,-0.003390249702734839,-0.00012556480380499405,0.0,0.0,0.0,0.0,0.008036147443519619,0.0,0.0,0.0,0.0,0.0,0.0,0.0,0.010217254591095256,0.0,0.0,0.0,0.0,0.0,0.0,0.0,0.0,-0.0061898797727573,0.0,0.0,-0.06428917954815695,0.0,0.0,0.0,0.0,0.0,0.0,0.0,0.0,0.0,0.0,0.0,0.0,0.0,0.0,0.0,0.0,0.0,0.0,0.0,0.0,0.0,0.0,0.0,0.00012556480380499405,0.0,0.0,0.0,0.0,-0.03720438631259083,0.0,0.0,0.0,0.0,0.0,0.0,0.0,0.0,0.0,0.0,0.0,0.0,0.0,-0.015695600475624256,0.0,0.0,0.0,0.0,0.0,0.0,0.0,0.0,0.0,0.0,0.0,0.0,0.0,0.0,0.0,0.0,0.0,0.0,0.0,0.0,0.0,0.0,0.0,0.0,0.0,0.0,0.0,0.0,0.0,0.0,0.012761104505218654,0.0,0.0,0.0,0.0,0.0,0.0,0.0,0.0,-0.07266481701677897,0.10208883604174923,0.0,0.0,0.0,0.0,0.0,0.0,0.0,0.0,0.0,0.0,0.0,0.0,0.0,0.0,0.0,-0.0495190381820584,0.0,0.0,0.0,0.0,0.0,0.0,0.0,0.0,0.0,0.0,0.0,4.650548289073854e-06,0.0,0.0,0.0,0.0,0.0,0.003390249702734839,0.0,0.0,0.0,0.0023810807240058135,0.0,0.0,0.0,0.0,0.0,0.0,0.0,0.0,0.0,0.0,0.0,0.0,0.0,0.0,0.056583221033161574,0.0,0.0,0.0,0.0,0.0,0.0,0.0,0.0,0.0,0.015695600475624256,0.0,0.0,0.0,0.0,0.0,0.0015951380631523317,-0.008036147443519619,0.0,-0.027121997621878714,0.0,0.0,0.0,0.0,0.0,0.0,0.0,0.0,0.0,0.0,0.0,-0.08173803672876205,0.0,0.0,0.0,0.0,0.0,0.0,0.0,0.0,0.0,-0.019048645792046508,0.0,0.0,0.0,0.0,0.0,0.0,0.0,0.0,0.0,0.0,0.0,0.0,0.0,0.0,0.0,0.0,0.0,0.0,0.0,0.0,0.0,0.0,0.0,0.0,0.0,0.0,0.0,0.06428917954815695,0.004650548289073853,0.09153674197384067,0.0,0.0,0.0,0.0,0.11342222222222222,0.0,0.0,0.031898110714757566,0.0,0.0,0.0,0.0,0.0,0.0,0.0,0.0,0.0,0.0,0.0,0.0,0.0010045184304399524,0.0,0.0,0.0,0.0,0.0,-0.022848143744219843,0.0,0.0,0.0,0.0,0.0,-0.0002976350905007267,0.0,0.0,-0.0010045184304399524,0.0,0.0,0.0,0.0,0.0,0.0,0.0,0.0,0.0,0.0,0.0,0.0,0.0,0.0495190381820584,0.0,0.0,0.0,0.0,0.0,0.0,0.0,0.04306872770511296,0.0,0.0,0.0,0.0
2021-06-30,0.0,0.0,0.0,0.0,0.0,0.0,0.0,0.0,0.0,0.0,0.0,0.0,0.0,0.0,0.0,0.0,0.0,0.0,0.0,0.0,0.019048645792046508,0.008036147443519619,0.0,0.0,0.012761104505218654,0.0,0.0,0.0,0.0,0.0,0.0,0.0,0.0,0.0,0.0,0.0,0.0,0.0,0.0,-0.03720438631259083,0.0,0.0,0.0,0.0,0.0,0.0,0.0,0.0,0.0,0.0,0.0,0.0,0.0,-0.0061898797727573,0.0,-0.08173803672876205,0.0,0.0,0.0,-0.0015951380631523317,0.0,0.0,0.004650548289073853,0.0,0.0,0.0,0.0,0.0,0.0,0.0,0.0,0.0,0.0,0.0,0.0,0.0,0.0,0.0,0.0,0.0,0.0,0.0,0.0,0.0,-0.015695600475624256,0.0,0.0,0.0,0.0,0.0,0.0,0.0,0.0,0.0,-0.07266481701677897,0.0,0.0,0.0,0.0,0.0,-0.0023810807240058135,0.0,0.0,0.0,-0.010217254591095256,0.0,0.0,0.0,0.0,0.0,0.0,0.0,0.0,0.0,0.0,0.04306872770511296,0.0,0.0,0.0,0.0,0.0,0.0,0.08173803672876205,0.0,0.0,0.0,0.0,0.0,0.0,0.0,0.0002976350905007267,0.0,0.0,0.0,0.0,0.0,0.0,0.0,0.0,0.0,0.0,0.0,0.0,0.0,0.0,0.0,0.0,0.0,0.0,0.0,0.0,-4.650548289073854e-06,0.0,-0.12,0.0,0.0,0.0,0.0,0.0,0.0,0.0,0.0,0.0,0.0,0.0,0.0,0.0,0.0,0.0,0.0,0.0,0.0,-0.11342222222222222,0.0,0.0005813185361342317,0.0,0.0,0.0,0.0,0.09153674197384067,0.0,0.0,-0.09153674197384067,0.0,0.0,0.0,0.0,0.0,0.0,4.650548289073854e-06,0.0,0.0,0.0,0.0,0.0,0.0,0.0,0.0,0.0,0.0,-0.031898110714757566,0.0,-0.04306872770511296,-3.7204386312590835e-05,0.0,0.0,0.0,0.0015951380631523317,0.056583221033161574,0.0,0.0,0.0,0.0,0.0,0.0,0.0,0.0,0.0,0.0,0.0,0.0,0.0,0.0,0.0,0.0,-0.027121997621878714,0.0,0.0,-0.056583221033161574,0.0,0.0,0.0,0.0,0.0,0.0010045184304399524,0.0,0.0,0.0,0.0,0.0,0.0,-0.0002976350905007267,0.0,0.0,0.0,0.0,0.0,0.0,0.0,0.0,0.0,0.0,0.0495190381820584,0.0,0.0,0.0,0.0,-0.10208883604174923,0.0,0.0,0.0,0.0,0.0,0.0,0.0,0.0,0.0,-0.0495190381820584,0.0,0.0,0.0,-0.008036147443519619,0.0,0.0,0.0,0.0,0.0,0.0,0.0,0.0,0.0,-0.06428917954815695,0.0,0.0,0.00012556480380499405,0.0,0.0,0.0,0.0,0.0,0.0,0.0,0.0,0.0,0.0,0.0,0.0,0.0,0.0,0.0,0.0,0.0,0.003390249702734839,0.0,0.0,0.0,0.0,0.0,0.031898110714757566,0.0,0.0,-0.004650548289073853,0.12,0.0,0.0,0.0,0.0,0.0,0.0,0.0,0.0,0.0,0.0,0.0,0.0,0.0,0.0,0.0,0.0,0.0,0.0,0.0,0.0,0.0,0.0,0.0,0.0,0.0,0.0,3.7204386312590835e-05,0.010217254591095256,0.0,0.0,0.0,0.0,0.0,0.0,0.0,0.0,0.0,0.0,0.0,0.0,0.0,0.0,0.0,0.0,0.0,0.0,0.0,0.0,0.0,0.0,0.0,0.0,0.10208883604174923,0.0,0.0,0.0,0.0,0.0,0.0,0.0,0.0,0.0,0.0061898797727573,0.0,0.0,0.0023810807240058135,0.0,0.0,0.0,-0.022848143744219843,0.0,-0.003390249702734839,0.0,0.0,0.0,0.0,0.0,0.0,0.0,0.0,0.0,0.0,0.0,0.0,0.0,0.0,0.0,0.0,0.0,0.0,0.0,0.0,0.0,-0.012761104505218654,0.0,0.0,0.0,0.0,0.0,0.0,0.0,0.0,0.0,0.0,0.0,0.0,0.0,0.0,0.0,0.0,0.0,0.0,0.0,0.0,0.0,0.0,0.0,0.0,0.0,0.0,0.0,0.03720438631259083,0.06428917954815695,0.027121997621878714,0.0,0.0,0.0,0.0,0.11342222222222222,0.0,0.0,0.015695600475624256,0.0,0.0,0.0,0.0,0.0,0.0,0.0,0.0,0.0,0.0,0.0,0.0,0.0,0.0,0.0,0.0,0.0,0.0,-0.019048645792046508,0.0,0.0,0.0,0.0,0.0,-0.0010045184304399524,-0.0005813185361342317,0.0,-0.00012556480380499405,0.0,0.0,0.0,0.0,0.0,0.0,0.0,0.0,0.0,0.0,0.0,0.0,0.0,0.022848143744219843,0.0,0.0,0.0,0.0,0.0,0.0,0.0,0.07266481701677897,0.0,0.0,0.0,0.0
2021-07-31,0.0,0.0,0.0,0.0,0.0,0.0,0.0,0.0,0.0,0.0,0.0,0.0,0.0,0.0,0.0,0.0,0.0,0.0,0.0,0.0,0.0,0.00012556480380499405,0.0,0.0,0.0061898797727573,0.0,0.0,0.0,0.0,0.0,0.0,0.0,0.0,0.0,0.0,0.003390249702734839,0.0,0.0,0.0,0.0,0.0,0.0,0.0,-0.12,0.0,0.0,0.0,0.0,0.0,0.0,0.0,0.0,0.0,-0.0061898797727573,0.0,0.0,0.0,0.0,0.0,-0.003390249702734839,0.0,0.0,0.0,0.0,0.0,0.0,0.0,0.0,0.0,0.0,0.0,0.0,0.0,0.0,0.0,0.0,0.0,0.0,0.0,0.0,0.0,0.0,0.0,0.0,-0.09153674197384067,0.0,0.0,0.0,0.0,0.0,0.0,0.0,0.0,0.0,-0.0023810807240058135,0.0,0.0,0.0,0.0,0.0,0.0,0.0,0.0,0.0,-3.7204386312590835e-05,0.0,0.0,0.0,0.0,0.0,0.0,0.0,0.0,0.0,0.0,0.015695600475624256,0.0,0.0,0.0,0.0,0.0,0.0,0.06428917954815695,0.0,0.0,-0.008036147443519619,0.0,0.0,0.0,0.0,4.650548289073854e-06,0.0,0.0,0.0,0.0,0.0,0.0,0.0,0.0,0.0,0.0,0.0,0.0,0.0,0.0,0.0,0.0,0.0,0.03720438631259083,0.0,0.0,-0.0015951380631523317,0.0,0.0,0.0,0.0,0.0,0.0,0.0,0.0,0.0,0.0,0.0,0.0,0.0,-0.11342222222222222,0.0,0.0,0.0,0.0,0.0,0.0,0.0,0.0,0.0,0.0,0.008036147443519619,0.0,0.0,0.09153674197384067,0.0,0.004650548289073853,-0.10208883604174923,0.0,0.0,0.0,0.0,0.0,0.0,0.0,0.0,0.0,0.0,0.0,0.0,0.0,0.0,0.0,0.0,0.0,-0.056583221033161574,0.0,-0.08173803672876205,-0.004650548289073853,0.0,0.0,0.0,0.0,0.0495190381820584,0.0,0.0,0.0,0.0,0.0,0.0,0.0,0.0,0.0,0.0,0.0,0.0,0.0,0.0,0.0,0.0,-0.07266481701677897,0.0,0.0,0.0,0.0,0.0,0.0,0.0,0.0,0.031898110714757566,0.0,0.0,0.0,0.0,0.0,0.0,-0.0005813185361342317,-0.031898110714757566,0.0,0.0,0.0,0.0,0.0,0.0,0.0,0.0,0.0,0.08173803672876205,0.0,0.0,0.0,0.0,-0.0010045184304399524,0.0,0.0,0.0,0.0,0.0,0.0,0.0,0.0,0.0,-0.019048645792046508,0.0,0.0,0.0,-0.0495190381820584,0.0,0.0,0.0,0.0,0.0,0.0,0.0,0.0,0.0,0.0,0.0,0.0,0.0023810807240058135,0.0,0.0,0.0,0.0,0.0,0.0,0.0,0.0,0.0,0.0,0.0,0.0,0.0,0.0,0.0,0.0,0.0,0.022848143744219843,0.0,0.0,0.0,0.0,0.0,0.056583221033161574,0.0,0.0,-0.027121997621878714,0.12,0.0,0.0,0.0,0.0,0.0,0.0,0.0,0.0,0.0,0.0,0.0,0.0,0.0,0.0,0.0,0.0,0.0,0.0,0.0,-0.015695600475624256,0.0,0.0,0.0,0.012761104505218654,0.0,0.0,0.0,0.0,0.0,0.0,0.0,0.0,0.0,0.0005813185361342317,0.0,0.0,0.0,0.019048645792046508,0.0,0.0,0.0,-0.012761104505218654,0.0,0.0,0.0,0.0,0.0,0.0,0.0,0.0,0.0,0.0,0.11342222222222222,0.0,0.0,0.0,0.0,0.0,0.0,0.0,0.0,0.0,0.0,0.0,0.0,0.010217254591095256,0.0,0.0,0.0,-0.06428917954815695,0.0,-0.0002976350905007267,0.0,0.0,0.0,0.0,0.0,0.0,0.0,0.0,0.0,0.0,0.0,-0.022848143744219843,0.0,0.0,0.0,0.0,0.0,0.0,0.0,0.0,0.0,-0.03720438631259083,0.0010045184304399524,0.0,0.0,0.0,0.0015951380631523317,0.0,0.0,0.0,0.0,0.0,0.0,0.0,0.0,0.0,0.0,0.0,0.0,0.0,0.0,0.0,0.0,0.0,0.0,0.0,0.0,0.0,0.0,0.027121997621878714,0.07266481701677897,3.7204386312590835e-05,0.0,0.0,0.0,0.0,0.10208883604174923,0.0,0.0,0.0,0.0,0.0,0.0,0.0,0.0,0.0,0.0,0.0,0.0,0.0,0.0,0.0,0.0002976350905007267,0.0,0.0,0.0,0.0,0.0,-0.04306872770511296,0.0,0.0,0.0,0.0,0.0,-4.650548289073854e-06,-0.00012556480380499405,0.0,-0.010217254591095256,0.0,0.0,0.0,0.0,0.0,0.0,0.0,0.0,0.0,0.0,0.0,0.0,0.0,0.0,0.0,0.0,0.0,0.0,0.0,0.0,0.0,0.04306872770511296,0.0,0.0,0.0,0.0
2021-08-31,0.0,0.0,0.0,0.0,0.0,0.0,0.0,0.0,0.0,0.0,0.0,0.0,0.0,0.0,0.0,0.0,0.0,0.0,0.0,0.0,0.0010045184304399524,4.650548289073854e-06,0.0,0.0,0.010217254591095256,0.0,0.0,0.0,0.0,0.0,0.0,0.0,0.0,0.0,0.0,0.0,0.0,0.0,0.0,0.0,0.0,0.0,0.0,-0.0495190381820584,0.0,0.0,0.0,0.0,0.0,0.0,0.0,0.0,0.0,-0.004650548289073853,0.0,0.0,0.0,0.0,0.0,0.0,0.0,0.0,0.0,0.0,0.0,0.0,0.0,0.0,0.0,0.0,0.0,0.0,0.0,0.0,0.0,0.0,0.0,0.0,0.0,0.0,0.0,0.0,0.0,0.0,-0.022848143744219843,0.0,0.0,0.0,0.0,0.0,0.0,0.0,0.0,0.0,-0.00012556480380499405,0.0,0.0,0.0,0.0,0.0,0.0,0.0,0.012761104505218654,0.0,-0.0002976350905007267,0.0,0.0,0.0,0.0,0.0,0.0,0.0,0.0,0.0,0.0,0.031898110714757566,0.0,0.0,0.0,0.0,0.0,0.0,0.04306872770511296,0.0,0.0,-0.003390249702734839,0.0,0.0,0.0,0.0,0.00012556480380499405,0.0,0.0,0.0,0.0,0.0,0.0,0.0,0.0,0.0,0.0,0.0,0.0,0.0,0.0,0.0,0.0,0.0,0.056583221033161574,0.0,0.0,-0.0005813185361342317,0.0,0.0,0.0,0.0,0.0,0.0,0.0,0.0,0.0,0.0,0.0,0.0,-0.12,-0.04306872770511296,0.0,0.0,0.0,0.0,0.0,0.0,0.0,0.0,0.0,0.0,0.015695600475624256,0.03720438631259083,0.0,0.07266481701677897,-0.10208883604174923,0.0,0.0,0.0,0.0,0.0,0.0,0.0,0.0,0.0,0.0,0.0,0.0,0.0,0.0,0.0,0.0,0.0,0.0,0.0,-0.015695600475624256,0.0,-0.019048645792046508,-0.0061898797727573,-0.08173803672876205,0.0,0.0,0.004650548289073853,0.09153674197384067,0.0,0.0,0.0,0.0,0.0,0.0,0.0,0.0,0.0,0.0,0.0,0.0,0.0,0.0,0.0,0.0,-0.027121997621878714,0.0,0.0,-0.056583221033161574,0.0,0.0,0.0,0.0,0.0,0.0015951380631523317,0.0,0.0,0.0,0.0,0.0,0.0,-3.7204386312590835e-05,-0.07266481701677897,0.0,0.0,0.0,0.0,0.0,0.0,0.0,0.0,0.0,0.022848143744219843,0.0,0.0,0.0,0.0,-0.0015951380631523317,0.0,0.0,0.0,0.0,0.0,0.0,0.0,0.0,0.0,-0.008036147443519619,0.0,0.0,0.0,-0.012761104505218654,0.0,0.0,0.0,0.0,0.0,0.0,0.0,-0.09153674197384067,0.0,0.0,0.0,0.0,0.0,0.0,0.0,0.0,0.0,0.0,0.0,0.0,0.0,0.0,0.0,0.0,0.0,0.0,0.0,0.0,0.0,0.0,0.0495190381820584,-0.06428917954815695,0.0,0.0,0.0,0.0,0.027121997621878714,0.0,0.0,0.0,0.12,0.0,0.0,0.0,0.0,0.0,0.0,0.0,0.0,0.0,0.0,0.0,0.0,0.0,0.0,0.0,0.0,0.0,0.0,0.0,0.0,0.0,0.0,0.0,0.019048645792046508,0.0,0.0,0.0,0.0005813185361342317,0.0,0.0,0.0,0.0,0.0,0.0,0.0,0.0,0.0,0.0,0.0,0.0,0.0,0.0,0.0,0.0,0.0,0.0,0.0,0.0,0.0,0.0,0.0,0.0,0.11342222222222222,0.0,0.0,0.0,0.0,0.0,0.0,0.0,0.0,0.0,0.0,0.0,0.0,0.0023810807240058135,0.0,0.0,0.0,-0.010217254591095256,0.0,-0.0010045184304399524,0.0,0.0,0.0,0.0,0.0,0.0,0.0,0.0,0.0,0.0,0.0,0.0,0.0,0.0,0.0,0.0,0.0,0.0,0.0,0.0,0.0,-0.031898110714757566,0.0,0.0,0.0,0.0,0.003390249702734839,0.0,0.0,0.0,0.0,0.0,0.0,3.7204386312590835e-05,0.0,0.0,-0.11342222222222222,0.0,0.0,0.0,0.0,0.0,0.0,0.0,0.0,0.0,0.0,0.0,0.0,0.06428917954815695,0.08173803672876205,0.008036147443519619,0.0,0.0,0.0,0.0,0.10208883604174923,0.0,0.0,0.0002976350905007267,0.0,0.0,0.0,0.0,0.0,0.0,0.0,0.0,0.0,0.0,0.0,0.0,0.0,0.0,0.0,0.0,0.0,0.0,-0.03720438631259083,0.0,0.0,0.0,0.0,0.0,-4.650548289073854e-06,0.0,0.0,-0.0023810807240058135,0.0,0.0,0.0,0.0,0.0,0.0,0.0,0.0,0.0,0.0,0.0,0.0,0.0,0.0,0.0,0.0,0.0,0.0,0.0,0.0,0.0,0.0061898797727573,0.0,0.0,0.0,0.0
2021-09-30,0.0,0.0,0.0,0.0,0.0,0.0,0.0,0.0,0.0,0.0,0.0,0.0,0.0,0.0,0.0,0.0,0.0,0.0,0.0,0.0,0.0495190381820584,0.0061898797727573,0.0,0.0,0.0010045184304399524,0.0,0.0,0.0,0.0,0.0,0.0,0.0,0.0,0.0,0.0,0.0,0.0,0.0,0.0,0.0,0.0,0.0,0.0,-0.031898110714757566,0.0,0.0,0.0,0.004650548289073853,0.0,0.0,0.0,0.0,0.0,-0.0015951380631523317,0.0,-0.015695600475624256,0.0,0.0,0.0,0.0,0.0,0.0,0.0,0.0,0.0,0.0,0.0,0.0,0.0,0.0,0.0005813185361342317,0.0,0.0,0.0,0.0,0.0,0.0,0.0,0.0,0.00012556480380499405,0.0,0.0,0.0,0.0,-0.08173803672876205,0.0,0.0,-0.0023810807240058135,-0.03720438631259083,0.0,0.0,0.0,0.0,0.0,-3.7204386312590835e-05,0.0,0.0,0.0,0.0,0.0,0.0,0.0,0.022848143744219843,0.0,-0.0002976350905007267,0.0,0.0,0.0,0.0,0.0,0.0,0.0,0.0,0.0,0.0,0.008036147443519619,0.0,0.0,0.0,0.0,0.0,0.0,0.010217254591095256,0.0,0.0,-0.022848143744219843,0.0,0.0,0.0,0.0,0.0,0.0,0.0,0.0,0.0,0.0,0.0,0.0,0.0,0.0,0.0,0.0,0.0,0.0,0.0,0.0,0.0,0.0,0.06428917954815695,0.0,0.0,-0.0005813185361342317,0.0,0.0,0.0,0.0,0.0,0.0,0.0,0.0,0.0,0.0,0.0,0.0,-0.003390249702734839,-0.11342222222222222,0.0,0.0,0.0,0.0,0.0,0.0,0.0,0.0,0.0,0.0,0.0,0.012761104505218654,0.0,0.08173803672876205,0.0,0.0,0.0,0.0,0.0,0.0,0.0,0.0,0.0,0.0,0.0,0.0,0.0,0.0,0.0,0.0,0.0,0.0,0.0,0.0002976350905007267,-0.056583221033161574,0.0,-0.06428917954815695,0.0,-0.027121997621878714,0.0,0.0,0.0023810807240058135,0.056583221033161574,0.0,0.0,0.0,0.0,0.0,0.0,0.0,0.0,0.0,0.0,0.0,0.0,0.0,0.0,0.0,0.0,-0.04306872770511296,0.0,0.0,-0.010217254591095256,0.0,0.0,0.0,0.0,0.0,0.003390249702734839,0.0,0.0,0.0,0.0,0.0,0.0,-0.00012556480380499405,0.0,0.0,0.0,0.0,0.0,0.0,0.0,0.0,0.0,0.0,0.031898110714757566,0.0,0.0,0.0,0.0,0.0,0.0,0.0,0.0,0.0,0.0,0.0,0.0,0.0,0.0,-0.012761104505218654,0.0,0.0,0.0,-0.0495190381820584,0.0,0.0,0.0,0.0,0.0,0.0,0.0,-0.0061898797727573,0.0,0.0,0.0,0.0,0.0,0.0,0.0,0.0,0.0,0.0,0.0,0.0,0.0,0.0,0.0,0.0,0.0,0.0,0.0,0.0,0.0,0.0,0.03720438631259083,-0.0010045184304399524,0.0,0.0,0.0,0.0,0.015695600475624256,0.0,0.0,0.0,0.12,0.0,0.0,0.0,0.0,0.0,0.0,0.0,0.0,0.0,0.0,0.0,0.0,0.0,-0.019048645792046508,0.0,0.0,0.0,0.0,0.0,0.0,0.0,0.0,0.0,0.04306872770511296,0.0,0.0,0.0,0.0,0.0,0.0,0.0,0.0,0.0,0.0,0.0,0.0,0.0,0.0,0.0,0.0,-0.12,0.0,0.0,0.0,0.0,0.0,0.0,0.0,0.0,0.0,0.0,0.0,0.11342222222222222,0.0,0.0,0.0,0.0,0.0,0.0,0.0,0.0,0.0,0.0,0.0,0.0,0.0015951380631523317,0.0,0.0,0.0,-0.10208883604174923,0.0,-0.008036147443519619,0.0,0.0,0.0,0.0,0.0,0.0,0.0,0.0,0.0,0.0,0.0,0.0,0.0,0.0,0.0,0.0,0.0,0.0,0.0,0.0,0.0,-0.07266481701677897,3.7204386312590835e-05,0.0,0.0,0.0,0.019048645792046508,0.0,0.0,0.0,0.0,0.0,0.0,4.650548289073854e-06,0.0,0.0,0.0,0.0,0.0,0.0,0.0,0.0,0.0,0.0,0.0,0.0,0.0,0.0,0.0,0.09153674197384067,0.10208883604174923,0.027121997621878714,0.0,0.0,0.0,0.0,0.07266481701677897,0.0,0.0,0.0,0.0,0.0,0.0,0.0,0.0,0.0,0.0,0.0,0.0,0.0,0.0,0.0,0.0,0.0,0.0,0.0,0.0,0.0,-0.09153674197384067,0.0,0.0,0.0,0.0,0.0,-4.650548289073854e-06,0.0,0.0,-0.004650548289073853,0.0,0.0,0.0,0.0,0.0,0.0,0.0,0.0,0.0,0.0,0.0,0.0,0.0,0.0,0.0,0.0,0.0,0.0,0.0,0.0,0.0,0.0,0.0,0.0,0.0,0.0
2021-10-31,0.0,0.0,0.0,0.0,0.0,0.0,0.0,0.0,0.0,0.0,0.0,0.0,0.0,0.0,0.0,0.0,0.0,0.0,0.0,0.0,0.06428917954815695,0.012761104505218654,0.0,0.0,0.003390249702734839,0.0,0.0,0.0,-0.012761104505218654,0.0,0.0,0.0,0.0,0.0,0.0,0.0,-0.019048645792046508,0.0,0.0,0.0,0.0,0.0,0.0,0.0,0.0,0.0,0.0,0.0023810807240058135,0.0,0.0,0.0,0.0,0.0,-0.0015951380631523317,0.0,0.0,0.0,-0.11342222222222222,0.0,0.0,0.0,0.0,0.0,0.0,0.0,0.0,0.0,0.0,0.0,0.0,0.031898110714757566,0.0,0.0,0.0,0.0,0.0,0.0,0.0,0.0,0.0,0.0,0.0,0.0,0.0,0.0,0.0,0.0,-0.0010045184304399524,-0.027121997621878714,0.0,0.0,0.0,0.0,0.0,-3.7204386312590835e-05,0.0,0.0,0.0,0.0,0.0,0.0,0.0,0.015695600475624256,0.0,-0.0023810807240058135,0.0,0.0,0.0,0.0,0.0,0.0,0.0,0.0,0.0,-0.10208883604174923,0.010217254591095256,0.0,0.0,0.0,0.0,0.0,0.0,0.0,0.0,0.0,0.0,0.0,0.0,0.0,0.0,0.0,0.0,0.0,0.0,0.0,0.0,0.0,0.0,0.0,-0.08173803672876205,0.0,0.0,0.0,0.0,0.0,0.0,0.0,0.0,0.10208883604174923,0.0,0.0,-0.03720438631259083,0.0,0.0,0.0,0.0,0.0,0.0,0.0,0.0,0.0,0.0,0.0,0.0,-0.0005813185361342317,0.0,0.0,0.0,0.0,0.0,0.0,0.0,0.0,0.0,0.0,0.0,0.0,0.027121997621878714,0.0,0.03720438631259083,0.0,0.0,0.0,0.0,0.0,0.0,-0.004650548289073853,0.0,0.0,0.0,0.0,0.0,0.0,0.0,0.0,0.022848143744219843,0.0,0.0,-0.003390249702734839,0.0015951380631523317,-0.12,0.0,0.0,0.0,-0.015695600475624256,0.0,0.0,0.0,0.0061898797727573,0.0,0.0,0.0,0.0,0.0,0.0,0.0,0.0,0.0,0.0,0.0,0.0,0.0,0.0,0.0,0.0,0.0,0.0,0.0,-0.0061898797727573,0.0,0.0,0.0,0.0,-0.09153674197384067,0.0,0.0,0.0,0.0,0.0,0.0,0.0,-0.00012556480380499405,0.0,0.0,0.0,0.0,0.0,0.0,0.0,0.0,0.019048645792046508,0.0,0.0495190381820584,0.0,0.0,0.0,0.0,0.0,0.0,0.0,0.0,0.0,0.0,0.0,0.0,0.0,0.0,-0.008036147443519619,0.0,0.0,0.0,0.0,0.0,0.0,0.0,0.0,0.0,0.0,0.0,0.0,0.0,-0.031898110714757566,0.0,0.0,0.0,0.0,0.0,-0.056583221033161574,0.0,0.0,0.0,0.0,0.0,0.0,0.0,0.0,0.0,0.0,0.0,0.0,0.0,0.0,0.0,-0.0002976350905007267,0.0,0.0,0.0,0.0,0.0,0.0,0.0,-0.07266481701677897,0.12,0.0,0.0,4.650548289073854e-06,0.0,0.0,0.0,0.0,0.0,0.0,0.0,0.0,0.0,0.0,-0.010217254591095256,0.0,0.0,0.0,0.0,0.0,0.0,0.0,0.0,0.0,0.056583221033161574,0.0,0.0,0.0,0.0,0.0,0.0,0.0,0.0002976350905007267,0.0,3.7204386312590835e-05,0.0,0.0,0.0,0.04306872770511296,0.0,0.0,-0.06428917954815695,0.0,0.0,0.0,0.0,0.0,0.0,0.0,0.0,0.0,0.0,0.0,0.11342222222222222,0.0,0.0,0.0,0.0,0.0,0.0,0.0,0.0,0.0,0.0,0.0,0.0,0.0,0.0,0.0,0.0,0.0,0.0,0.0,0.0,0.0,0.0,0.0,0.0,0.0,0.0,0.0,0.0,0.0,0.0,0.0,0.0,0.00012556480380499405,0.0,0.0,0.0,0.0,0.0,0.0,0.0,0.0,0.0005813185361342317,0.0,0.0,0.0,0.008036147443519619,0.0,0.0,0.0,0.0,0.0,0.0,0.0,0.0,0.0,0.0,0.0,0.0,0.0,0.0,0.0,0.0,0.0,0.0,0.0,0.0,0.0,0.0,0.09153674197384067,0.08173803672876205,0.07266481701677897,0.0,0.0,0.0,0.0,0.0,0.0,0.0,0.0,-0.0495190381820584,0.0,0.0,0.0,0.0,0.0,0.0,0.0,0.0,0.0,0.0,0.0,0.0,0.0,0.0,0.0,0.0,0.0,0.0,0.0,0.0,0.0,0.0,0.0,-4.650548289073854e-06,0.0,0.0,-0.022848143744219843,-0.04306872770511296,0.0,0.0,0.0,0.0,0.0,0.0,0.0,0.0,0.0,0.0,0.0,0.0,0.004650548289073853,0.0,0.0,0.0,0.0,0.0,0.0,0.0,0.0,0.0,0.0,0.0010045184304399524,0.0
2021-11-30,0.0,0.0,0.0,0.0,0.0,0.0,0.0,0.0,0.0,0.0,0.0,0.0,0.0,0.0,0.0,0.0,0.0,0.0,0.0,0.0,0.056583221033161574,0.0,0.0,0.0,0.0061898797727573,0.0,0.0,0.0,-0.0015951380631523317,0.0,0.0,0.0,0.0,0.0,0.0,0.04306872770511296,-0.008036147443519619,0.0,0.0,0.0,0.0,0.0,0.0,-0.09153674197384067,0.0,0.0,0.0,0.0,0.0,0.0,0.0,0.0,0.0,0.0,0.0,0.0,0.0,-0.019048645792046508,0.0,0.0,0.0,0.0,0.0,0.0,0.0,0.0,0.0,0.0,0.0,0.0,0.015695600475624256,0.0,0.0,0.0,0.0,0.0,0.0,0.0,0.0,0.0,0.0,0.0,0.0,0.0,0.0,0.0,0.0,-0.010217254591095256,-0.004650548289073853,0.0,0.0,0.0,0.0,0.0,-0.0002976350905007267,0.0,0.0,0.0,0.0,0.0,0.0,0.0,0.008036147443519619,0.0,-0.00012556480380499405,0.0,0.012761104505218654,0.0,0.0,0.0,0.0,0.0,0.0,0.0,0.0,0.0,0.0,0.0,0.0,0.0,0.0,0.0,0.0,0.0,0.0,-0.10208883604174923,0.0,0.0,0.0,0.0,0.0,0.0,0.0,0.0,0.0,0.0,0.0,0.0,0.0,0.0,0.0,0.0,0.0,0.0,0.0,0.0,0.0,0.0,0.10208883604174923,0.0,0.0,0.0,0.0,0.0,0.0,0.0,0.0,0.0,0.0,0.0,0.0,0.027121997621878714,0.0,0.0,-0.003390249702734839,0.0,0.0,0.0,0.0,0.0,0.0,0.0,0.0,0.0,0.0,0.0,0.0023810807240058135,0.09153674197384067,0.0,0.004650548289073853,0.0,-0.015695600475624256,0.0,0.0,0.0,0.0,-0.0061898797727573,0.0,0.0,0.0,0.0,0.0,0.0,0.0,0.0,0.03720438631259083,0.0,0.0,-0.031898110714757566,0.00012556480380499405,0.0,0.0,0.0,0.0,0.0,0.0,0.0,0.0,0.0010045184304399524,0.0,0.0,0.0,-0.08173803672876205,0.0,0.0,0.0,0.0,0.0,0.0,0.0,0.0,0.0,0.0,0.0,0.0,0.0,0.0,0.0,-0.0010045184304399524,0.0,0.0,0.0,0.0,-0.056583221033161574,0.0,0.0,0.0,0.0,0.0,0.0,0.0,-3.7204386312590835e-05,0.0,0.0,0.0,0.0,0.0,0.0,0.0,0.0,0.031898110714757566,0.0,0.003390249702734839,0.0,0.0,0.0,0.0,0.0,0.0,0.0,0.0,0.0,0.0,0.0,0.0,0.0,0.0,-0.022848143744219843,0.0,0.0,0.0,0.0,0.0,0.0,0.0,0.0,0.0,0.0,0.0,0.0,0.0,-0.027121997621878714,0.0,0.0,0.0,0.0,0.0,-0.0023810807240058135,0.0,0.0,0.0,0.0,0.0,0.0,0.0,0.0,0.0,0.0,0.0,0.0,0.0,0.0,4.650548289073854e-06,-0.0005813185361342317,0.0,0.0,0.0,0.0,0.0,0.010217254591095256,0.0,0.0,0.12,0.0,0.0,0.0,0.0,0.0,0.0,0.0,0.0,0.0,0.0,0.0,0.0,0.0,-0.012761104505218654,0.0,0.0,0.0,0.0,0.0,0.0,0.0,0.0,0.0,0.019048645792046508,0.0,0.0,0.0,0.0,0.0,0.0,0.0,0.022848143744219843,0.0,0.0,0.0,0.0,0.0,0.07266481701677897,0.0,0.0,-0.03720438631259083,0.0,0.0,0.0,0.0,0.0,0.0,0.0,0.0,0.0,0.0,0.0,0.11342222222222222,0.0,0.0,0.0,0.0,0.0,0.0,0.0,0.0,0.0,0.0,0.0,0.0,0.0005813185361342317,0.0,0.0,0.0,0.0,0.0,0.0,0.0,0.0,0.0,0.0,0.0,0.0,0.0,0.0,0.0,0.0,0.0,0.0,0.0,0.0,0.0,0.0,0.0,0.0,0.0,0.0,0.0,0.0,0.0015951380631523317,0.0,0.0,0.0,3.7204386312590835e-05,0.0,0.0,0.0,0.0,0.0,0.0,0.0,0.0,0.0,0.0,0.0,0.0,0.0,0.0,0.0,0.0,0.0,0.0,0.0,0.0,0.0,0.0,0.06428917954815695,0.0495190381820584,0.08173803672876205,0.0,0.0,0.0,0.0,0.0,0.0,0.0,0.0,-0.07266481701677897,0.0,0.0,0.0,0.0,0.0,0.0,0.0,0.0,0.0,0.0,0.0,0.0,0.0,0.0,0.0,0.0,0.0,0.0,0.0,0.0,0.0,0.0,0.0,-4.650548289073854e-06,-0.11342222222222222,0.0,-0.12,-0.0495190381820584,0.0,0.0,0.0,0.0,0.0,-0.06428917954815695,0.0,0.0,0.0,0.0,0.0,0.0,0.0002976350905007267,0.0,0.0,0.0,0.0,-0.04306872770511296,0.0,0.0,0.0,0.0,0.0,0.0,0.0
2021-12-31,0.0,0.0,0.0,0.0,0.0,0.0,0.0,0.0,0.0,0.0,0.0,0.0,0.0,-0.03720438631259083,0.0,0.0,0.0,0.0,0.0,0.0,0.031898110714757566,0.0,0.0,0.0,0.0023810807240058135,0.0,0.0,0.0,-0.04306872770511296,0.0,0.0,0.0,0.0,0.0,0.0,0.07266481701677897,0.0,0.0,0.0,0.0,0.0,0.0,0.0,0.0,0.0,0.0,0.0,0.0,0.0,0.0,0.0,0.0,0.0,0.0,0.0,0.0,0.0,0.0,0.0,0.0,0.0,0.0,0.0,0.0,0.0,0.0,0.0,0.0,0.0,0.0,0.027121997621878714,0.0,0.0,0.0,0.0,0.0,0.0,0.0,0.0,0.0,0.0,0.0,0.0,0.0,-0.09153674197384067,0.0,0.0,0.0,0.0,0.0,0.0,0.0,0.0,-0.056583221033161574,-3.7204386312590835e-05,0.0,0.0,0.0,0.0,-0.0495190381820584,0.0,0.0,0.0,0.0,0.0,0.0,0.022848143744219843,0.0,0.0,0.0,0.0,0.0,0.0,0.0,0.0,0.004650548289073853,0.0,0.0,0.0,0.0,0.0,0.0,0.0,0.0,0.0,-0.031898110714757566,0.0,0.0,0.0,0.0,0.0,0.0,0.0,0.0,0.0,0.0,0.0,0.0,0.0,0.0,0.0,0.0,0.0,0.0,0.0,0.0,0.0,0.0,0.10208883604174923,0.0,0.0,0.0,0.0,0.0,0.0,0.0,0.0,0.0,0.0,0.0,0.0,0.03720438631259083,0.0,0.0,-0.003390249702734839,0.0,0.0,0.0,0.0,0.0,0.0,0.0,0.0,0.0,0.0,0.0,0.0,0.09153674197384067,0.0,0.0002976350905007267,0.0,-0.010217254591095256,0.0,0.0,0.0,0.0,-0.008036147443519619,0.0,0.0,0.0,0.0,0.0,0.0,0.0,0.0,0.04306872770511296,0.0,0.0,0.0,0.0,-0.06428917954815695,0.0,-0.11342222222222222,0.0,0.0,0.0,0.0,0.0,0.010217254591095256,0.0,0.0,0.0,-0.022848143744219843,0.0,0.0,0.0,0.0,0.0,0.0,0.0,0.0,0.0,0.0,0.0,0.0,0.0,0.0,0.0,-0.0002976350905007267,0.0,0.0,0.0,0.0,0.0,0.0,0.0,0.0,0.0,0.0,0.0,0.0,-4.650548289073854e-06,0.0,0.0,0.0,0.0,0.0,0.0,0.0,0.0,0.019048645792046508,0.0,0.0,0.0,0.0,0.0,0.0,0.0,0.0,0.0,0.0,0.0,0.0,0.0,0.00012556480380499405,0.0015951380631523317,0.0,0.0,0.0,0.0,0.0,-0.08173803672876205,0.0,0.0,0.0,0.0,0.0,0.0,0.0,0.0,0.0,-0.027121997621878714,0.0,0.0,0.0,0.0,0.0,-0.0015951380631523317,0.0,0.0,0.0,0.0,0.0,0.0,0.0,0.0,0.0,0.0,0.0,0.0,0.0,0.0,0.008036147443519619,-0.0010045184304399524,0.0,0.0,0.0,0.0,0.0,0.003390249702734839,0.0,0.0,0.12,0.0,0.0,0.0,0.0,0.0,0.0,0.0,0.0,0.0,0.0,0.0,0.0,0.0,-0.0023810807240058135,0.0,0.0,0.0,0.0,0.0,0.0,0.0,0.0,0.0,0.015695600475624256,0.0,0.0,0.0,0.0,0.0,0.0,0.0,0.0005813185361342317,0.0,0.0,0.0,0.0,0.0,0.08173803672876205,0.0010045184304399524,0.0,0.0,0.0,0.0,0.0,0.0,0.0,0.0,0.0,0.0,0.0,0.0,0.0,0.11342222222222222,0.0,0.0,0.0,-0.00012556480380499405,0.0,0.0,0.0,0.0,0.0,0.0,0.0,0.0,0.0,0.0,0.0,0.0,-0.10208883604174923,0.0,0.0,0.0,0.0,0.0,0.0,0.0,-0.0061898797727573,0.0,0.0,0.0,0.0,0.0,0.0,0.0,0.0,0.0,0.0,4.650548289073854e-06,0.0,0.0,0.0,0.0,-0.12,0.012761104505218654,0.0,0.0,0.0,0.0,0.0,0.0,0.0,0.0,0.0,0.0,0.0,0.0,0.0,0.0,0.0,0.0,0.0,0.0,0.0,0.0,0.0,0.0,0.0,0.0,0.0,0.0,0.056583221033161574,0.0,0.06428917954815695,0.0,0.0,0.0,0.0,0.0495190381820584,0.0,0.0,0.0,0.0,0.0,0.0,0.0,0.0,0.0,0.0,0.0,0.0,0.0,0.0,0.0,0.0,0.0,0.0,0.0,0.0,3.7204386312590835e-05,-0.07266481701677897,0.0,0.0,0.0,0.0,0.0,-0.0005813185361342317,0.0,0.0,-0.019048645792046508,-0.015695600475624256,0.0,0.0,0.0,0.0,0.0,-0.004650548289073853,0.0,0.0061898797727573,0.0,0.0,0.0,0.0,0.0,0.0,0.0,0.0,0.0,-0.012761104505218654,0.0,0.0,0.0,0.0,0.0,0.0,0.0
2022-01-31,0.0,0.0,0.0,0.0,0.0,0.0,0.0,0.0,0.0,0.0,0.0,0.0,0.0,0.0,0.0,0.0,0.0,0.0,0.0,0.0,0.010217254591095256,0.0,0.0,0.0,0.0,0.0,0.0,0.0,0.0,0.0,0.0,0.0,0.0002976350905007267,0.0,0.0,0.027121997621878714,0.0,0.0,0.0,0.0,0.0,0.0,0.0010045184304399524,0.0,0.0,0.0,0.0,0.0,0.0,0.0,0.0,0.0,0.0,0.0,0.0,0.0,0.0,-0.0495190381820584,0.0,0.0,0.0,0.0,0.0015951380631523317,0.0,-0.06428917954815695,0.0,0.0,0.0,0.0,0.0,0.07266481701677897,0.0,0.0,-0.08173803672876205,0.0,0.0,0.0,0.0,0.0,0.0,0.0,0.0,0.0,0.0,0.0,0.0,0.0,0.0,0.0,0.0,0.0,0.0,0.0,-0.07266481701677897,-0.010217254591095256,0.0,0.0,0.0,0.0,0.0,0.0,0.0,0.0,0.0,0.0,0.0,0.0023810807240058135,0.0,0.0,-0.0023810807240058135,0.0,0.0,0.0,0.0,0.0,0.0,0.0,-0.022848143744219843,0.0,0.0,0.0,0.0,0.0,0.0,0.0,0.0,0.0,0.0,0.0,3.7204386312590835e-05,0.0,0.0,0.0,0.0,0.0,0.0,0.0,0.0,0.0,0.0,0.0,0.0,0.0,0.0,0.0,0.0,0.0,-0.04306872770511296,0.12,0.0,0.0,0.0,0.0,0.0,0.0,0.0,0.0,0.0,0.0,0.0,0.0,0.008036147443519619,0.0,0.0,-0.027121997621878714,0.0,0.0,0.0,0.0,0.0,0.0,0.0,0.0,0.0,0.0,4.650548289073854e-06,0.0495190381820584,0.10208883604174923,0.0,0.0,0.0,-0.012761104505218654,0.0,0.0,0.0,-0.0002976350905007267,-0.00012556480380499405,-0.019048645792046508,0.0,0.0061898797727573,0.0,0.0,0.0,0.0,0.0,0.09153674197384067,0.0,0.0,-0.10208883604174923,0.0,0.0,0.0,0.0,0.0,0.0,0.0,0.0,0.0,0.022848143744219843,0.0,0.0,0.0,-4.650548289073854e-06,0.0,0.0,0.0,0.0,0.0,0.0,0.0,0.0,0.0,0.0,0.0,0.0,-0.0015951380631523317,0.0,0.0,-0.09153674197384067,0.0,0.0,0.0,0.0,0.0,0.0,0.0,0.0,0.0,0.0,0.0,0.0,-0.003390249702734839,0.0,0.00012556480380499405,0.0,0.0,0.0,0.0,0.0,0.0,0.019048645792046508,0.0,0.0,0.0,0.0,0.0,0.0,0.0,0.0,0.0,0.0,0.0,0.0,0.0,0.0,0.015695600475624256,0.0,0.0,0.0,0.0,0.0,0.0,0.0,0.0,0.0,0.0,0.0,0.0,0.0,0.0,0.0,0.0,0.0,0.0,0.0,0.0,0.0,-3.7204386312590835e-05,0.0,0.0,0.0,0.0,0.0,0.0,0.0,0.0,0.0,0.0,0.0,0.0,0.0,0.0,0.0,0.0,0.0,0.0,0.0,0.0,0.0,0.0,0.0,0.0,0.11342222222222222,0.0,0.0,0.0,0.0,0.0,0.0,0.0,0.0,0.0,0.0,0.0,0.0,0.0,0.0,0.0,0.0,0.0,0.0,0.0,0.0,0.0,0.0,0.0,0.04306872770511296,0.08173803672876205,0.0,0.0,0.0,0.0,0.0,0.0,0.0,0.0,0.031898110714757566,0.0,0.0,0.0,0.012761104505218654,0.0005813185361342317,0.0,0.0,0.0,0.0,0.0,0.0,0.0,0.0,0.0,0.0,0.0,0.0,0.0,0.0,0.0,0.0,0.0,-0.015695600475624256,0.0,0.0,0.0,0.0,0.0,0.0,0.0,0.0,0.0,-0.12,0.0,0.0,0.0,0.0,0.0,0.0,0.0,0.0,0.0,0.0,-0.11342222222222222,0.0,0.0,0.0,0.0,0.0,0.0,0.0,0.0,0.0,0.0,0.0,0.0,0.0,0.0,0.0,0.0,0.003390249702734839,0.0,0.0,0.0,0.0,0.0,0.0,0.0,0.0,0.0,0.0,0.0,0.0,0.0,-0.03720438631259083,0.0,0.0,0.0,0.0,0.0,0.0,0.0,0.0,0.0,0.0,0.0,-0.008036147443519619,0.06428917954815695,0.0,0.056583221033161574,0.0,0.0,0.0,0.0,0.03720438631259083,0.0,0.0,0.0,0.0,0.0,0.0,0.0,0.0,-0.0010045184304399524,0.0,0.0,0.0,0.0,0.0,0.0,0.0,0.0,0.0,0.0,0.0,0.0,0.0,0.0,0.0,0.0,0.0,0.0,-0.004650548289073853,0.0,0.0,-0.0005813185361342317,-0.031898110714757566,0.0,0.0,0.0,0.0,0.0,0.0,0.0,0.0,0.0,0.0,0.0,0.0,0.004650548289073853,0.0,0.0,0.0,-0.056583221033161574,0.0,0.0,0.0,0.0,0.0,-0.0061898797727573,0.0,0.0
2022-02-28,0.0,0.0,0.0,0.0,0.0,0.0,0.0,0.0,0.0,0.0,0.0,0.0,0.0,0.0,0.0,0.0,0.0,0.0,0.0,0.0,0.0,0.0,0.0,0.0,0.0002976350905007267,0.0,0.0,0.0,0.0,0.0,0.0,0.0,0.027121997621878714,0.0,0.0,0.031898110714757566,0.0,0.0,0.0,0.0,0.0,0.0,0.0,0.0,0.0,0.0,0.0,0.0,0.0,0.0,0.0,0.0,0.0,0.0,0.0,0.0,0.0,0.0,0.0,0.0,0.0,0.0,0.056583221033161574,0.0,0.0,0.0,0.0,0.0,0.0,0.0,0.0495190381820584,0.0,0.0,0.0,0.0,0.0,0.0,0.0,0.0,0.0,0.0,0.0,0.0,0.0,0.0,0.003390249702734839,0.0,0.0,0.0,0.0,0.0,0.0,0.0,0.0,-0.03720438631259083,0.0,0.0,0.0,0.0,0.0,0.0,0.0,0.0,-0.08173803672876205,0.0,0.0,0.008036147443519619,0.0,0.0,-0.004650548289073853,0.0,0.0,0.0,0.0,0.0,0.0,0.0,-0.012761104505218654,0.0,0.0,0.0,0.0,0.0,0.0,0.0,0.0,0.0,0.0,0.0,0.0005813185361342317,0.0,0.0,0.0,0.0,0.0,0.0,0.0,-0.019048645792046508,0.0,0.0,0.0,0.0,0.0,0.0,0.0,0.0,0.0,0.0,0.11342222222222222,0.0,0.0,0.0,0.0,0.0,0.0,0.0,0.0,0.0,0.0,0.0,0.0,0.015695600475624256,0.0,0.0,-0.0015951380631523317,0.0,0.0,0.0,0.0,0.0,0.0,0.0,0.0,0.0,0.0,0.022848143744219843,0.10208883604174923,0.08173803672876205,0.0,0.0,0.0,0.0,0.0,0.0,0.0,-0.031898110714757566,-0.0010045184304399524,-0.09153674197384067,0.0,0.010217254591095256,0.0,0.0,0.0,0.0,0.0,0.09153674197384067,0.0,0.0,0.0,0.0,0.0,0.0,0.0,0.0,0.0,0.0,0.0,0.0,0.0,0.0,0.0,0.0,-3.7204386312590835e-05,0.0,0.0,0.0,0.0,0.0,0.0,0.0,0.0,0.0,0.0,0.0,0.0,-4.650548289073854e-06,0.0,0.0,0.0,0.0,0.0,0.0,0.0,0.0,0.0,0.0,0.0,0.0,0.0,0.0,0.0,-0.010217254591095256,0.0,0.0,0.0,0.0,0.0,0.0,0.0010045184304399524,0.0,0.03720438631259083,0.0,0.0,0.0,0.0,0.0,0.0,0.0,0.0,0.0,0.0,0.0,0.0,0.0,0.0,0.004650548289073853,0.0,0.0,0.0,0.0,0.0,0.0,0.0,-0.027121997621878714,0.0,0.0,0.0,0.0,0.0,0.0,0.0,0.0,0.0,0.0,0.0,0.0,0.0,-0.00012556480380499405,0.0,0.0,0.0,0.00012556480380499405,0.0,0.0,0.0,0.0,0.0,0.0,0.0,-0.06428917954815695,0.0,0.0,0.0,0.0,0.0,0.0,0.0,0.0,0.0,0.0,0.0,0.0,0.12,0.0,0.0015951380631523317,0.0,0.0,0.0,0.0,0.0,0.0,0.0,-0.056583221033161574,0.0,0.0,0.0,0.0,0.0,0.0,0.0,0.0,0.0,0.0,0.0,0.0,0.0,0.06428917954815695,0.07266481701677897,0.0,0.0,0.0,0.0,0.0,3.7204386312590835e-05,0.0,0.0,0.04306872770511296,0.0,0.0,0.0,0.0,0.0,0.0,0.0,0.0,0.0,0.0,0.0,0.0,0.0,0.0,0.0,0.0,0.0,0.0,0.0,0.0,0.0,0.0,-0.11342222222222222,0.0,0.0,0.0,0.0,0.0,0.0,0.0,0.0,0.0,-0.003390249702734839,0.0,0.0,0.0,0.0,0.0,0.0,0.0,0.0,0.0,0.0,-0.0495190381820584,0.0,-0.12,0.0,0.0,0.0,0.0,0.0,0.0,0.0,0.0,0.0,0.0,0.0,0.0,0.0,0.0,0.012761104505218654,0.0,0.0,0.0,0.0,0.0,0.0023810807240058135,0.0,0.0,0.0,0.0,0.0,0.0,0.0,0.0,0.0,0.0,0.0,0.0,0.0,0.0,0.0,0.0,0.0,0.0,0.0,-0.015695600475624256,0.0061898797727573,0.0,0.019048645792046508,0.0,0.0,0.0,0.0,0.0,0.0,0.0,0.0,-0.022848143744219843,0.0,0.0,0.0,0.0,-0.008036147443519619,0.0,0.0,0.0,0.0,0.0,0.0,0.0,0.0,0.0,0.0,0.0,0.0,0.0,0.0,0.0,0.0,0.0,0.0,-0.10208883604174923,0.0,0.0,-0.0002976350905007267,-0.07266481701677897,0.0,0.0,-0.04306872770511296,0.0,0.0,0.0,0.0,0.0,0.0,0.0,0.0,0.0,4.650548289073854e-06,0.0,0.0,0.0,-0.0023810807240058135,0.0,0.0,0.0,-0.0005813185361342317,0.0,-0.0061898797727573,0.0,0.0
2022-03-31,0.0,0.0,0.0,-0.056583221033161574,0.0,0.0,0.0,0.0,0.0,0.0,0.0,0.0,0.0,0.0,0.0,0.0,0.0,0.0,0.0,0.0,0.0,0.0,0.0,0.0,0.0,0.0,0.0,0.0,0.0,0.0,0.0,0.0,0.0,0.0,0.0,0.11342222222222222,0.0,0.0,0.0,0.0,0.0,0.0,0.0061898797727573,0.0,0.0,0.0,0.0,-0.11342222222222222,0.0,0.003390249702734839,0.0,0.0,0.0,0.0,0.0,0.0,0.0,0.0,0.0,-0.027121997621878714,0.0,0.0,0.015695600475624256,0.0,0.0,0.0,0.0,0.0,0.0,0.0,0.0495190381820584,0.0,0.0,0.0,0.0,0.0,0.0,0.0,0.0,0.0,0.0,0.0,0.0,0.0,0.0,0.0005813185361342317,0.0,0.0,0.0,0.0,0.0,0.0,0.0,0.0,-0.015695600475624256,0.0,0.0,0.0,0.0,0.0,0.0,0.0,0.0,-0.004650548289073853,-0.0015951380631523317,0.0,0.09153674197384067,0.0,0.0,0.0,0.0,0.0,0.0,0.0,0.0,0.0,0.0,-0.008036147443519619,0.0,0.0,0.0,0.0,-0.0005813185361342317,0.0,0.0,0.0,0.0,-0.0002976350905007267,0.0,0.0,0.0,0.0,0.0,0.0,0.0,0.0,0.0,-0.03720438631259083,0.0,0.0,0.0,0.0,0.0,0.0,0.0,0.0,0.0,0.0,0.12,0.0,0.0,0.0,0.0,0.0,0.0,0.0,0.0,0.0,0.0,0.0,0.0,0.10208883604174923,0.0,0.0,-0.0061898797727573,0.0,0.0,0.0,0.0,0.0,0.0,0.0,0.0,0.0,0.0,0.004650548289073853,0.031898110714757566,0.08173803672876205,0.0,0.0,0.0,0.0,0.0,0.0,0.0,0.0,0.0,0.0,0.0,4.650548289073854e-06,0.0,0.0,0.0,0.0,-0.0495190381820584,0.056583221033161574,0.0,0.0,0.0,0.0,0.0,0.0,0.0,0.0,0.0,0.0,0.0,0.0,0.0,0.0,0.0,0.0,0.0,0.0,0.0,0.0,0.019048645792046508,0.0,0.0,0.0,0.0,0.0,0.0,0.0,0.0,-3.7204386312590835e-05,0.0,0.0,0.0,0.0,0.0,0.0,0.0,0.0,0.0,0.0,0.0,0.0,0.0,0.0,0.0,-0.022848143744219843,0.0,0.0,0.0,0.0,0.0,0.0,0.0,0.0,0.027121997621878714,0.0,0.0,0.0,0.0,0.0,0.0,0.0,0.0,0.0,0.0,0.0,0.0,0.0,0.0,0.022848143744219843,0.0,0.0,0.0,0.0,0.0,0.0,0.0,-0.06428917954815695,0.0,0.0,0.0,0.0,0.0,0.0,0.0,0.0,0.0,0.0,0.0,0.0,0.0,0.0,0.0,0.00012556480380499405,0.0,0.0,0.0,0.0,0.0,0.0,0.0,0.0,0.0,0.0,0.0,0.0,0.0,0.0,0.0,0.0,0.0,0.0,0.0,0.0015951380631523317,0.0,0.0,0.0,0.0,0.0,0.0,0.0,0.0,0.0,0.0,0.0,0.0,0.0,0.0,0.0,0.0,0.0,-0.031898110714757566,0.0,0.0,0.0,0.0,0.0,0.0,0.0,0.0,0.07266481701677897,0.03720438631259083,0.0,0.0,0.0,0.0,0.0,0.0,0.0,0.0,0.0023810807240058135,0.0,0.0,0.0,0.04306872770511296,0.0,0.0,0.0,0.0,0.0,0.0,0.0,0.0,0.0,0.0,0.0,0.0,0.0,0.0,-4.650548289073854e-06,0.0,0.0,0.0,0.0,0.0,0.0,0.0,0.0,0.0,-0.010217254591095256,0.0,-0.10208883604174923,0.0,-0.003390249702734839,0.0,0.0,0.0,0.0,0.0,0.0,0.0,0.0,0.0,0.0,-0.08173803672876205,0.0,-0.12,0.0,0.0,0.0,0.0,0.0,0.0002976350905007267,0.0,0.0,0.012761104505218654,0.0,0.0,0.0,0.0,0.0,0.0,0.0,0.0,0.0,0.0010045184304399524,0.0,3.7204386312590835e-05,0.0,0.0,0.0,-0.09153674197384067,0.0,0.0,0.0,0.0,0.0,0.0,0.0,0.0,0.0,0.0,0.0,0.0,0.0,0.0,0.0,-0.04306872770511296,0.0,0.0,0.06428917954815695,0.0,0.0,0.0,0.0,0.0,0.0,0.0,0.0,-0.019048645792046508,0.0,0.0,0.0,0.0,-0.0023810807240058135,0.0,0.0,0.0,0.0,0.0,0.0,0.0,0.0,0.0,-0.07266481701677897,0.0,0.0,0.0,0.0,0.0,0.0,0.0,0.0,0.0,0.0,0.0,0.0,0.0,0.0,0.0,-0.0010045184304399524,0.0,0.0,0.0,0.0,0.008036147443519619,0.0,0.0,0.0,0.0,0.0,0.0,0.0,0.0,0.0,0.0,0.010217254591095256,0.0,-0.00012556480380499405,0.0,-0.012761104505218654,0.0,0.0
2022-04-30,0.0,0.0,0.0,-0.031898110714757566,0.0,0.0,0.0,0.0,0.0,0.0,0.0,0.0,0.0,0.0,0.0,0.0,0.0,0.0,0.0,0.0,0.0,0.0,0.0,0.0,0.0,0.0,3.7204386312590835e-05,0.0,0.0,0.0,0.0,0.0,0.019048645792046508,0.0,0.0,0.03720438631259083,0.0,0.0,0.0,0.0,0.0,0.0,0.0015951380631523317,0.0,0.0,0.0,0.0,0.0,0.0,0.003390249702734839,0.0,0.0,0.0,0.0,0.0,0.0,0.0,0.0,0.0,-0.12,0.0,0.0,0.022848143744219843,0.0,0.0,0.0,0.0,0.0,0.0,0.0,0.06428917954815695,0.0,0.0,0.0,0.0,0.0,0.0,0.0,0.0,0.0,0.0,-0.10208883604174923,0.0,0.0,0.0,0.031898110714757566,0.0,0.0,0.0,0.0,0.0,0.0,0.0,0.0,0.0,0.0,0.0,0.0,0.0,0.0,0.0,0.0,0.0,0.0,-0.019048645792046508,0.0,0.0495190381820584,0.0,0.0,0.0,0.0,0.0023810807240058135,0.0,0.0,0.0,0.0,0.0,-0.027121997621878714,0.0,0.0,0.0,0.0,-0.0010045184304399524,0.0,0.0,0.0,0.0,-0.003390249702734839,0.0,0.012761104505218654,0.0,0.0,0.0,0.0,0.0,0.0,0.0,-0.056583221033161574,0.0,0.0,0.0,0.0,0.0,0.0,0.0,0.0,0.0,0.0,0.12,0.0,0.0,0.0,0.0,0.0,0.0,0.0,0.0,0.0,0.0,0.0,0.0,0.07266481701677897,0.0,0.0,-0.022848143744219843,0.0,0.0,0.0,0.0,0.0,0.0,0.0002976350905007267,0.015695600475624256,0.0,0.0,4.650548289073854e-06,0.00012556480380499405,0.09153674197384067,0.0,0.0,0.0,0.0,0.0,0.0,0.0,0.0,-0.015695600475624256,0.0,0.0,0.0,0.0,0.0,0.0,0.0,0.0,0.08173803672876205,0.0,0.0,0.0,0.0,0.0,0.0,0.0,0.0,0.0,0.0,0.0,0.0,0.0,0.0,0.0,0.0,-0.008036147443519619,0.0,0.0,0.0,0.0061898797727573,0.0,0.0,0.0,0.0,0.0,0.0,0.0,0.0,-4.650548289073854e-06,0.0,0.0,0.0,0.0,0.0,0.0,0.0,0.0,0.0,0.0,0.0,0.0,0.0,0.0,0.0,0.0,-0.09153674197384067,0.0,0.0,0.0,0.0,0.0,0.0,0.0,0.0005813185361342317,0.0,0.0,0.0,0.0,0.0,0.0,0.0,0.0,0.0,0.0,0.0,0.0,0.0,0.0,0.0,0.0,0.0,0.0,0.0,0.0,0.0,0.0,0.0,0.0,0.0,0.0,0.0,0.0,0.0,0.0,0.0,0.0,0.0,0.0,0.0,-0.03720438631259083,-0.010217254591095256,0.0,0.0,0.0,0.0,0.0,0.0,0.0,0.0,0.004650548289073853,0.0,0.0,0.0,0.0,0.0,0.0,0.0,0.0,0.0,0.0,0.0,0.04306872770511296,0.0,0.0,0.0,0.0,0.0,0.0,0.0,0.0,0.0,0.0,0.0,0.0,0.0,-0.004650548289073853,0.0,0.0,0.0,0.0,-0.0495190381820584,0.0,0.0,0.0,0.0,0.0,0.0,0.0,0.0,0.11342222222222222,0.056583221033161574,0.0,0.0,0.0,0.0,0.0,0.0,0.0,0.0,0.0010045184304399524,0.0,0.0,0.0,0.010217254591095256,0.008036147443519619,0.0,0.0,0.0,0.0,0.0,0.0,0.0,0.0,0.0,0.0,0.0,0.0,0.0,-0.0002976350905007267,0.0,0.0,0.0,0.0,0.0,0.0,0.0,0.0,0.0,-0.00012556480380499405,0.0,0.0,0.0,-3.7204386312590835e-05,0.0,0.0,0.0,0.0,0.0,0.0,0.0,0.0,0.0,0.0,0.0,0.0,-0.08173803672876205,0.0,0.0,0.0,0.0,0.0,0.0,0.0,0.0,0.0,0.0,0.0,0.0,0.0,0.0,0.0,0.0,0.0,0.0,0.027121997621878714,0.0,0.0,0.0,0.0,0.0,-0.06428917954815695,0.0,0.0,0.0,0.0,0.0,0.0,0.0,0.0,0.0,0.0,0.0,0.0,0.0,0.0,0.0,0.0,0.0,0.0,0.10208883604174923,0.0,0.0,0.0,0.0,0.0,0.0,0.0,0.0,0.0,0.0,0.0,0.0,0.0,-0.012761104505218654,0.0,0.0,0.0,0.0,0.0,0.0,0.0,0.0,0.0,0.0,0.0,0.0,0.0,0.0,0.0,0.0,0.0,-0.0061898797727573,0.0,0.0,0.0,-0.11342222222222222,0.0,0.0,0.0,-0.0005813185361342317,0.0,-0.04306872770511296,0.0,0.0,0.0,0.0,0.0,0.0,0.0,0.0,0.0,0.0,0.0,-0.0023810807240058135,0.0,0.0,0.0,-0.0015951380631523317,0.0,-0.07266481701677897,0.0,0.0
2022-05-31,0.0,0.0,0.0,0.0,0.0,0.0,0.0,0.0,0.0,0.0,0.0,-0.11342222222222222,0.0,0.0,0.0,0.0,0.0,0.0,0.0,0.0,0.0,0.0,0.0,0.0,0.0,0.0,0.0,0.0,0.0,0.0,0.0,0.0,0.019048645792046508,0.0,0.0,0.09153674197384067,0.0,0.0,0.0,0.0,0.0,0.0,0.0,0.0,0.0,0.0,0.0,0.0,0.0,0.0,-0.019048645792046508,0.0,0.0,0.0,0.0,0.0,0.0,0.0,0.0,-0.07266481701677897,0.0,0.0061898797727573,0.0,0.0,0.0,0.0,0.0,0.0,0.0,0.0,0.008036147443519619,0.0,-0.03720438631259083,0.0,0.0,0.0,0.0,0.0,0.0,0.0,0.0,-0.12,0.0,0.0,0.0,0.10208883604174923,0.0,0.0,0.0,0.0,0.0,0.0,0.0,0.0,-0.010217254591095256,0.0,0.0,0.0,0.0,0.0,0.0,0.0,0.0,0.0,-0.008036147443519619,0.0,0.03720438631259083,0.0,0.0002976350905007267,0.0,0.0,0.0,0.0,0.0,0.0,0.0,0.0,0.0,0.0,0.0,0.0,0.0,-3.7204386312590835e-05,0.0,4.650548289073854e-06,0.0,0.0,0.0,0.0,0.012761104505218654,0.0,0.0,0.0,0.0,0.0,0.0,0.0,-0.015695600475624256,0.0,0.0,0.0,0.0,0.0,0.0,0.0,0.0,0.0,0.0,0.12,0.0,0.0,0.0,0.0,0.0,0.0,0.0,0.0,0.0,0.0,0.0,0.0,0.010217254591095256,0.0,0.0495190381820584,0.0,0.0,0.0,0.0,0.0,0.0,0.0,0.0,0.056583221033161574,0.0,0.0,0.00012556480380499405,0.0,0.031898110714757566,0.0,0.0,0.0,0.0,0.0,0.0,0.0,0.0,-0.027121997621878714,0.0,0.0,0.0,0.0,0.0,0.0,0.0,0.0,0.022848143744219843,0.0,0.0,0.0,0.0,0.0,0.0,0.0,0.0,0.0,0.0,0.0,-0.0495190381820584,0.0,0.0,0.0,0.0,-0.004650548289073853,0.0,0.0,0.0,0.015695600475624256,0.0,0.0,0.0,0.0,0.0,0.0,0.0,0.0,-4.650548289073854e-06,0.0,0.0,0.0,0.0,0.0,0.0,0.0,0.0,0.0,0.0,0.0,0.0,0.0,0.0,0.0,0.0,-0.08173803672876205,0.0,0.0,0.0,0.0,0.0,0.0,0.0,0.0015951380631523317,0.0,0.0,0.0,0.0,0.0,0.0,0.0,0.0,0.0,0.0,0.0,0.0,0.0,0.0,0.0,0.0,0.0,0.0,0.0,0.0005813185361342317,0.0,0.0,0.0,0.0,0.0,0.0,0.0,0.0,0.0,0.0,0.0,0.0,0.0,0.0,0.0,-0.022848143744219843,-0.0023810807240058135,0.0,0.0,0.0,0.0,0.0,0.0,0.0,0.0,0.0,0.0,0.0,0.0,0.0,0.0,0.0,0.0,0.0,-0.10208883604174923,0.0,0.0,0.07266481701677897,0.0010045184304399524,0.0,0.0,0.0023810807240058135,0.0,0.0,0.0,0.0,0.0,0.0,0.0,0.0,0.0,0.0,0.0,0.0,0.0,0.0,-0.031898110714757566,0.0,0.0,0.0,0.0,0.0,0.0,0.0,0.0,0.04306872770511296,0.06428917954815695,0.0,0.0,0.0,0.0,0.0,0.0,0.0,0.0,0.0,0.0,0.0,0.0,0.08173803672876205,0.027121997621878714,0.0,0.0,0.0,0.0,0.0,0.0,0.0,0.0,0.0,0.0,0.0,0.0,0.0,-0.0015951380631523317,0.0,0.0,0.0,0.0,0.0,0.0,0.0,0.0,3.7204386312590835e-05,0.0,0.0,-0.06428917954815695,0.0,-0.00012556480380499405,0.0,0.0,0.0,0.0,0.0,0.0,0.0,0.0,0.0,0.0,0.0,0.0,-0.04306872770511296,0.0,0.0,0.0,0.0,0.0,0.0,0.0,0.0,0.0,0.0,0.0,0.0,0.0,0.0,0.0,0.0,0.0,0.0,0.003390249702734839,0.0,0.0,0.0,0.0,-0.0061898797727573,-0.012761104505218654,0.0,0.0,0.0,0.0,0.0,0.0,0.0,0.0,0.0,0.0,0.0,0.0,0.0,0.0,0.0,0.0,0.0,0.0,0.11342222222222222,0.0,0.0,0.0,0.0,0.004650548289073853,0.0,0.0,0.0,0.0,0.0,0.0,0.0,0.0,-0.003390249702734839,0.0,0.0,0.0,0.0,0.0,0.0,0.0,0.0,0.0,0.0,0.0,0.0,0.0,0.0,0.0,0.0,0.0,-0.09153674197384067,0.0,0.0,0.0,0.0,0.0,0.0,0.0,-0.0002976350905007267,0.0,-0.056583221033161574,0.0,0.0,0.0,0.0,0.0,0.0,0.0,0.0,0.0,0.0,0.0,-0.0010045184304399524,0.0,0.0,0.0,-0.0005813185361342317,0.0,0.0,0.0,0.0
2022-06-30,0.0,0.0,0.0,0.0,0.0,0.0,0.0,0.0,0.0,0.0,0.0,-0.08173803672876205,0.0,0.0,0.0,0.0,0.0,0.0,0.0,0.0,0.0,-0.003390249702734839,0.0,0.0,0.0,0.0,0.0,0.0,0.0,0.0,0.0,0.0,0.0023810807240058135,0.0,0.0,0.08173803672876205,0.0,0.0,0.0,0.0,0.0,0.0,0.0,0.0,0.0,0.0,0.0,0.0,0.0,0.0,-0.027121997621878714,0.0,0.0,0.0,0.0,0.0,0.0,0.0,0.0,0.0,0.0,0.022848143744219843,0.0,0.0,0.0,0.0,0.0,0.0,0.0,0.0,0.0,0.0,0.0,0.0,0.0,0.0,0.0,0.0,0.0,0.0,0.0,-0.04306872770511296,0.0,0.0,0.0,0.07266481701677897,0.0,0.0,0.0,-0.03720438631259083,0.0,0.0,0.0,0.0,0.0,0.0,0.0,0.0,0.0,0.0,0.0,0.0,0.0,0.0,-0.0010045184304399524,0.0,0.056583221033161574,0.0,0.0,0.0,0.0,0.0,0.0,0.0,0.0,0.0,0.0,0.0,0.0,0.0,0.0,0.0,-4.650548289073854e-06,0.0,0.003390249702734839,0.0,0.0,-0.022848143744219843,0.0,0.0002976350905007267,0.0,0.0,0.0,0.0,0.0,0.0,0.0,-0.012761104505218654,0.0,0.0,0.0,0.0,0.0,0.0,0.0,0.0,0.0,0.0,0.12,0.0,0.0,0.0,0.0,0.0,0.0,0.0,0.0,0.0,0.0,0.0,0.0,0.031898110714757566,0.0,0.10208883604174923,0.0,0.0,0.0,0.0,0.0,0.0,0.0,4.650548289073854e-06,0.03720438631259083,0.0,0.0,0.0,0.0,0.019048645792046508,0.0,0.0,0.0,0.0,0.0,0.0,0.0,0.0,-0.10208883604174923,0.0,0.0,0.0,0.0,0.0,0.0,0.0,0.0,3.7204386312590835e-05,0.0,0.0,0.0,0.0,0.0,0.0,0.0,0.0,0.0,0.0,0.0,-0.07266481701677897,0.0,0.0,0.0,0.0,-0.06428917954815695,0.0,0.0,0.0,0.0495190381820584,0.0,0.0,0.0,0.0,0.0,0.0,0.0,0.0,-3.7204386312590835e-05,0.0,0.0,0.0,0.0,0.0,0.0,0.0,0.0,0.0,0.0,0.0,0.0,0.0,0.0,0.0,0.0,0.0,0.0,0.0,0.0,0.0,0.0,0.0,0.0,0.00012556480380499405,0.0,0.0,0.0,0.0,0.0,0.0,0.0,0.0,0.0,0.0,0.0,0.0,0.0,0.0,0.0,0.0,0.0,0.0,0.0,0.0010045184304399524,0.0,0.0,0.0,0.0,0.0,0.0,-0.031898110714757566,0.0,0.0,0.015695600475624256,0.0,0.0,0.0,0.0,0.0,0.0,-0.010217254591095256,0.0,0.0,0.0,0.0,0.0,0.0,0.0,0.0,0.012761104505218654,0.0,0.0,0.0,0.0,-0.0495190381820584,0.0,0.0,0.0,0.0,0.0,0.0,0.04306872770511296,0.008036147443519619,0.0,0.0,0.0,0.0,0.0,0.0,0.0,0.0,0.0,0.0,0.0,0.0,-0.11342222222222222,0.0,0.0,0.0,0.0,-0.0005813185361342317,0.0,0.0,0.0,0.0,0.0,0.0,0.0,0.0,0.06428917954815695,0.0,0.0,0.0,0.0,0.0,0.0,0.0,0.0,0.0,0.0,0.0,0.0,0.0,0.11342222222222222,0.0061898797727573,0.0,0.0,0.0,0.0,0.0,0.0,0.0,0.0,0.0,0.0,0.0,0.0,0.0,-0.0023810807240058135,0.0,0.0,0.0,0.0,0.0,0.0,0.0,0.0,0.0,0.0,0.0,0.0,0.0,-0.00012556480380499405,0.0,0.0,0.0,0.0,0.0,0.0,0.0,0.0,0.0,0.0,0.0,0.0,0.0,0.0,0.0,0.0,0.0,-0.09153674197384067,0.0,0.0,0.0,0.0005813185361342317,0.0,0.0,0.0,0.0,0.0,0.0,0.0,0.0,0.0,0.027121997621878714,0.0,0.0,0.0,0.0,-0.008036147443519619,-0.019048645792046508,0.0,0.0,0.0,0.0,0.0,0.0,0.0,0.0,0.0,0.0,0.0,0.0,0.0,0.0,0.0,0.0,0.0,-0.12,0.09153674197384067,0.0,0.0,0.0,0.0,0.0,0.0,0.0,0.0,0.0,0.0,0.0,0.0,0.0,-0.0061898797727573,0.0,0.0,0.0,0.0,0.0,0.0,0.0,0.0,0.0,-0.056583221033161574,0.0,0.010217254591095256,0.0,0.0,0.0,0.0,0.0,-0.015695600475624256,0.0,0.0015951380631523317,0.0,0.0,0.0,0.0,0.0,-0.0015951380631523317,0.0,0.0,0.0,0.0,0.0,0.0,0.0,0.0,0.0,0.0,0.0,0.0,0.0,-0.004650548289073853,0.0,0.004650548289073853,0.0,-0.0002976350905007267,0.0,0.0,0.0,0.0
2022-07-31,0.0,0.0,0.0,0.0,0.0,0.0,0.0,0.0,0.0,0.0,0.0,0.0,0.0,0.0,0.0,0.0,0.0,0.0,0.0,0.0,0.015695600475624256,-0.008036147443519619,0.0,0.0,0.0,0.0,0.0,0.0,0.0,0.0,0.0,0.0,0.0,0.0,0.0,0.09153674197384067,0.0,0.0,0.0,-0.03720438631259083,0.0,0.0,0.0,0.0,0.0,0.0,0.0,0.0,0.0,4.650548289073854e-06,-0.012761104505218654,0.0,0.0,0.0,0.0,0.0,0.0,0.0,0.0,0.0,0.0,0.0015951380631523317,0.0010045184304399524,0.0,0.0,0.0,0.0,0.0,0.0,0.0,0.0,0.0,0.0,0.0,0.0,0.0,0.0,0.0,0.0,0.0,0.0,-0.004650548289073853,0.0,0.0,0.0,0.056583221033161574,0.0,0.0,0.0,0.0,0.0,0.0,0.0,0.0,0.0,0.0,0.0,0.0,0.0,0.0,0.0,0.0,0.0,0.0,-0.0002976350905007267,0.0,0.08173803672876205,0.0,0.0,0.0,0.0,0.0,0.0,0.0,-0.10208883604174923,0.0,0.0,0.0,0.0,0.0,0.0,0.0,-4.650548289073854e-06,0.0,0.027121997621878714,0.0,0.0,-0.019048645792046508,0.0,0.0,0.0,0.0,0.0,0.0,0.0,0.0,0.0,-0.0495190381820584,0.0,0.0061898797727573,0.0,0.0,0.0,0.0,0.0,0.0,0.0,0.0,0.12,0.0,0.0,0.0,0.0,0.0,0.0,0.0,0.0,0.0,0.0,0.0,0.0,0.03720438631259083,0.0,0.10208883604174923,0.0,0.0,0.0,0.0,0.0,0.0,0.0,0.0002976350905007267,0.06428917954815695,0.0,0.0,0.0,0.0,0.07266481701677897,0.0,0.0,0.0,0.0,0.0,0.0,0.0,0.0,0.0,0.0,0.0,0.0,0.0,0.0,0.0,0.0,0.0,0.0,0.0,0.0,0.0,0.0,0.0,0.0,0.0,0.0,0.0,0.0,0.0,-0.09153674197384067,0.0,0.0,0.0,0.0,0.0,0.0,0.0,0.0,0.0495190381820584,0.0,0.0,0.0,0.0,0.0,0.0,0.0,0.0,-3.7204386312590835e-05,0.0,0.0,0.0,0.0,0.0,0.0,0.0,0.0,0.0,0.0,0.0,0.0,0.0,0.0,0.0,0.0,0.0,0.0,0.0,0.0,0.0,0.0,0.0,0.0,0.0,0.0,0.0,0.0,0.0,0.0,0.0,0.0,0.0,0.0,0.0,0.0,0.0,0.0,0.0,0.0,0.0,0.0,0.0,0.0,0.00012556480380499405,0.0,0.0,0.0,0.0,0.0,0.0,-0.031898110714757566,0.0,0.0,0.004650548289073853,0.0,0.0,0.0,0.0,0.0,0.0,-0.056583221033161574,0.0,0.0,0.0,0.0,0.0,0.0,0.0,0.0,0.010217254591095256,0.0,0.0,0.0,0.0,-0.04306872770511296,0.0,0.0,0.0,0.0,0.0,0.0,0.04306872770511296,0.012761104505218654,0.0,0.0,0.0,0.0,0.0,0.0,0.0,0.0,0.0,0.0,0.0,0.0,-0.010217254591095256,0.0,0.0,0.0,0.0,-0.0023810807240058135,0.0,0.0,0.0,0.0,0.0023810807240058135,0.0,0.0,0.0,0.0,0.0,0.0,-0.12,-0.06428917954815695,0.0,0.0,0.0,0.0,0.0,0.003390249702734839,0.0,0.0,0.0,0.11342222222222222,0.0,0.0,0.0,0.0,0.0,0.0,0.0,0.0,0.0,0.0,0.0,0.0,0.0,0.0,-0.0010045184304399524,0.0,0.0,0.0,0.0,0.0,0.0,0.0,0.0,0.0,0.0,0.0,0.0,0.0,-0.00012556480380499405,0.0,-0.08173803672876205,0.0,0.0,0.0,0.0,0.0,0.0,0.0,0.0,0.0,0.0,-0.11342222222222222,0.0,0.0,0.0,0.0,0.0,0.0,0.0,0.0,0.0005813185361342317,0.0,0.0,0.0,0.0,0.0,0.0,0.0,0.0,0.0,0.0,0.0,0.0,0.0,0.0,-0.015695600475624256,-0.07266481701677897,0.0,0.0,0.0,0.0,0.0,0.0,0.0,0.0,0.0,0.0,0.0,0.0,0.0,0.0,0.0,0.0,0.0,0.0,0.031898110714757566,0.0,0.0,0.0,0.0,0.0,0.0,0.0,0.0,0.0,0.0,0.0,0.0,0.0,-0.0015951380631523317,0.0,0.0,0.0,0.0,0.0,0.0,0.0,0.0,0.0,-0.022848143744219843,0.0,0.019048645792046508,0.0,0.0,0.0,0.0,0.0,-0.003390249702734839,0.0,0.008036147443519619,0.0,0.0,0.0,0.0,0.0,-0.027121997621878714,0.0,0.0,0.0,0.0,0.0,0.0,3.7204386312590835e-05,0.0,0.0,0.0,0.0,0.0,0.0,-0.0061898797727573,0.0,0.022848143744219843,0.0,-0.0005813185361342317,0.0,0.0,0.0,0.0
2022-08-31,0.0,0.0,0.003390249702734839,0.0,0.0,0.0,0.0,0.0,0.0,0.0,0.0,0.0,0.0,0.0,0.0,0.0,0.0,0.0,0.0,0.0,0.0010045184304399524,-0.008036147443519619,0.0,0.0,0.0,0.0,0.0,0.0,0.0,0.0,0.0,0.0,0.0,0.0,0.0,0.08173803672876205,0.0,0.0,0.0,-0.056583221033161574,-0.09153674197384067,0.0,0.0,0.0,0.0,0.0,0.0,-0.03720438631259083,0.0,0.0061898797727573,-0.08173803672876205,0.0,0.0,0.0,0.0,0.0,0.0,0.0,0.0,-0.12,0.0,3.7204386312590835e-05,4.650548289073854e-06,0.0,0.0,0.0,0.0,0.0,0.0,0.0,0.0,0.0,0.0,0.0,0.0,0.0,0.0,0.0,0.0,0.0,0.0,-0.0015951380631523317,0.0,0.0,0.0,0.09153674197384067,0.0,0.0,0.0,0.0,0.0,0.0,0.0,0.0,0.0,0.0,0.0,0.0,0.0,0.0,0.0,0.0,0.0,0.0,-3.7204386312590835e-05,0.0,0.0495190381820584,0.0,0.0,0.0,0.0,0.0,0.0,0.0,0.0,0.0,0.0,0.0,0.0,0.0,0.0,0.0,-4.650548289073854e-06,0.0,0.022848143744219843,0.0,0.0,-0.003390249702734839,0.0,0.0,0.0,0.0,0.0,0.0,0.0,0.0,0.0,-0.04306872770511296,0.0,0.04306872770511296,0.0,0.0,0.0,0.0,0.0,0.0,0.0,0.0,0.12,0.0,0.0,0.0,0.0,0.0,0.0,0.0,0.0,0.0,0.0,0.0,0.0,0.03720438631259083,0.0,0.10208883604174923,0.0,0.0,0.0,0.0,0.0,0.0,0.0,0.019048645792046508,0.07266481701677897,0.0,0.0,0.0,0.0,0.012761104505218654,0.0,0.0,0.0,0.0,0.0,0.0,0.0,0.0,0.0,0.0,0.0,0.0,0.0,0.0,0.0,0.0,0.0,0.0,0.0,0.0,0.0,0.0,0.0,0.0,0.0,0.0,0.0,0.0,0.0,-0.0495190381820584,-0.06428917954815695,0.0,0.0,0.0,0.0,0.0,0.0,0.0,0.031898110714757566,0.0,0.0,0.0,0.0,0.0,0.0,0.0,0.0,-0.0002976350905007267,0.0,0.0,0.0,0.0,0.0,0.0,0.0,0.0,0.0,0.0,0.0,0.0,-0.10208883604174923,0.0,0.0,0.0,0.0,0.0,0.0,0.0,0.0,0.0,0.0,0.0,0.0,0.0,0.0,0.0,0.0,0.0,0.0,0.0,0.0,0.0,0.0,0.0,0.0,0.0,0.0,0.0,0.0,0.0,0.0,0.0,0.0,0.0,0.0,0.0,0.0,0.0,0.0,0.0,0.0,0.0,0.008036147443519619,0.0,0.0,0.0,0.0,0.0,0.0,0.0,0.0,0.0,0.0,0.0,0.0,0.0,0.0,0.0,0.06428917954815695,0.0,0.0,0.0,0.0,-0.027121997621878714,0.0,0.0,0.0,0.0,0.0,0.0,0.056583221033161574,0.010217254591095256,0.0,0.0,0.0,0.0,0.0,0.0,0.0,0.0,0.0,0.0,0.0,0.0,-0.0061898797727573,0.0,0.0,0.0,0.0,-0.004650548289073853,0.0,0.0,0.0,0.0,0.0,0.0,0.0,0.0,0.0,0.0,0.0,0.0,0.0,0.0,0.0,0.0,0.0,0.0,0.0015951380631523317,0.0,0.0,0.0,0.11342222222222222,0.0,0.0,0.0,0.0,0.0,0.0,0.004650548289073853,0.0,0.0,0.0,0.0,0.0,0.0,0.0,-0.0023810807240058135,0.0,0.0,0.0,0.0,0.0,0.0,0.0,0.0,0.0,0.0,0.0,0.0,0.0023810807240058135,-0.00012556480380499405,0.0,-0.012761104505218654,0.0,0.0,0.0,0.0,0.0,0.0,0.0,0.0,0.0,0.0,-0.11342222222222222,0.0,0.0,0.0,0.0,0.0,0.0,0.0,0.0,0.0,0.0,0.0,0.0,0.0,0.0,0.0,0.0,0.0,0.0,0.0,0.0,0.0,0.0,0.0,-0.031898110714757566,-0.022848143744219843,0.0,0.0,0.0,0.0,0.0,0.0,0.0,0.0,0.0,0.0,0.0,0.0,0.0,0.0,0.0,0.0,0.0,0.0,0.0002976350905007267,0.0,0.0,0.0,0.0,0.0,0.0,0.0,0.0,0.0,0.0,0.0,0.0,0.0,-0.010217254591095256,0.0,0.0,0.0,0.0,0.0,0.0,0.0,0.0,0.0,0.0,0.0,0.027121997621878714,0.0,0.0,0.0,0.0,0.0,-0.0010045184304399524,0.0005813185361342317,0.0,0.0,0.0,0.0,0.0,0.0,-0.015695600475624256,0.0,0.0,0.0,0.0,0.0,0.0,0.0,0.0,0.00012556480380499405,0.0,0.0,0.0,0.0,-0.019048645792046508,0.0,0.015695600475624256,0.0,-0.0005813185361342317,0.0,0.0,-0.07266481701677897,0.0
2022-09-30,0.0,0.0,0.0,0.0,0.0,0.0,0.0,0.0,0.0,0.00012556480380499405,0.0,0.0,0.0,0.0,0.0,0.0,0.0,0.0,0.0,0.0,0.0,-0.0015951380631523317,0.0,0.0,0.0,0.0,0.0,0.0,0.0,0.0,0.0,0.0,0.0,0.0,0.0,0.08173803672876205,0.0,0.0,0.0,0.0,-0.11342222222222222,0.0,0.0,0.0,0.0,0.0,0.0,-0.03720438631259083,0.0,0.0,0.0,0.0,0.0,0.0,0.0,0.0,0.0,0.0,0.0,-0.12,0.0,0.0,0.012761104505218654,0.0,0.0,0.0,0.0,0.0,0.0,0.0,0.0,0.0,0.0,0.0,0.0,0.0,0.0,0.0,0.0,0.0,0.0,-0.003390249702734839,0.0,0.0,0.0,0.09153674197384067,0.0,0.0,0.0,-0.031898110714757566,0.0,0.0,0.0,0.0,0.0,-0.09153674197384067,0.0,0.0,0.0,0.0,0.0,0.0,0.0,0.0,-0.0005813185361342317,0.0,0.0495190381820584,0.0,0.0,0.0,0.0,0.0,0.0,-0.07266481701677897,0.0,0.0,0.0,0.0,0.0,0.0,0.0,0.0,-4.650548289073854e-06,0.0,0.015695600475624256,0.0,0.0,-0.0010045184304399524,0.0,0.0,0.0,0.0,0.0,0.0,0.0,0.0,0.0,-0.0495190381820584,0.0,0.010217254591095256,0.0,0.0,0.0,0.0,0.0,0.0,0.0,0.0,0.12,0.0,0.0,0.0,0.0,0.0,0.0,0.0,0.0,0.0,0.0,0.0,0.0,0.022848143744219843,0.0,0.11342222222222222,0.0,0.0,0.0,0.0,0.0,0.0,0.0,3.7204386312590835e-05,0.07266481701677897,0.0,0.0,0.0,0.0,0.04306872770511296,0.0,0.0,0.0,0.0,0.0,0.0,0.0,0.0,0.0,0.0,0.0,0.0010045184304399524,0.0,0.0,0.0,0.0,0.0,0.0,0.0,0.0,0.0,0.0,0.0,0.0,0.0,0.0,0.0,0.0,0.0,0.0,0.0,0.0,0.0,0.0,0.0,-0.06428917954815695,0.0,0.0,0.0061898797727573,0.0,0.0,0.0,0.0,0.0,0.0,0.0,0.0,-3.7204386312590835e-05,0.0,0.0,0.0,0.0,0.0,0.0,0.0,0.0,0.0,0.0,0.0,0.0,-0.056583221033161574,0.0,0.0,0.0,0.0,0.0,0.0,0.0,0.0,0.0,0.0,0.0,0.0,0.0,0.0,0.0,0.0,0.0,0.0,0.0,0.0,0.0,0.0,0.0,0.0,0.0,0.0,0.0,0.0,0.0,0.0,0.0,0.0,0.0,0.0,0.0,0.0,0.0,0.0,0.0,0.0,0.0,0.0,0.0,0.0,0.0,0.0,0.0,0.0,0.0,0.0,0.0,0.0,0.0,0.0,0.0,0.0,0.0,0.008036147443519619,0.0,0.0,0.0,0.0,-0.0023810807240058135,0.0,0.0,0.0,0.0,0.0,0.0,0.06428917954815695,0.027121997621878714,0.0,0.0,-0.008036147443519619,0.0,0.0,0.0,0.0,0.0,0.0,0.0,0.0,0.0,-0.012761104505218654,0.0,0.0,0.0,0.0,-0.015695600475624256,0.0,0.0,0.0,0.0,0.0,0.0,0.0,0.0,0.0015951380631523317,0.0,0.0,0.0,0.0,0.0,0.0,0.0,0.0,0.0,0.056583221033161574,0.0,0.0,0.0,0.10208883604174923,0.0,0.0,0.0,0.0,0.0,0.0,0.0,0.0,0.0,0.0,0.0,0.0,0.0,0.0,-0.010217254591095256,0.0,0.0,0.0,0.0,0.0,0.0,0.0,0.0,0.0,0.0,0.0,0.0,0.004650548289073853,-0.00012556480380499405,0.0,-0.027121997621878714,0.0,0.0,0.0,0.0,0.0,0.0,0.0,0.0,0.0,0.0,0.0,0.0,0.0,0.0,0.0,0.0,0.0,0.0,0.0,0.0,0.003390249702734839,0.0,0.0,0.0,0.0,0.0,0.0,0.0,0.0,0.0,0.0,0.0,0.0,0.0,-0.0061898797727573,-0.04306872770511296,0.0,0.0,0.0,0.0,0.0,0.0,0.0,0.0,0.0,0.0,0.0,0.0,0.0,0.0005813185361342317,0.0,0.0,0.0,0.0,0.019048645792046508,0.0,-0.10208883604174923,0.0,0.0,0.0023810807240058135,0.0,0.0,-0.08173803672876205,0.0,0.0,0.0,0.0,0.0,-0.022848143744219843,0.0,0.0,0.0,0.0,0.0,0.0,0.0,0.0,0.0,0.0,0.0,0.03720438631259083,0.0,0.0,0.0,0.0,0.0,-0.004650548289073853,0.0,4.650548289073854e-06,0.0,0.0,0.0,0.0,0.0,-0.019048645792046508,0.0,0.0,0.0,0.0,0.0,0.0,0.0002976350905007267,0.0,0.0,0.0,0.0,0.0,0.0,0.0,0.0,0.031898110714757566,0.0,-0.0002976350905007267,0.0,0.0,0.0,0.0
2022-10-31,0.0,0.0,0.0,0.0,0.0,0.0,0.0,-0.10208883604174923,0.0,0.0023810807240058135,0.0,0.0,0.0,0.0,0.0,0.0,0.0,0.0,0.0,0.0,0.0,-0.0015951380631523317,0.0,0.0,0.0,0.0,0.0,0.0,0.0,0.0,0.0,0.0,0.00012556480380499405,0.0,0.0,0.08173803672876205,0.0,0.0,0.0,-0.004650548289073853,0.0,0.0,0.0,0.0,0.0,0.0,0.0,0.0,0.0,0.0,0.0,0.0,0.0,0.0,0.0,0.0,0.0,0.0,0.0,-0.08173803672876205,0.0,0.0,0.0,0.0,0.0,0.0,0.0,0.0,0.0,0.0,0.0,0.0,0.0,0.0,0.0,0.0,0.0,0.0,0.0,0.0,0.0,-0.0061898797727573,0.0,0.0,0.015695600475624256,0.09153674197384067,0.0,0.0,0.0,-0.031898110714757566,0.0,0.0,0.0,0.0,0.0,0.0,0.0,0.0,0.0,0.0,0.0002976350905007267,0.0,0.0,0.0,-0.0023810807240058135,0.0,0.07266481701677897,0.0,0.0,0.0,0.0,0.0,0.0,-0.012761104505218654,0.0,0.0,0.0,0.0,0.0,0.0,0.0,0.0,-4.650548289073854e-06,0.0,0.012761104505218654,0.0,0.0,-0.0005813185361342317,0.0,0.0,0.0,0.0,0.0,0.0,0.0,0.0,0.0,0.0,0.0,0.003390249702734839,0.0,0.0,0.0,0.0,0.0,0.0,0.0,0.0,0.10208883604174923,0.0,0.0,0.0,0.0,0.0,0.0,0.0,0.0,0.0,0.0,0.0,0.0,0.06428917954815695,0.0,0.12,0.0,0.0,0.0,0.0,0.0,0.0,0.0,0.0,0.056583221033161574,0.0,0.0,0.0,0.0,0.04306872770511296,0.0,0.0,0.0,0.0,0.0,0.0,0.0,0.0,0.0,0.0,0.0,0.0,0.0,0.0,0.0,0.0,0.004650548289073853,0.0,0.0,0.0,0.0,0.0,0.0,0.0,0.0,0.0,0.0,0.0,0.0,0.0,-0.11342222222222222,0.0,0.0,0.0,0.0,-0.027121997621878714,0.0,0.0,0.008036147443519619,0.0,0.0,0.0,0.0,0.0,0.0,0.0,0.0,-3.7204386312590835e-05,0.0,0.0,0.0,0.0,0.0,0.0,0.0,0.0,0.0,0.0,0.0,0.0,-0.04306872770511296,0.0,0.0,0.0,0.0,0.0,0.0,0.0,0.0,0.0,0.0,0.0,0.0,0.0,0.0,0.0,0.0,0.0,0.0,0.0,0.0,0.0,0.0,0.0,0.0,0.0,0.0,0.0,0.0,0.0,0.0,0.0,0.0,0.0,0.0,0.0,0.0,0.0,0.0,0.0,0.0,0.0,0.0,0.0,0.0,0.0,0.0,0.0,0.0,0.0,0.0,0.0,0.0,0.0,0.0,0.0,0.0,0.0,0.019048645792046508,0.0,0.0,0.0,0.0,-0.008036147443519619,0.0,0.0,0.0,0.0,0.0,0.0,0.031898110714757566,0.022848143744219843,0.0,0.0,-0.003390249702734839,0.0,0.0,0.0,0.0,0.0,0.0,0.0,0.0,0.0,-0.056583221033161574,0.0,0.0,0.0,0.0,-0.022848143744219843,0.0,0.0,0.0,0.0,0.0,0.0,0.0,0.0,0.0,0.0,0.0,0.0,0.0,0.0,0.0,0.0,0.0,0.0,0.010217254591095256,0.0,0.0,0.0,0.11342222222222222,0.0,0.0,0.0,0.0,0.0,0.0,0.0,0.0,0.0,0.0,0.0,0.0,0.0,0.0,-0.0002976350905007267,0.0,0.0,-0.09153674197384067,0.0,0.0,0.0,0.0,0.0,0.0,0.0,0.0,0.0,3.7204386312590835e-05,-0.0010045184304399524,0.0,-0.06428917954815695,0.0,0.0,0.0,0.0,0.0,0.0,0.0,0.0,0.0,0.0,0.0,0.0,0.0,0.0,0.0,0.0,0.0,0.0,0.0,0.0015951380631523317,0.0495190381820584,0.0,0.0,0.0,0.0,0.0,0.0,0.0,0.0,0.0,0.0,0.0,0.0,-0.12,-0.010217254591095256,-0.0495190381820584,0.0,0.0,0.0,0.0,0.0,0.0,0.0,0.0,0.0,0.0,0.0,0.0,0.0,0.0,0.0,0.0,0.0005813185361342317,0.0,0.0061898797727573,0.0,-0.07266481701677897,0.0,0.0,0.0,0.0,0.0,0.0,0.0,0.0,0.0,0.0,0.0,0.0,0.0,0.0,0.0,0.0,0.0,0.0,0.0,0.0,0.0,0.0,0.0,0.03720438631259083,0.0,0.0,0.0,0.0,0.0,-0.015695600475624256,4.650548289073854e-06,0.0,0.0,0.0,0.0,0.0,0.0,-0.019048645792046508,0.0,0.0,0.0,0.0,0.0,0.0,0.0010045184304399524,0.0,0.0,0.0,0.0,0.0,0.0,0.0,0.0,0.027121997621878714,0.0,-0.00012556480380499405,0.0,0.0,-0.03720438631259083,0.0
2022-11-30,0.0,0.0,0.0,0.0,0.0,0.0,0.0,-0.0495190381820584,0.0,0.00012556480380499405,0.0,0.0,0.0,0.0,0.0,0.0,0.0,0.0,0.0,0.0,0.0,-0.0015951380631523317,0.0,0.0,0.0,0.0,0.0,0.0,0.0,0.0,0.0,0.0,0.0023810807240058135,0.0,0.0,0.07266481701677897,0.0,0.0,0.0,-0.0010045184304399524,-0.11342222222222222,0.0,0.0,0.0,0.0,0.0,0.0,0.0,0.0,0.0,0.0,0.0,0.0,0.0,0.0,0.0,0.0,0.0,0.0,0.0,0.0,0.0,0.0,0.0,0.0,0.0,0.0,0.0,0.0,0.0,0.0,0.0,0.0,0.0002976350905007267,0.0,0.0,0.0,0.0,0.0,0.0,0.0,-0.0005813185361342317,0.0,0.0,0.08173803672876205,0.09153674197384067,0.0,0.0,0.0,-0.010217254591095256,0.0005813185361342317,0.0,0.0,0.0,0.0,-0.09153674197384067,0.0,0.0,0.0,0.0,0.0,0.0,0.0,0.0,-0.008036147443519619,0.0,0.03720438631259083,0.0,0.0,0.0,0.0,0.0,0.0,-0.03720438631259083,-0.10208883604174923,0.0,0.0,0.0,0.0,0.0,0.0,3.7204386312590835e-05,-4.650548289073854e-06,0.0,0.0061898797727573,0.0,0.0,-3.7204386312590835e-05,0.0,0.0,0.0,0.0,0.0,0.0,0.0,0.0,0.0,0.0,0.0,0.004650548289073853,0.0,0.0,0.0,0.0,0.0,0.0,0.0,0.0,0.10208883604174923,0.0,-0.12,0.0,0.0,0.0,0.0,0.0,0.0,0.0,0.0,0.0,0.0,0.015695600475624256,0.0,0.12,0.0,0.0,0.0,0.0,0.0,0.0,0.0,0.0,0.06428917954815695,0.0,0.0,0.0,0.0,0.0010045184304399524,0.0,0.0,0.0,0.0,0.0,0.0,0.0,0.0,0.0,0.0,0.0,0.003390249702734839,0.0,0.0,0.0,0.0,0.027121997621878714,0.0,0.0,0.0,0.0,0.0,0.0,0.0,0.0,0.0,0.0,0.0,0.0,0.0,-0.056583221033161574,0.0,0.0,0.0,0.0,-0.06428917954815695,0.0,0.0,0.0,0.0,0.0,0.0,0.0,0.0,0.0,0.0,0.0,-0.0002976350905007267,0.0,0.0,0.0,0.0,0.0,0.0,0.0,0.0,0.0,0.0,0.0,0.0,0.0,0.0,0.0,0.0,-0.04306872770511296,0.0,0.0,0.0,0.0,0.0,0.0,0.0,0.0,0.0,0.0,0.0,0.0,0.0,0.0,0.0,0.0,0.0,0.0,0.0,0.0,0.0,0.0,0.0,0.0,0.0,0.0,0.0,0.0,0.0,0.0,0.0,0.0,0.0,0.0,0.0,0.0,0.0,0.0015951380631523317,0.0,0.0,0.0,0.0,0.0,0.0,0.0,0.0,0.0,0.0,0.0,0.0,0.0,0.0,0.0,0.0495190381820584,0.0,0.0,0.0,0.0,-0.0061898797727573,0.0,0.0,0.0,0.0,0.0,0.0,0.012761104505218654,0.056583221033161574,0.0,0.0,-0.0023810807240058135,0.0,0.0,0.0,0.0,0.0,0.0,0.0,0.0,0.0,-0.015695600475624256,0.0,0.0,0.0,0.0,-0.027121997621878714,0.0,0.0,0.0,0.0,0.0,0.0,0.0,0.0,0.0,0.0,0.0,0.0,0.0,0.0,0.0,0.0,0.0,0.0,0.008036147443519619,0.0,0.0,0.0,0.11342222222222222,0.0,0.0,0.0,0.0,0.0,0.0,0.0,0.0,0.0,0.0,0.0,0.0,0.0,0.0,-0.004650548289073853,0.0,0.0,0.0,0.0,0.0,0.0,0.0,0.0,0.0,0.0,0.0,0.0,0.0,-0.003390249702734839,0.0,-0.019048645792046508,0.0,0.0,0.0,0.0,0.0,0.0,0.0,0.0,0.0,0.0,0.0,0.0,0.0,0.0,0.0,0.0,0.0,0.0,0.0,0.0,0.04306872770511296,0.0,0.0,0.0,0.0,0.0,0.0,0.0,0.0,0.0,0.0,0.0,0.0,0.0,-0.012761104505218654,-0.07266481701677897,0.0,0.0,0.0,0.0,0.0,0.0,0.0,0.0,0.0,0.0,0.0,0.0,0.0,0.0,0.0,0.0,0.010217254591095256,0.0,0.0,0.0,0.0,0.0,0.0,0.0,0.0,0.0,0.0,0.0,0.0,0.0,0.0,0.0,0.0,0.0,0.0,0.0,0.0,0.0,0.0,0.0,0.0,0.0,0.0,0.0,0.031898110714757566,0.0,0.0,0.0,0.0,0.0,-0.022848143744219843,0.019048645792046508,0.0,0.0,0.0,0.0,0.0,0.0,-0.031898110714757566,0.0,0.0,0.0,0.0,0.0,0.0,0.0,0.0,4.650548289073854e-06,0.0,0.0,0.0,0.0,0.0,0.0,0.022848143744219843,0.0,-0.00012556480380499405,0.0,0.0,-0.08173803672876205,0.0
2022-12-31,0.0,0.0,0.0,0.0,0.0,0.0,0.0,-0.022848143744219843,0.0,0.0023810807240058135,0.0,0.0,0.0,0.0,0.0,0.0,0.0,0.0,0.0,0.0,0.0,-0.0023810807240058135,0.0,0.0,0.0,0.0,0.0,0.0,0.0,0.0,0.0,0.0,0.0,0.0,0.0,0.06428917954815695,0.0,0.0,0.0,-3.7204386312590835e-05,-0.056583221033161574,0.0,0.0,0.0,0.0,0.0,0.0,0.0,0.0,0.0,0.0,0.0,-0.08173803672876205,0.0,0.0,0.0,0.0,0.0,0.0,0.0,0.0,0.0,0.0,0.0,0.0,0.0,0.0,0.0,0.0,0.0,0.0,0.0,0.0,0.004650548289073853,0.0,0.0,0.0,0.0,0.0,0.0,0.0,-0.012761104505218654,0.0,0.0,0.08173803672876205,0.07266481701677897,0.0,0.0,0.0,0.0,0.0010045184304399524,0.0,0.0,0.0,0.0,0.0,0.0,0.0,0.0,0.0,0.0,0.0,0.0,0.0,-0.0010045184304399524,0.0,0.03720438631259083,0.0,0.0,0.0,0.0,0.0,0.0,-0.010217254591095256,-0.07266481701677897,0.0,0.0,0.0,0.0,0.0,0.0,0.0002976350905007267,-4.650548289073854e-06,0.0,0.012761104505218654,0.0,0.0,-0.00012556480380499405,0.0,-0.015695600475624256,0.0,0.0,0.0,0.0,0.0,0.0,0.0,0.0,0.0,0.00012556480380499405,0.0,0.0,0.0,0.0,0.0,0.0,0.0,0.0,0.10208883604174923,0.0,-0.03720438631259083,0.0,0.0,0.0,0.0,0.0,0.0,0.0,0.0,0.0,0.0,0.010217254591095256,0.0,0.12,0.0,0.0,0.0,0.0,0.0,0.0,0.0,0.0,0.022848143744219843,0.0,0.0,0.0,0.0,0.0061898797727573,0.0,0.0,0.0,0.0,0.0,0.0,0.0,0.0,0.0,0.0,0.0,0.0,0.0,0.0,0.0,0.0,0.0,0.0,0.0,0.0,0.0,0.0,0.0,0.0,0.0,0.0,0.0,0.0,0.0,0.0,-0.0005813185361342317,0.0,0.0,0.0,0.0,0.0,0.0,0.0,0.015695600475624256,0.0,0.0,0.0,0.0,0.0,0.0,0.0,0.0,-0.004650548289073853,0.0,0.0,0.0,0.0,0.0,0.0,0.0,0.0,0.0,0.0,0.0,0.0,-0.11342222222222222,0.0,0.0,0.0,0.0,0.0,0.0,0.0,0.0,0.0,0.0,0.0,0.0,0.0,0.0,0.0,0.0,0.0,0.0,0.0,0.0,0.0,0.0,0.0,0.0,0.0,0.0,0.0,0.0,0.0,0.0,0.0,0.0,0.0,0.0,0.0,0.0,0.0,0.0,0.0,0.0,0.0,0.0,3.7204386312590835e-05,0.0,0.0,0.0,0.0,0.0,0.0,0.0,0.0,0.0,0.0,0.0,0.0,0.0,0.0,0.04306872770511296,0.0,0.0,0.0,0.0,-0.0015951380631523317,0.0,0.0,0.0,0.0,0.0,0.0,4.650548289073854e-06,0.027121997621878714,0.0,0.0,-0.027121997621878714,0.0,0.0,0.0,0.0,0.0,0.0,0.0,0.0,0.0,0.0,0.0,0.0,0.0,0.0,-0.06428917954815695,0.0,-0.12,0.0015951380631523317,0.0,0.0,0.0,0.0,0.0,0.0,0.0,0.0,0.0,0.0,0.0,0.0,0.0,0.0,0.0,0.0,0.0,0.0,0.0,0.11342222222222222,0.0,0.0,0.0,0.0,0.0,0.0,0.0,0.0,0.0,0.0,0.0,0.0,0.0,0.0,-0.003390249702734839,0.0,0.0,0.0,0.0,0.0,0.0,0.0,0.0,0.0,0.0,0.0005813185361342317,0.0,0.0,-0.0061898797727573,0.0,0.0,0.0,0.0,0.0,0.0,0.0,0.0,0.0,0.0,0.0,0.0,0.0,0.0,0.0,0.0,0.0,0.0,0.0,0.0,0.0,0.031898110714757566,0.09153674197384067,0.0,0.0,0.0,0.0,0.0,0.0,0.0,0.0,0.003390249702734839,0.0,0.0,0.0,0.0,-0.008036147443519619,-0.031898110714757566,0.0,0.0,0.0,0.0,0.0,0.0,0.0,0.0,0.0,0.0,0.0,0.0,0.0,0.0,0.0,0.0,0.056583221033161574,0.0,0.0,0.0,-0.019048645792046508,0.0,0.0,0.0,0.0,0.0,0.0,0.0,0.0,0.0,0.0,0.0,0.0,0.0,0.0,0.0,0.0,0.0,0.0,0.0,0.0,0.0,-0.04306872770511296,0.0,0.019048645792046508,0.0,0.0,0.0,0.0,0.0,0.0,0.008036147443519619,0.0,0.0,0.0,0.0,0.0,0.0,0.0,-0.0495190381820584,0.0,0.0,0.0,0.0,0.0,0.0,0.0,0.0,0.0,-0.09153674197384067,0.0,0.0,0.0,0.0,0.0495190381820584,0.0,-0.0002976350905007267,0.0,0.0,-0.10208883604174923,0.0
2023-01-31,0.0,0.0,0.0,0.0,0.0,0.0,0.0,-0.019048645792046508,0.0,3.7204386312590835e-05,0.0,0.0,0.0,0.0,0.0,0.0,0.0,0.0,0.0,0.0,0.0,-0.0005813185361342317,0.0,0.0,0.0,0.0,-0.056583221033161574,0.0,0.0,0.0,0.0,-0.0495190381820584,0.0,0.0,0.0,0.04306872770511296,0.0,0.0,0.0,-3.7204386312590835e-05,0.0,0.0,0.0,0.0,0.0,0.0,0.0,0.0,0.0,0.0,0.0,0.0,-0.11342222222222222,0.0,0.0,0.0,0.0,0.0,0.0,0.0,0.0,0.0,0.0,0.0,0.0,0.0,0.0,0.0,0.0,0.0,0.0,0.0,0.0,0.0061898797727573,0.0,0.0,0.0,0.0,0.0,0.0,0.0,0.0,0.0,0.0,0.056583221033161574,0.012761104505218654,0.0,0.0,0.0,0.0,0.0023810807240058135,0.0,0.0,0.0,0.0,0.0,0.0,0.0,0.0,0.0,0.0,0.0,0.0,-0.09153674197384067,-0.00012556480380499405,0.0,0.019048645792046508,0.0,0.0,0.0,0.0,0.0,0.0,0.0,-0.03720438631259083,-0.04306872770511296,0.0,0.0,0.0,0.0,0.0,0.0,-4.650548289073854e-06,0.0,0.003390249702734839,0.0,0.0,-0.0010045184304399524,0.0,-0.0061898797727573,0.0,0.0,0.0,0.0,0.0,0.0,0.0,0.0,0.0,0.0,0.0,0.0,0.0,0.0,0.0,0.0,0.0,0.0,0.027121997621878714,0.0,0.0,0.0,0.0,0.0,0.0,0.0,0.0,0.0,0.0,0.0,0.0,0.008036147443519619,0.0,0.12,0.0,0.0,0.0,0.0,0.0,0.0,0.0,0.0,0.031898110714757566,0.0,0.0,0.0,0.0,4.650548289073854e-06,0.0,0.0,0.0,0.0,0.0,0.0,0.0,0.015695600475624256,0.0,0.0,0.0,0.0,0.0,0.0,0.0,0.0,0.010217254591095256,0.0,0.0,0.0,0.0,0.0,0.0,0.0,0.0,0.0,0.0,0.0,0.0,0.0,-0.0002976350905007267,0.0,0.0,0.0,0.0,0.0,0.0,0.0,0.06428917954815695,0.0,0.0,0.0,0.0,0.0,0.0,0.0,0.0,-0.004650548289073853,0.0,0.0,0.0,0.0,0.0,0.0,0.0,0.0,0.0,0.0,0.0,0.0,0.0,0.0,0.0,0.0,0.0,0.0,0.0,0.0,0.0,0.0,0.0,0.0,0.0,0.0,0.0,0.0,0.0,0.0,0.0,0.0,0.0,0.0,0.0,0.0,0.0,0.0,0.0,0.0,0.0,0.0,0.0,0.0,0.0,0.0,0.0,0.0,0.0,0.0,0.0,0.0,0.0,0.0,0.0,0.0,0.0,0.0,0.0,0.0,0.0,0.0,0.0,0.0,0.0,0.0,0.0,0.0,0.0,0.0,0.004650548289073853,0.0,0.0,0.0,0.0,-0.003390249702734839,0.0,0.0,0.0,0.0,0.0,0.0,0.0005813185361342317,0.07266481701677897,0.0,0.0,-0.08173803672876205,0.0,0.0,0.0,0.0,0.0,0.0,0.0,0.0,0.0,0.0,0.0,0.0,0.0,0.0,-0.10208883604174923,0.0,0.0,0.0,0.0,0.0,0.0,0.0,0.0,0.0002976350905007267,-0.07266481701677897,0.0,0.0,0.0,0.0,0.0,0.0,0.0,0.0,0.0,0.0,0.0,0.0,0.11342222222222222,0.0,0.0,0.0,0.0,0.0,0.0,0.0,0.0,0.0,0.0,0.0,0.0,0.0,0.0,-0.0023810807240058135,0.0,0.0,-0.12,0.0,0.0,0.0,0.0,0.0,0.0,0.0,0.0015951380631523317,0.0,0.0,-0.008036147443519619,0.0,0.0,0.0,0.0,0.0,0.0,0.0,0.0,0.0,0.0,0.0,0.0,0.0,0.0,0.0,0.0,0.0,0.0,0.0,0.0,0.0,0.0495190381820584,0.10208883604174923,0.0,0.0,0.0,0.0,0.0,0.0,0.0,0.0,0.022848143744219843,0.0,-0.022848143744219843,0.0,0.0,-0.012761104505218654,0.0,0.0,0.0,0.0,0.0,0.0,0.0,0.0,0.0,0.0,0.0,0.0,0.0,0.0,0.00012556480380499405,0.0,0.0,0.09153674197384067,0.0,0.0,0.0,0.0,0.0,0.0,-0.031898110714757566,0.0,0.0,-0.06428917954815695,0.0,0.0,0.0,0.0,0.0,0.0,0.0,0.0,0.0,0.0,0.0,0.0,0.0,0.0,0.0,0.0,0.0,0.08173803672876205,0.0,0.0,0.0,0.0,0.0,0.0,0.0010045184304399524,0.0,0.0,0.0,0.0,0.0,0.0,-0.015695600475624256,0.0,0.0,0.0,0.0,0.0,0.0,0.0,0.0,0.0,0.0,-0.027121997621878714,0.0,0.0,0.0,0.0,0.03720438631259083,0.0,-0.0015951380631523317,0.0,0.0,-0.010217254591095256,0.0
2023-02-28,0.0,0.0,0.0,0.0,0.0,0.0,0.0,0.0,0.0,0.0002976350905007267,0.0,0.0,0.0,0.0,0.0,0.0,0.0,0.0,0.0,0.0,0.0,-0.0005813185361342317,0.0,0.0,0.0,0.0,-0.09153674197384067,0.0,0.0,0.0,0.0,-0.06428917954815695,0.0,0.0,0.0,0.07266481701677897,0.0,0.0,0.0,-3.7204386312590835e-05,0.0,0.0,0.0,0.0,0.0,0.0,0.0,0.0,0.0,0.0,0.0,0.0,-0.12,0.0,0.0,0.0,0.0,0.0,0.0,0.0,0.0,0.0,0.0,0.0,0.0,0.0,0.0,0.0,0.0,0.0,0.0,0.0,0.0,0.0061898797727573,0.0,0.0,0.0,0.0,0.0,0.0,0.0,-0.019048645792046508,0.0,0.0,0.03720438631259083,0.0,0.0,0.0,0.0,0.0,0.0005813185361342317,0.0,0.0,0.0,0.0,0.0,0.0,0.0,0.0,0.0,0.0,0.0,0.0,-0.08173803672876205,-0.00012556480380499405,0.0,0.027121997621878714,0.0,0.0,0.0,0.0,0.0,0.0,0.0,-0.07266481701677897,-0.11342222222222222,0.0,0.0,0.0,0.0,0.0,0.0,-4.650548289073854e-06,0.0,0.010217254591095256,0.0,0.0,-0.0010045184304399524,0.0,-0.008036147443519619,0.0,0.0,0.0,0.0,0.0,0.0,0.0,0.0,0.0,0.0,0.0,0.0,0.0,0.0,0.0,0.0,0.0,0.0,0.019048645792046508,0.0,0.0,0.0,0.0,0.0,0.0,0.0,0.0,0.0,0.0,0.0,0.0,0.012761104505218654,0.0,0.0495190381820584,0.0,0.0,0.0,0.0,0.0,0.0,0.0,0.0,0.015695600475624256,0.0,-0.0495190381820584,0.0,0.0,0.0010045184304399524,0.0,0.0,0.0,0.0,0.0,0.0,0.0,0.0015951380631523317,0.0,0.0,0.0,0.0,0.0,0.0,0.0,0.0,0.056583221033161574,0.0,0.0,0.0,0.0,0.0,0.0,0.0,0.0,0.0,0.0,0.0,0.0,0.0,-0.0002976350905007267,0.0,0.0,0.0,0.0,0.0,0.0,0.0,0.10208883604174923,0.0,0.0,0.0,0.0,0.0,0.0,0.0,0.0,-0.031898110714757566,0.0,0.0,0.0,0.0,0.0,0.0,0.0,0.0,0.0,0.0,0.0,0.0,0.0,0.0,0.0,0.0,-0.10208883604174923,0.0,0.0,0.0,0.0,0.0,0.0,0.0,0.0,0.0,0.0,0.0,0.0,0.0,0.0,0.0,0.0,0.0,0.0,0.0,0.0,0.0,0.0,0.0,0.0,0.0,0.0,0.0,0.0,0.0,0.0,0.0,0.0,0.0,0.0,0.0,0.0,-0.03720438631259083,0.0,4.650548289073854e-06,0.0,0.0,0.0,0.0,0.0,0.0,0.0,0.0,0.0,0.0,0.0,0.0,0.0,0.0,0.004650548289073853,0.0,0.0,0.0,0.0,-0.003390249702734839,0.0,0.0,0.0,0.0,0.0,0.0,0.0,0.04306872770511296,0.0,0.0023810807240058135,0.0,0.0,-0.022848143744219843,0.0,0.0,0.0,0.0,0.0,0.0,0.0,0.0,0.0,0.0,0.0,0.0,0.0,0.0,0.0,0.00012556480380499405,0.0,0.0,0.0,0.0,0.0,0.0,0.0,0.0,0.0,0.0,0.0,0.0,0.0,0.0,0.0,0.0,0.0,0.0,0.0,0.12,0.0,0.0,0.0,0.0,0.0,0.0,0.0,0.0,0.0,0.0,0.0,0.0,0.0,0.0,-0.0015951380631523317,0.0,0.0,0.0,0.0,0.0,0.0,0.0,0.0,0.0,0.0,0.008036147443519619,0.0,0.0,-0.0061898797727573,0.0,0.0,0.0,0.0,0.0,0.0,0.0,0.0,0.0,0.0,0.0,0.0,0.0,0.0,0.0,0.0,0.0,0.0,0.0,0.0,0.0,0.09153674197384067,0.11342222222222222,0.0,0.0,0.0,0.0,0.0,0.0,0.0,0.0,0.022848143744219843,0.0,-0.027121997621878714,0.0,0.0,-0.0023810807240058135,0.0,0.0,0.0,0.0,0.0,0.0,0.0,0.0,0.0,0.0,0.0,0.0,0.0,0.0,3.7204386312590835e-05,0.0,0.0,0.08173803672876205,0.0,0.003390249702734839,0.0,0.0,0.0,0.0,-0.004650548289073853,0.0,0.0,0.0,0.0,0.0,0.0,0.0,0.0,0.0,0.0,0.0,0.0,0.0,0.0,0.0,0.0,0.0,0.0,0.0,0.0,0.031898110714757566,0.0,0.0,0.0,0.0,0.0,0.0,0.0,0.0,0.0,0.0,0.0,0.0,0.0,-0.012761104505218654,0.0,-0.056583221033161574,0.0,0.0,0.0,0.0,0.0,0.0,0.0,0.0,-0.04306872770511296,0.0,0.0,0.0,0.0,0.06428917954815695,0.0,-0.015695600475624256,0.0,0.0,-0.010217254591095256,0.0
2023-03-31,0.0,0.0,0.0,0.0,0.0,0.0,0.0,0.0,0.0,0.0,0.0,0.0,0.0,0.0,0.0,0.0,0.0,0.0,0.0,0.0,0.0015951380631523317,-0.008036147443519619,0.0,0.0,0.0,0.0,0.0,0.0,0.0,0.0,0.0,0.0,0.0,0.0,0.0,0.0023810807240058135,0.0,0.0,0.0,-3.7204386312590835e-05,0.0,0.0,0.0,0.0,0.0,0.0,0.0,0.012761104505218654,0.0,0.0,0.0,0.0,-0.012761104505218654,-0.0015951380631523317,0.0,0.0,0.0,0.0,0.0,0.0,0.0,0.0,0.0,0.0,0.0,0.0,0.0,0.0,0.0,0.0,0.0,-0.08173803672876205,0.0,0.022848143744219843,0.0,0.0,0.0,0.0,0.0,0.0,0.0,-0.056583221033161574,0.0,0.0,0.0495190381820584,0.0,0.0,0.0,0.0,0.0,0.0,0.0,0.0,0.0,0.0,0.0,0.0,0.0,0.0,0.0,0.0,0.0,0.0,0.0,-0.0002976350905007267,0.0,0.0061898797727573,0.0,0.0,0.0,0.0,0.0,0.0,0.0,0.0,-0.010217254591095256,0.0,0.0,0.0,0.0,0.0,0.0,-4.650548289073854e-06,0.0,0.0005813185361342317,0.0,0.0,-0.004650548289073853,0.0,-0.0005813185361342317,0.0,0.0,0.0,0.0,0.0,0.0,0.0,0.0,0.0,0.0,0.0,0.0,0.0,0.0,0.0,0.0,0.0,0.0,0.015695600475624256,0.0,0.0,0.0,0.0,0.0,0.0,0.0,0.0,0.0,0.0,0.0,0.0,0.0,0.0,0.07266481701677897,0.0,0.0,-0.07266481701677897,0.0,0.0,0.0,-0.06428917954815695,0.0,0.003390249702734839,0.0,-0.12,0.0,0.0,0.0,0.0,0.0,0.0,0.0,0.0,0.0,0.0,0.0002976350905007267,-0.03720438631259083,0.0,0.0,0.00012556480380499405,0.004650548289073853,0.0,0.0,0.0,0.12,0.0,0.0,0.0,0.0,0.0,0.0,0.0,0.0,0.0,0.0,0.0,0.0,0.0,-0.00012556480380499405,0.0,0.0,0.0,0.0,0.0,0.0,0.0,0.019048645792046508,-0.022848143744219843,0.0,0.0,0.0,0.0,0.0,0.0,0.0,0.0,0.0,0.0,0.0,0.0,0.0,0.0,0.0,0.0,0.0,0.0,0.0,0.0,0.0,0.0,0.0,0.0,-0.0061898797727573,0.0,0.0,0.0,0.0,0.0,0.0,0.0,0.0,0.0,0.0,0.0,0.0,0.0,0.0,0.0,0.0,0.0,0.0,0.0,0.0,0.0,0.0,0.0,0.0,0.0,0.0,0.0,0.0,0.0,0.0,0.0,0.0,0.0,0.0,0.0,0.0,-0.015695600475624256,3.7204386312590835e-05,0.0,0.0,0.0,0.0,0.0,0.0,0.0,0.0,0.0,0.0,0.0,0.0,0.0,0.0,0.0,0.0010045184304399524,0.0,0.0,0.0,0.0,-0.003390249702734839,0.0,0.0,0.0,0.0,0.0,0.0,4.650548289073854e-06,0.06428917954815695,0.0,0.0,0.0,0.0,-0.0495190381820584,0.0,0.0,0.0,0.0,0.0,0.0,0.0,0.0,0.0,0.0,0.0,0.0,0.0,0.0,0.0,0.0,0.0,0.0,0.0,0.0,0.0,0.08173803672876205,0.0,0.0,0.0,0.0,0.0,0.0,0.0,0.0,0.0,0.0,0.0,0.0,0.0,0.056583221033161574,0.0,0.0,0.0,0.0,0.0,0.0,0.0,0.0,0.0,0.0,0.0,0.0,0.0,0.0,-0.019048645792046508,0.0,0.0,0.0,0.0,0.0,0.0,0.0,0.0,0.0,0.0,0.0,0.0,0.008036147443519619,-0.0023810807240058135,0.0,0.0,0.0,0.0,0.0,0.0,0.0,0.0,0.0,0.0,0.0,0.0,0.0,0.0,0.0,0.0,0.0,0.0,0.0,0.0,0.0,0.027121997621878714,0.10208883604174923,0.0,0.0,0.0,0.0,0.0,0.0,0.0,0.0,0.11342222222222222,0.0,-0.11342222222222222,0.0,0.0,-0.0010045184304399524,0.0,0.0,0.0,0.0,0.0,0.0,0.0,0.0,0.0,0.0,0.0,0.0,0.0,0.0,0.03720438631259083,0.0,0.0,0.09153674197384067,0.0,0.0,0.0,0.0,0.0,0.0,0.0,0.0,0.0,0.0,-0.10208883604174923,0.0,0.0,-0.04306872770511296,0.0,0.0,0.0,0.0,0.0,0.0,0.0,0.0,0.010217254591095256,0.0,0.0,0.0,0.0,0.04306872770511296,0.0,0.0,0.0,0.0,0.0,0.0,0.0,0.0,0.0,0.0,0.0,0.0,0.0,-0.031898110714757566,0.0,0.0,0.0,0.0,0.0,0.0,0.0,0.0,0.0,0.0,-0.09153674197384067,0.0,0.0,0.0,0.0,0.031898110714757566,0.0,0.0,0.0,0.0,-0.027121997621878714,0.0
2023-04-30,0.0,0.0,0.0,0.0,0.0,0.012761104505218654,0.0,0.0,0.0,0.0,0.0,0.0,0.0,0.0,0.0,0.0,0.0,0.0,0.0,-0.06428917954815695,0.015695600475624256,-0.10208883604174923,0.0,0.0,0.0,0.0,0.0,0.0,0.0,0.0,0.0,-0.03720438631259083,0.0,0.0,0.0,0.0,0.0,0.0,0.0,-3.7204386312590835e-05,0.0,0.0,0.0,0.0,0.0,0.0,0.0,0.03720438631259083,0.0,0.0,0.0,0.0,-0.019048645792046508,-0.0002976350905007267,0.0,0.0,0.0,0.0,0.0,0.0,0.0,0.0,0.0,0.0,0.0,0.0,0.0,0.0,0.0,0.0,0.0,-0.0023810807240058135,0.0,0.0002976350905007267,0.0,0.0,0.0,0.0,0.0,0.0,0.0,-0.022848143744219843,0.0,0.0,0.07266481701677897,0.0,0.0,0.0,0.0,-0.04306872770511296,0.0,0.0,0.0,0.0,0.0,0.0,0.0,0.0,0.0,0.0,0.0,0.0,0.0,-0.031898110714757566,-0.003390249702734839,0.0,0.0,0.0,0.0,0.0,0.0,0.0,0.0,0.0,0.0,-0.027121997621878714,0.0,0.0,0.0,0.0,0.0,0.0,-4.650548289073854e-06,0.0,0.0,0.0,0.0,-0.008036147443519619,0.0,-0.0005813185361342317,0.0,0.0005813185361342317,0.0,0.0,0.0,0.0,0.0,0.0,0.0,0.0,0.0,0.0,0.0,0.0,0.0,0.0,0.0,0.0,0.0,0.0,0.0,0.0,0.0,0.0,0.0,0.0,0.0,0.0,0.0,0.0023810807240058135,0.0,0.0,0.0,0.08173803672876205,0.0,0.0,0.0,0.0,0.0,0.0,0.0,0.0,0.0,0.0,-0.012761104505218654,0.0,0.0,0.0,0.0,0.0,0.0,0.0,0.0,0.0,0.0,0.031898110714757566,0.0,0.0,0.0,0.09153674197384067,3.7204386312590835e-05,0.0,0.0,0.0,0.11342222222222222,0.0,0.0,0.0,0.0,0.0,0.0,-0.08173803672876205,0.0,0.0,0.0,0.0,0.0,0.0,-0.00012556480380499405,-0.056583221033161574,-0.0495190381820584,0.004650548289073853,0.0,0.0,0.0,0.0010045184304399524,0.0,-0.0061898797727573,0.0,0.0,0.0,0.0,0.0,0.0,0.0,0.0,0.0,0.0,0.0,0.0,0.0,0.0,0.00012556480380499405,0.0,0.0,0.0,0.0,0.0,0.0,0.0,0.0,0.0,-0.0015951380631523317,0.0,0.0,0.0,0.0,0.0,0.0,0.0,0.0,0.0,0.0,0.0,0.0,0.0061898797727573,0.0,0.0,0.0,0.0,0.0,0.0,0.0,0.0,0.0,0.0,0.0,0.0,0.0,0.0,0.0,0.0,0.0,0.0,0.0,0.0,0.0,0.0,0.0,-0.004650548289073853,0.0,0.0,0.0,0.0,0.0,0.0,0.0,0.0,0.0,-0.010217254591095256,0.0,0.0,0.0,0.0,0.0,0.0,0.0,0.0,0.0,0.0,0.0,0.0,0.0,0.0,0.0,0.0,0.0,0.0,0.0,0.056583221033161574,0.0,4.650548289073854e-06,0.0,0.0,0.0,0.0,0.0,0.0,0.0,0.0,0.0,0.0,0.0,0.0,0.0,0.0,0.0,0.0,0.0,0.0,0.0,0.0,0.0,0.0,0.0,0.0,0.008036147443519619,0.0,0.0,0.0,0.0,0.0,0.0,0.0,0.0,0.0,0.0,0.0,0.0,0.0,0.003390249702734839,0.0,0.0,0.0,0.0,0.0,0.0,0.0,0.0,0.0,0.0,0.0,0.0,0.0,0.0,0.0,0.0,0.0,0.0,0.0,0.0,0.0,0.0,0.0,0.0,0.0,0.0,0.0,0.019048645792046508,0.0,0.0,0.0,0.0,0.0,0.0,0.0,0.0,0.0,0.0,0.0,0.0,0.0,0.0,0.0,0.0,-0.09153674197384067,0.0,0.0,0.0,0.0,0.0,0.027121997621878714,0.12,0.0,0.0,0.0,0.0,0.0,0.0,0.0,0.0,0.10208883604174923,0.0,-0.11342222222222222,0.0,0.0,-0.0010045184304399524,0.0,0.0,0.0,0.0,0.0,0.0,0.0,0.0,0.0,0.0,0.0,0.0,0.0,0.0,0.0015951380631523317,0.0,0.0,0.0495190381820584,0.0,0.0,0.0,0.0,0.0,0.0,0.0,-0.015695600475624256,0.0,0.0,-0.07266481701677897,0.0,0.0,0.0,0.0,0.0,0.0,0.0,0.0,0.0,0.0,0.0,0.04306872770511296,0.0,0.0,0.0,0.0,0.06428917954815695,0.0,0.0,0.0,0.0,0.0,0.022848143744219843,0.0,0.0,0.0,0.0,0.0,0.0,0.0,-0.12,0.0,0.0,0.0,0.0,0.0,0.0,0.0,0.0,0.0,0.0,0.0,0.0,0.0,0.0,0.0,0.010217254591095256,0.0,0.0,0.0,0.0,0.0,0.0
2023-05-31,0.0,0.0,0.0,0.0,0.0,0.003390249702734839,0.0,0.0,0.0,0.0,0.0,0.0,0.0,0.0,0.0,0.0,0.0,-0.06428917954815695,0.0,-0.07266481701677897,0.0,0.0,0.0,0.0,0.0,0.0,0.0,0.0,0.0,0.0,0.0,0.0,0.0,0.0,0.0,0.0,0.0,0.0,0.0,-3.7204386312590835e-05,0.0,-0.056583221033161574,0.0,0.0,0.0,0.0,0.0,0.10208883604174923,0.0,0.0,0.0,0.0,-0.03720438631259083,-0.0010045184304399524,0.0,0.0,0.0,0.0,0.0,0.0002976350905007267,0.0,0.0,0.010217254591095256,0.0,0.0,0.0,0.0,0.0,0.0,0.0,0.0,-0.0002976350905007267,0.0,0.0005813185361342317,0.0,0.0,0.0,0.0,0.0,0.0,0.0,-0.022848143744219843,0.0,0.0,0.008036147443519619,0.0,0.0,0.0,0.0,0.0,0.0,0.0,0.0,0.0,0.0,0.0,0.0,0.0,0.0,0.0,0.0,0.0,0.0,-0.0023810807240058135,-0.012761104505218654,0.0,0.0,0.0,0.0,0.0,0.0,-0.031898110714757566,0.0,0.0,0.0,-0.04306872770511296,0.0,0.0,0.0,0.0,0.0,0.0,-4.650548289073854e-06,0.0,0.0,0.0,0.0,-0.027121997621878714,0.0,-0.0005813185361342317,0.0,0.07266481701677897,0.0,0.0,0.0,4.650548289073854e-06,0.0,0.0,0.0,0.0,-0.12,0.0,0.0,0.0,0.0,0.0,0.0,0.0,0.0,0.0,0.0,0.0,0.0,0.0,0.0,0.0,0.0,0.0,0.0,0.012761104505218654,0.0,0.0,0.0,0.0,0.0,0.0,-0.019048645792046508,0.0,0.0,0.0,0.0,0.0,0.0,0.0,-0.0015951380631523317,0.0,0.0,0.0,0.0,0.0,0.0,0.0,0.0,0.0,0.0,0.06428917954815695,-0.003390249702734839,0.0,-0.08173803672876205,0.09153674197384067,0.0,0.0,0.0,0.0,0.11342222222222222,0.0,0.0,0.0,0.0,0.031898110714757566,0.0023810807240058135,-0.09153674197384067,0.0,0.019048645792046508,0.0,0.0,0.0,0.0,-0.00012556480380499405,0.0,0.0,0.0,0.0,0.0,0.0,0.0015951380631523317,0.0,-0.10208883604174923,0.0,0.0,0.0,0.0,0.0,0.0,0.0,0.0,0.0,0.0,0.0,0.0,0.0,0.0,3.7204386312590835e-05,0.0,0.0,0.0,0.0,0.0,0.0,0.0,0.0,0.0,0.0,0.0,0.0,0.0,0.0,0.0,0.0,0.0,0.0,0.0,0.0,0.0,0.0,0.022848143744219843,0.0,0.0,0.0,0.0,0.0,-0.015695600475624256,0.0,0.0,0.0,0.0,0.0,0.0,0.0,0.0,0.0,0.0,0.0,0.0,0.0,0.0,0.0,0.0,0.0,-0.004650548289073853,0.0,0.0,0.0,0.0,0.0,0.0,0.0,0.04306872770511296,0.0,-0.010217254591095256,0.0,0.0,0.0,0.0,0.0,0.0,0.0,0.0,0.0,0.0,0.0,0.0,0.0,0.0,0.0,0.0,0.0,0.0,0.0,0.08173803672876205,0.0,0.0,0.0,0.0,0.0,0.0,0.0,0.0,0.0,0.0,0.0,0.0,0.0,0.0,0.0,0.0,0.0,0.0,0.0,0.0,0.0,0.0,0.0,0.0,0.0,0.0,0.0,0.0,0.0,0.0,0.0,0.0,0.0,0.0,0.0,0.0,0.027121997621878714,0.0,0.0,0.0,0.0,0.0,0.0,0.0,0.0010045184304399524,0.0,0.0,0.0,0.0,0.0,0.0,0.0,0.0061898797727573,0.0,0.0,0.0,0.0,0.0,0.0,0.0,0.0,0.0,0.0,0.0,0.0,0.0,0.0,0.0,0.0,0.0,0.0,0.0,0.0,0.0,0.0,0.0,0.0,0.0,0.0,0.0,0.0,0.0,0.0,0.0,0.0,0.0,0.0,0.0,0.0,0.0,0.0,0.0,0.12,0.0,0.0,0.0,0.0,0.0,0.0,0.0,0.0,0.056583221033161574,0.0,0.0,0.0,0.0,-0.008036147443519619,0.0,0.0,0.0,0.0,0.0,0.0,0.0,0.0,0.0,0.0,0.0,-0.0495190381820584,0.0,0.0,0.0495190381820584,0.0,0.0,0.00012556480380499405,0.0,0.0,0.0,0.0,0.0,0.0,0.0,-0.11342222222222222,0.0,0.0,0.0,0.0,0.0,0.0,0.0,0.0,0.0,0.0,0.0,0.0,0.0,0.0,0.0,0.0,0.0,0.0,0.0,0.015695600475624256,0.0,0.0,0.0,0.0,0.0,0.0,0.0,0.0,0.0,0.0,0.0,0.0,0.0,0.0,0.0,0.0,0.0,0.0,0.0,0.0,0.0,0.0,0.0,0.0,0.0,0.0,0.0,0.03720438631259083,0.0,0.004650548289073853,0.0,-0.0061898797727573,0.0,0.0,0.0,0.0
2023-06-30,0.0,0.0,0.0,0.0,0.0,0.022848143744219843,0.0,0.0,0.0,0.0,0.0,0.0,0.0,0.0,0.0,0.0,0.0,-0.012761104505218654,0.0,0.0,0.0,0.0,0.0,0.0,0.0,0.0,0.0,0.0,0.0,0.0,0.0,0.0,4.650548289073854e-06,0.0,0.0,0.0,0.0,0.0,0.0,-0.00012556480380499405,0.0,-0.07266481701677897,0.0010045184304399524,0.0,0.0,0.0,0.0,0.09153674197384067,0.0,0.0,0.0023810807240058135,0.0,-0.027121997621878714,-0.04306872770511296,0.0,0.0,0.0,0.0,0.0,0.004650548289073853,0.0,0.0,0.012761104505218654,0.0,0.0,0.0,0.0,0.0,0.0,0.0,0.0,-3.7204386312590835e-05,0.0,0.00012556480380499405,0.0,0.0,0.0,0.0,0.0,0.0,-0.03720438631259083,-0.010217254591095256,0.0,0.0,0.0,0.0,0.0,0.0,0.0,0.0,0.0,0.0,0.0,0.0,0.0,0.0,0.0,0.0015951380631523317,0.0,0.0,0.0,0.0,0.0,-0.0010045184304399524,0.0,0.0,0.0,0.0,0.0,0.0,0.0,-0.08173803672876205,0.0,0.0,0.0,-0.004650548289073853,0.0,0.0,0.0,0.0,0.0,0.0,-4.650548289073854e-06,0.0,0.0,-0.11342222222222222,0.0,0.0,0.0,-0.0005813185361342317,0.0,0.04306872770511296,0.0,0.0,0.0,0.019048645792046508,0.0,0.0,-0.09153674197384067,0.0,-0.056583221033161574,0.0,0.0,0.0,0.0,0.0,0.0,0.0,0.0,0.0,0.0,0.0,0.0,0.0,0.0,0.0,0.0,0.0,0.0,0.015695600475624256,0.0,0.0,0.0,0.0,0.0,0.0,-0.022848143744219843,0.0,0.0,0.0,0.0,0.0,0.0,0.0,-0.0015951380631523317,0.0,0.0,0.0,0.0,0.0,0.0,0.0,0.0,0.0,0.0,0.10208883604174923,-0.003390249702734839,0.0,0.0,0.07266481701677897,0.0,0.0,0.0,0.0,0.11342222222222222,0.0,0.0,0.0,0.0,0.056583221033161574,0.0,0.0,0.0,3.7204386312590835e-05,0.0,0.0,0.0,0.0,-0.0002976350905007267,0.0,0.0,0.0,0.0,0.0,0.0,0.0,0.0,-0.031898110714757566,0.0,0.0,0.0,0.0,0.0,0.0,0.0,0.0,0.0,0.0,0.0,0.0,0.0,0.0,0.0,0.0,0.0,0.0,0.0,0.0,0.0,0.0,0.0,0.0,0.0,0.0,0.0,0.0,0.0,0.0,0.0,0.0,0.0,0.0,0.0,0.0,0.0,0.0,0.0,0.0,0.0,0.0,0.0,-0.0061898797727573,0.0,0.0,0.0,0.0,0.0,0.0,0.0,0.0,0.0,0.0,0.0,0.0,0.0061898797727573,0.0,0.0,0.0,0.0,-0.0023810807240058135,0.0,0.0,0.0,0.0,0.0,0.0,-0.019048645792046508,0.06428917954815695,0.0,-0.008036147443519619,0.0,0.0,0.0,0.0,0.0,0.0,0.0,0.0,0.0,0.0,0.0,0.0,0.0,0.0,0.0,0.0,0.0,0.0,0.0,0.0005813185361342317,0.0,0.0,0.0,0.0,0.0,0.0,0.0,0.0,0.0,0.0,0.0,0.0,0.0,0.0,0.0,0.0,-0.06428917954815695,0.0495190381820584,0.0,0.0,0.0,0.0,0.0,0.0,0.0,0.0,0.0,0.03720438631259083,0.0,0.0,0.0,0.0,0.0,0.0,0.0,0.0,0.008036147443519619,0.0,0.003390249702734839,0.0,0.0,0.0,0.0,0.0,0.0,0.0,0.0,0.0,0.0,0.0,0.0,0.0,0.027121997621878714,0.0,0.0,0.0,0.0,0.0,0.0,0.0,0.0,0.0,0.0,0.0,0.0,0.0,0.0,0.0,0.0,0.0,0.0,0.0,0.0,0.0,0.0,0.0,0.0,0.0,0.0,0.0,0.0,0.0,0.0,0.0,0.0,0.0,0.0,0.010217254591095256,0.0,0.0,0.0,0.0,0.12,0.0,0.0,0.0,0.0,0.0,0.0,0.0,0.0,0.0,0.0,0.0,0.0,0.0,0.0,0.0,0.0,0.0,0.0,0.0,0.0,0.0,0.0,0.0,0.0,0.0,-0.12,0.0,0.0,0.08173803672876205,0.0,0.0,0.0,0.0,0.0,0.0,0.0,0.0,0.0,-0.10208883604174923,-0.015695600475624256,0.0,0.0,0.0,0.0,0.0,0.0,0.0,0.0,0.0,0.0,0.0,0.0,0.0,0.0,0.0,0.0,0.0,0.0,0.0,0.0,0.0,0.0,0.0,0.0,0.0,0.0,0.0,0.0,0.0,0.0,0.0,0.0,0.0,0.0,0.0,0.0,0.0,0.0,0.0,0.0,0.0,0.0,0.0,0.0,0.0,0.0,0.0,0.031898110714757566,0.0,0.0002976350905007267,0.0,-0.0495190381820584,0.0,0.0,0.0,0.0
2023-07-31,0.0,0.0,0.0,0.0,0.0,0.0,0.0,0.0,0.0,0.0,0.0,0.0,0.0,0.0,0.0,0.0,0.0,-0.07266481701677897,0.0,0.0,0.0,0.0,0.0,0.0,0.0,0.0,0.0,0.0,0.0,0.0,0.0,0.0,0.019048645792046508,0.0,0.0,0.0,0.0,0.0,0.0,0.0,0.0,0.0,0.0,0.0,0.0,0.0,0.0,0.06428917954815695,0.0,0.0,0.012761104505218654,0.0,0.0,-0.0005813185361342317,0.0,0.0,0.0,0.0,0.0,0.0002976350905007267,0.0,0.0,0.0495190381820584,0.0,0.0,0.0,0.0,0.0,0.0,0.0,0.0,-4.650548289073854e-06,0.0,0.0,0.0,0.0,0.0,0.0,0.0,0.0,-0.0061898797727573,0.0,0.00012556480380499405,0.0,0.0,-0.015695600475624256,-0.11342222222222222,0.0,0.0,-0.09153674197384067,0.0,0.0,0.0,0.0,0.0,0.0,0.0,0.0005813185361342317,0.0,0.0,0.0,0.0,0.0,-0.010217254591095256,0.0,0.0,0.0,0.0,0.0,0.0,0.0023810807240058135,0.0,0.0,0.0,0.0,0.0,0.0,0.0,0.0,0.0,0.0,0.0,0.0,0.0,0.0,-0.004650548289073853,0.0,0.0,0.0,0.0,0.0,0.03720438631259083,0.0,0.0,0.0,0.0,0.0,0.0,0.0,0.0,0.0,0.0,0.0,0.0,0.0,0.0,0.0,0.0,0.0,0.015695600475624256,0.0,-0.056583221033161574,0.0,0.0,0.0,0.0,0.0,0.0,0.0,0.004650548289073853,0.0,0.0,0.0,0.0,0.0,0.0,0.0,0.0,0.0,0.0,0.0,0.0,0.0,0.0,0.0,0.0,0.0,0.0,0.0,0.0,0.0,0.0,0.0,0.0,0.0,0.056583221033161574,-0.0010045184304399524,0.0,-0.019048645792046508,0.022848143744219843,0.0015951380631523317,0.0,0.0,0.0,0.11342222222222222,0.0,0.0,0.0,0.0,0.04306872770511296,0.0,0.0,0.0,0.0,0.0,0.0,0.0,0.0,-3.7204386312590835e-05,0.0,0.0,0.0,0.0,0.0,0.0,0.0,0.0,-0.08173803672876205,0.0,0.0,0.0,0.0,0.0,0.0,0.0,0.0,0.0,0.0,0.0,0.0,0.0,0.0,3.7204386312590835e-05,0.0,0.0,0.0,0.0,0.0,0.0,0.0,-0.008036147443519619,0.0,0.0,0.0,0.0,-0.06428917954815695,0.0,0.0,0.0,0.0,0.0,0.0,0.0,0.0,0.0,0.0,0.0,0.0,0.0,0.0,0.0,-0.00012556480380499405,0.0,0.0,0.0,0.0,0.0,0.0,0.0,0.0,0.0,0.0,0.0,0.0,0.0,0.0,0.0,0.0,0.0,-0.012761104505218654,0.0,0.0,0.0,0.0,0.0,0.0,-0.10208883604174923,0.010217254591095256,0.0,0.0,0.0,0.0,0.0,0.0,0.0,0.0,0.0,0.0,0.0,0.0,0.0,0.008036147443519619,0.0,0.0,0.0,-0.022848143744219843,0.0,0.0,-0.0015951380631523317,0.0,0.0,0.0,0.0,0.0,0.0,0.0,0.0,0.0,0.0,0.0,0.0,0.0,0.0,0.0,0.0,0.0,-0.03720438631259083,0.07266481701677897,0.0,0.0,0.0,0.0,0.0,0.0,0.0,-0.027121997621878714,0.0,0.10208883604174923,0.0,0.0,0.0,0.0,0.0,0.0,0.0,0.0,4.650548289073854e-06,0.0010045184304399524,0.0,0.0,0.0,0.0,0.0,0.0,0.0,0.0,0.0,0.0,0.0,0.0,0.0,0.0,0.0,0.0,0.0,0.09153674197384067,0.0,-0.12,0.0,0.0,0.0,0.0,0.0,0.0,0.0,-0.0002976350905007267,0.0,0.0,0.0,0.0,0.0,0.031898110714757566,0.0,0.0,0.0,0.0,0.0,0.0,0.0,0.0,0.0,0.0,0.0,0.0,0.0,0.0,-0.0495190381820584,0.0,0.0,0.0,0.0,0.0,0.12,0.0,0.0,0.0,0.0,0.0,0.0,0.0,0.0,0.0,0.0,0.0,0.0,0.0,-0.04306872770511296,0.0,0.0,0.0,0.0,0.0,0.0,0.0,0.0,0.0,0.0,0.0,-0.031898110714757566,0.0,0.0,0.003390249702734839,0.0,0.0,0.0,0.0,0.0,0.0,0.0,0.0,0.0,0.0,-0.0023810807240058135,0.0,0.0,0.0,0.0,0.0,0.0,0.0,0.027121997621878714,0.0,0.0,0.0,0.0,0.0,0.0,0.0,-0.003390249702734839,0.0,0.0,0.0,0.0,0.0,0.0,0.0,0.0,0.0,0.08173803672876205,0.0,0.0,0.0,0.0,0.0,0.0,0.0,0.0,0.0,0.0,0.0,0.0,0.0,0.0,0.0,0.0,0.0,0.0,0.0,0.0,0.0,0.0061898797727573,0.0,0.0,0.0,0.0,0.0,0.0,0.0,0.0
2023-08-31,0.0,0.0,0.0,0.0,0.0,0.0,0.0,0.0,0.0,0.0,0.0,0.0,0.0,0.0,0.0,0.0,0.0,-0.0061898797727573,0.0,0.0,0.0,0.0,0.0,0.0,0.0,0.0,0.0,0.0,0.0,0.0,-0.027121997621878714,0.0,0.0,0.0,0.0,0.0,0.0,0.0,0.0,0.0,0.0,-0.11342222222222222,0.0,0.0,3.7204386312590835e-05,0.0,0.0,0.022848143744219843,0.0,0.0,0.0,0.0,0.0,-0.010217254591095256,0.0,0.0,0.0,0.0,0.0,0.0,0.0,0.0,0.0495190381820584,0.0,0.0,0.0,0.0,0.0,0.0,0.0,0.0,-0.0015951380631523317,0.0,0.0,0.0,0.0,0.0,0.0,0.0,0.0,-0.0023810807240058135,0.06428917954815695,0.0,0.0,0.0,0.0,-0.06428917954815695,0.0,0.0,0.0,0.0,0.0,0.0,0.0,0.0,0.0,0.0,0.0,0.0,0.0,-0.056583221033161574,0.0,0.0,0.0,0.004650548289073853,0.0,0.0,0.0,0.0,0.0,0.0,0.0,0.0,0.0,0.0,0.0,0.0,0.0,0.0,0.0,0.0,0.0,0.11342222222222222,-0.012761104505218654,0.0,-0.0002976350905007267,0.0,0.0,0.0,0.0,0.0,0.010217254591095256,0.0,-0.0005813185361342317,0.0,0.00012556480380499405,0.0,0.0,0.0,0.0,-0.07266481701677897,0.0,0.0,0.0,0.0,0.0,0.0,0.0,0.0,0.0,0.0,0.0,0.0,0.0,0.0,0.0,0.0,0.0,0.0,0.0,0.0,0.0,0.0,0.0,0.0,0.0,0.0,0.0,0.0,0.0,0.0,0.0,0.0,0.0,0.0,0.0,0.0,0.0,0.0,0.0,0.0,0.0,0.0,0.0,0.0,0.008036147443519619,-0.00012556480380499405,0.0,0.0,0.015695600475624256,0.0015951380631523317,0.0,0.0,0.0,0.07266481701677897,0.0,0.0,0.0,0.0,0.03720438631259083,0.0,0.0,0.0,0.0,0.0,0.0,0.0,0.0,0.0,0.0,0.0,0.0,0.0,0.0,0.0,0.0,0.0,-0.10208883604174923,0.0,4.650548289073854e-06,0.0,0.0,0.0,0.0,0.0,0.0,0.0,0.0,0.0,0.0,0.0,0.0,0.0002976350905007267,0.0,0.0,0.0,0.0,0.0,0.0,0.0,-0.004650548289073853,-0.12,0.0,0.0,0.0,0.0,0.0,0.0,0.0,0.0,0.0,0.0,0.0,0.0,0.0,0.019048645792046508,0.0,0.0,0.0,0.0,0.0,-4.650548289073854e-06,0.0,0.0,0.0,0.0,0.0,0.0,0.0,0.0,0.0,0.0,0.0,0.0,0.0,0.0,0.0,0.0,0.0,-0.015695600475624256,0.0,0.0,0.0,0.0,0.0,0.0,0.0,0.0,0.0,0.0,0.0,0.0,0.0,0.0,0.0,0.0,0.0,0.0,0.0,0.0,0.0,0.003390249702734839,0.0,0.0,0.0,-0.09153674197384067,0.0,0.0,-0.0495190381820584,0.0,0.0,0.0,0.0,0.0,0.0,0.0,0.0,0.0,0.0,-0.08173803672876205,0.0,0.0,0.04306872770511296,0.0,0.0,0.0,-0.03720438631259083,0.056583221033161574,0.0,0.0,0.0,0.0,0.0,0.0,0.0,-0.04306872770511296,0.0,0.08173803672876205,0.0,0.0,0.0,0.0,0.0,0.0,0.0,0.0,0.0061898797727573,0.0,0.0,0.0,0.0,0.0,0.0,0.0,0.0,0.0,0.0,-0.003390249702734839,0.0,0.0,0.0,0.0,0.0023810807240058135,0.0,0.0,0.031898110714757566,0.0,0.0,0.0,0.0,0.0,0.0,0.0,0.0,0.0,-0.022848143744219843,0.0,0.0,0.0,0.0,0.0,0.09153674197384067,0.0,0.0,0.0,0.0,0.0,0.0,0.0,0.0,0.0,0.0,0.0,0.0,0.0,0.0,-0.008036147443519619,0.0,0.0,0.0,0.0,0.0,0.12,0.0,0.0,0.0,0.0,0.0,0.0,0.0,0.0,0.0,0.0,0.0,0.0,0.0,0.0,0.0,0.0,0.0,0.0,0.0,0.0,0.0,0.0,0.0,0.0,0.0,-0.0010045184304399524,0.0,0.0,0.0,0.0,0.0,0.0,0.0,0.0,0.0,0.0,0.0,0.0,0.0,-3.7204386312590835e-05,0.0,0.0010045184304399524,0.0,0.0,0.0,0.0,0.0,0.027121997621878714,0.0,0.0,0.0,0.0,0.0,0.0,0.012761104505218654,-0.031898110714757566,0.0,0.0,0.0,0.0,0.0,0.0,0.0,0.0,0.0,0.10208883604174923,0.0,0.0,0.0,0.0,-0.019048645792046508,0.0,0.0,0.0,0.0,0.0,0.0,0.0,0.0,0.0,0.0,0.0,0.0,0.0,0.0,0.0,0.0,0.0005813185361342317,0.0,0.0,0.0,0.0,0.0,0.0,0.0,0.0
2023-09-30,0.0,0.0,0.0,0.0,0.0,0.0015951380631523317,0.0,0.0,0.0,0.0,0.0,0.0,0.0,0.0,0.0,0.0,0.0,-0.019048645792046508,0.0,0.0,0.0,0.0,0.0,0.0,0.0,0.0,0.0,0.0,0.0,0.0,-0.0061898797727573,0.0,0.0,0.0,0.0,0.0,0.0,0.0,0.0,0.0,0.0,-0.04306872770511296,0.0,0.0,0.0023810807240058135,0.0,0.0,0.003390249702734839,0.0,0.0,0.0,0.0,0.0,-0.07266481701677897,0.0,0.0,0.0,0.0,0.0,0.0,0.0,0.0,0.031898110714757566,0.0,0.0,0.0,0.0,0.0,0.0,0.0,0.0,-0.09153674197384067,0.0,0.0,0.0,0.0,0.0,0.0,0.0,0.0,-3.7204386312590835e-05,0.08173803672876205,0.0,0.0,0.0,0.0,0.0,0.0,0.0,0.0,0.0,0.0,0.0,0.0,0.0,0.0,0.0,0.0,0.0,0.0,-0.008036147443519619,0.0,0.0,0.0,0.022848143744219843,0.0,0.0,0.0,0.0,0.0,0.0,-0.03720438631259083,0.0,0.0,0.0,0.0,0.0,0.0,0.0,0.0,0.0,0.0,0.11342222222222222,-0.0495190381820584,0.0,-0.0023810807240058135,0.0,0.0,0.0,0.0,0.0,0.0005813185361342317,0.0,-0.0015951380631523317,0.0,4.650548289073854e-06,0.0,0.0,0.0,0.0,0.0,0.0,0.0,0.0,0.0,0.0,0.0,0.0,0.0,0.0,0.0,0.0,0.0,0.0,0.0,0.0,0.0,-0.003390249702734839,0.0,0.008036147443519619,0.0,0.0,0.0,0.0,0.0,0.0,0.0,0.0,0.0,0.0,0.0,0.0,0.0,0.0,0.0,-0.015695600475624256,0.0,0.0,0.0,0.0,0.0,0.0,0.0,0.0,0.0,0.0061898797727573,-0.00012556480380499405,0.0,0.0,0.00012556480380499405,3.7204386312590835e-05,0.0,0.0,0.0,0.0495190381820584,0.0,0.0,0.0,0.0,0.019048645792046508,0.0,0.0,0.0,0.0,0.0,0.0,0.0,0.0,-0.0010045184304399524,0.0,0.0,0.0,0.0,0.0,0.0,0.0,0.0,0.0,0.0,0.0,0.0,0.0,0.0,0.0,0.0,0.0,0.0,0.0,0.0,0.0,0.0,0.0,0.0,0.0,0.0,0.0,0.0,0.0,0.0,0.0,-0.012761104505218654,0.0,0.0,0.0,0.0,0.0,0.0,0.0,0.0,0.0,0.0,0.0,0.0,0.0,0.0,0.010217254591095256,0.0,-0.10208883604174923,0.0,0.0,0.0,-0.056583221033161574,0.0,0.0,0.0,0.0,0.0,0.0,0.0,0.0,0.0,0.0,0.0,0.0,0.0,0.0,-0.12,0.0,0.0,-4.650548289073854e-06,0.0,0.0,0.0,0.0,0.0,0.0,0.0,0.0,0.0,0.0,0.0,0.0,0.0,0.0,0.0,0.0,0.0,0.0,0.0,0.0,0.0,0.056583221033161574,0.0,0.0,0.0,0.0,0.0,0.0,0.0,0.0,0.0,0.0,-0.022848143744219843,0.0,0.0,0.0,0.0,0.0,0.0,0.0,0.0,0.0,0.03720438631259083,0.0,0.0,0.0,0.0,0.015695600475624256,0.0,0.0,0.0,0.0,0.0,0.0,0.0,0.0,0.0,0.09153674197384067,0.0,0.0,0.0,0.0,0.0,0.0,0.0,0.0,0.0002976350905007267,0.0,0.0,0.0,0.0,0.0,0.0,0.0,0.0,0.0,0.0,-0.010217254591095256,0.0,0.0,0.0,0.0,0.012761104505218654,0.0,0.0,0.07266481701677897,0.0,0.0,0.0,0.0,0.0,0.0,0.0,0.0,0.0,-0.11342222222222222,0.0,0.0,0.0,0.0,0.0,0.10208883604174923,0.0,0.0,0.0,0.0,0.0,0.0,0.0,0.0,0.0,0.0,0.0,0.0,0.0,-0.08173803672876205,-0.0005813185361342317,0.0,0.0,0.0,0.0,0.0010045184304399524,0.12,0.0,0.0,0.0,0.0,0.0,0.0,0.0,0.0,0.0,0.0,0.0,0.0,0.0,0.0,0.0,0.0,0.0,0.0,0.0,0.0,0.0,0.0,0.0,0.0,0.0,-0.004650548289073853,0.0,0.0,0.0,0.0,0.0,0.0,0.0,0.0,-0.06428917954815695,0.0,0.0,0.0,0.0,-0.0002976350905007267,0.0,0.027121997621878714,0.0,0.0,0.0,0.0,0.0,0.04306872770511296,0.0,0.0,0.0,0.0,0.0,0.0,0.0,0.0,0.0,0.0,0.0,0.0,0.0,0.0,0.0,0.0,0.0,0.06428917954815695,0.0,0.0,0.0,0.0,-0.027121997621878714,0.0,-0.031898110714757566,0.0,0.0,0.0,0.0,0.0,0.0,0.0,0.0,0.0,0.0,0.0,0.0,0.0,0.0,0.004650548289073853,0.0,0.0,0.0,0.0,0.0,0.0,0.0,0.0
2023-10-31,0.0,0.0,0.0,0.0,0.0,0.0,0.0,0.0,0.0,0.0,0.0,0.0,0.0,0.0,-0.031898110714757566,0.0,0.0,0.0,0.0,0.0,0.0,0.0,0.0,0.0,0.0002976350905007267,0.0,0.0,0.0,0.0,0.0,-0.022848143744219843,0.0,4.650548289073854e-06,0.0,0.0,0.0,0.0,0.0,3.7204386312590835e-05,0.0495190381820584,0.0,-0.10208883604174923,0.0,0.0,0.015695600475624256,0.0,0.0,0.012761104505218654,0.0,0.0,0.0,0.0,0.0,-0.03720438631259083,0.0,0.0,0.0,0.0,0.0,0.0,0.0,0.0,0.06428917954815695,0.0,0.0,0.0,0.0,0.0,0.0,0.0,0.0,0.0,0.0,0.0,0.0,0.0,0.0,0.0,0.0,0.0,-3.7204386312590835e-05,0.056583221033161574,0.0,0.0,0.0,-0.12,0.0,0.0,0.0,0.0,0.0,0.0,0.0,0.0,0.0,0.0,0.0,0.0,0.0,0.0,-0.004650548289073853,0.0,0.0,0.0,0.0,0.0,0.0,0.0,0.0,0.0,0.0,0.0,0.0,0.0,0.0,0.0,0.0,0.0,0.0,0.0,0.0,0.0,0.11342222222222222,-0.0023810807240058135,0.0,-0.00012556480380499405,0.0,0.0,0.0,0.0,0.0,0.0,0.0,-4.650548289073854e-06,0.0,0.00012556480380499405,0.0,-0.07266481701677897,0.0,0.0,0.0,0.0,0.0,0.0,0.0,0.0,0.0,0.0,0.0,0.0,0.0,0.0,0.0,0.0,0.0,0.0,0.0,-0.0015951380631523317,0.0,0.010217254591095256,0.0,0.0,0.0,0.0,0.0,-0.015695600475624256,0.0,0.0010045184304399524,0.0,0.0,0.0,0.0,0.0,0.0,0.0,-0.0010045184304399524,0.0,0.0,0.0,0.0,0.0,0.0,0.0,0.0,0.0,0.027121997621878714,-0.0005813185361342317,0.0,0.0,0.0061898797727573,0.0,0.0,0.0,0.0,0.0,0.0,0.0,0.0,0.0,0.031898110714757566,0.0,0.0,0.0,0.0,0.0,0.0,0.0,0.0,-0.0002976350905007267,0.0,0.0,0.0,0.0,0.0,0.0,0.0,0.0,0.0,0.0,0.0,0.0,0.0,0.0,0.0,0.0,0.0,0.0,0.0,-0.056583221033161574,0.0,0.0,0.0,0.0,0.0,0.0,0.0,0.0,0.0,0.0,0.0,-0.008036147443519619,0.0,0.0,0.0,0.0,0.0,0.0,0.0,0.0,0.0,0.0,0.0,0.0,0.0,0.0,0.019048645792046508,0.0,0.0,0.0,0.0,0.0,-0.0495190381820584,0.0,0.0,0.0,0.0,0.0,0.0,0.0,0.0,0.0,0.0,0.0,0.0,0.0,0.0,0.0,0.0,0.0,-0.003390249702734839,0.008036147443519619,0.0,0.0,0.0,0.0,0.0,0.0,0.0,0.0,0.0,0.0,0.0,0.0,0.0,0.0,0.0,0.0,0.0,0.0,0.0,0.0,0.04306872770511296,0.0,0.0,0.0,0.0,0.0,0.0,-0.09153674197384067,0.0,0.0,0.0,0.0,0.0,0.0,0.0,0.0,0.0,0.0,-0.019048645792046508,0.0,0.0,0.0,0.0,0.0,-0.11342222222222222,0.0,0.022848143744219843,0.0,0.0,0.0,0.0,0.0,0.0,0.0,0.0,0.0,0.09153674197384067,0.0,0.0,0.0,0.0,0.0,0.0,0.0,0.0,0.0,0.0005813185361342317,0.0,0.0,0.0,0.0,0.0,0.0,0.0,0.0,0.0,0.0,0.0,0.0,0.0,0.0,0.03720438631259083,0.0,0.0,0.07266481701677897,0.0,0.0,0.0,0.0,0.0,0.0,0.0,0.0,0.0,-0.06428917954815695,0.0,0.0,0.0,-0.0061898797727573,0.0,0.08173803672876205,0.0,0.0,0.0,0.0,0.0,0.0,-0.04306872770511296,0.0,0.0,0.0,0.0,0.0,0.0,0.0,-0.010217254591095256,0.0,0.0,0.0,0.0,0.0015951380631523317,0.12,0.0,0.0,0.0,0.0,0.0,0.0,0.0,0.0,0.0,0.0,0.0,0.0,0.0,0.0,0.0,0.0,0.0,0.0,0.0,0.0,0.0,0.0,0.0,0.0,0.0,-0.012761104505218654,0.0,0.0,0.0,0.0,0.0,0.0,0.0,0.0,0.0,0.0,0.0,0.0,0.0,-0.027121997621878714,0.0,0.0,0.0,0.0,0.0,0.0,0.0,0.0023810807240058135,0.0,0.0,0.0,0.0,0.0,0.0,0.004650548289073853,0.0,0.0,0.0,0.0,0.0,0.0,0.0,0.0,0.0,0.0,0.10208883604174923,0.0,0.0,0.0,0.0,0.0,0.0,0.0,0.0,0.0,0.0,0.0,0.0,0.0,0.0,0.0,0.0,0.0,0.0,0.0,0.0,0.0,0.003390249702734839,-0.08173803672876205,0.0,0.0,0.0,0.0,0.0,0.0,0.0
2023-11-30,0.0,0.0,0.0,0.0,0.0,0.0,0.0,0.010217254591095256,0.0,0.0,0.0,0.0,0.0,0.0,-0.003390249702734839,0.0,0.0,0.0,0.0,0.0,-0.0010045184304399524,0.0,0.0,0.0,0.0,0.0,0.00012556480380499405,0.0,0.0,0.0,-0.06428917954815695,0.0,0.0,0.0,0.0,0.0,0.0,0.0,0.015695600475624256,0.056583221033161574,0.0,-0.022848143744219843,0.0,0.0,0.012761104505218654,0.0,0.0,0.0023810807240058135,0.0,0.0,0.0,0.0,0.0,-0.012761104505218654,0.0,0.0,0.0,0.0,0.0,0.0,0.008036147443519619,0.0,0.031898110714757566,0.0,0.0,0.0,0.0,0.0,0.0,0.0,0.0,0.0,0.0,0.0,0.0,0.0,0.0,0.0,0.0,0.0,-3.7204386312590835e-05,0.06428917954815695,0.0,0.0,0.0,0.0,0.0,0.0,0.0,0.0,0.0,0.0,0.0,0.0,0.0,0.0,0.0,0.0,0.0,0.0,0.0,0.0,0.0,0.0,0.0,0.0,0.0,0.0,0.0,0.0,0.0,0.0,0.0,0.0,0.0,0.0,0.0,0.0,0.0,0.0,0.0,0.0,0.12,-0.019048645792046508,0.0,-0.00012556480380499405,0.0,0.0,0.0,0.0,0.0,0.0,0.022848143744219843,-4.650548289073854e-06,0.0,0.0,0.0,0.0,0.0,-0.12,0.0,0.0,0.0,0.0,0.0,0.0,0.0,0.0,0.0,0.0,0.0,0.0,0.0,0.0,0.0,0.0,0.0,-0.0023810807240058135,0.0,0.0061898797727573,0.0,0.0,0.0,0.0,0.0,-0.03720438631259083,0.0,0.0,0.0,0.0,0.0,0.0,0.0,0.0,0.0,-0.010217254591095256,0.0,0.0,0.0,0.0,0.0,0.0015951380631523317,0.0,0.0,0.0,0.027121997621878714,-0.04306872770511296,0.0,0.0,0.0005813185361342317,0.0,0.0,0.0,0.0,0.0,0.0,0.0,0.0,0.0,0.04306872770511296,0.0,0.0,0.0,0.0,0.0,0.0,0.0,0.0,-0.0061898797727573,0.0,0.0,0.0,0.0,0.0,0.0,0.0,0.003390249702734839,0.0,0.0,0.0,0.0,0.0,0.0,0.0,0.0,0.0,0.0,0.0,0.0,0.0,0.0,0.0,0.0,0.0,0.0,0.0,0.0,0.0,0.0,0.0,0.0,0.0,0.0,0.0,0.0,0.0,0.0,0.0,0.0,0.0,0.0,0.0,0.0,0.0,0.0,0.03720438631259083,0.0,0.0,0.0,0.0,0.0,-0.09153674197384067,0.0,0.0,0.0,0.0,0.0,0.0,0.0,0.0,0.0,-0.08173803672876205,0.0,0.0,0.0,0.0,0.0,0.0,0.0,-0.0002976350905007267,0.0,0.0,0.0,0.0,0.0,0.0,0.0,0.0,0.0,0.0,0.0,0.0,0.0,0.0,0.0,0.0,0.0,0.0,0.0,0.0,0.0,0.0495190381820584,0.0,0.0,0.0,0.0,0.0,0.0,-0.11342222222222222,0.0,0.0,0.0,0.0,0.0,0.0,0.0,0.0,0.0,0.0,-0.031898110714757566,0.0,0.0,0.004650548289073853,0.0,0.0,-0.015695600475624256,0.0,0.0,0.0,0.0,0.0,0.0,0.0,0.0,0.0,0.0,0.0,0.09153674197384067,0.0,0.0,0.0,0.0,0.0,0.0,0.0,0.0,0.0,0.0002976350905007267,0.0,0.0,0.0,0.0,0.0,0.0,0.0,0.0,0.0,-0.056583221033161574,0.0,0.0,0.0,0.0,0.019048645792046508,0.0,0.0,0.07266481701677897,0.0,0.0,0.0,0.0,-0.027121997621878714,0.0,0.0,0.0,0.0,-0.10208883604174923,0.0,0.0,0.0,-0.0005813185361342317,0.0,0.08173803672876205,0.0,0.0,0.0,0.0,0.0,0.0,-0.0015951380631523317,0.0,0.0,0.0,0.0,0.0,0.0,0.0,-0.004650548289073853,0.0,0.0,0.0,0.0,4.650548289073854e-06,0.11342222222222222,0.0,0.0,0.0,0.0,0.0,0.0,0.0,0.0,0.0,0.0,0.0,0.0,0.0,0.0,0.0,0.0,0.0,0.0,0.0,0.0,0.0,0.0,0.0,0.0,0.0,-0.008036147443519619,-0.0495190381820584,0.0,0.0,0.0,0.0,0.0,0.0,0.0,0.0,0.0,0.0,0.0,0.0,-0.07266481701677897,0.0,0.0,0.0,0.0,0.0,0.0,0.0,0.0010045184304399524,0.0,0.0,0.0,0.0,0.0,0.0,3.7204386312590835e-05,0.0,0.0,0.0,0.0,0.0,0.0,0.0,0.0,0.0,0.0,0.10208883604174923,0.0,0.0,0.0,0.0,0.0,0.0,0.0,0.0,0.0,0.0,0.0,0.0,0.0,0.0,0.0,0.0,0.0,0.0,0.0,0.0,0.0,0.0,0.0,0.0,0.0,0.0,0.0,0.0,0.0,0.0
2023-12-31,0.0,0.0,0.0,0.0,0.0,0.0,0.0,0.0061898797727573,0.0,0.0,0.0,0.0,0.0,0.0,-0.0010045184304399524,0.0,0.0,0.0,0.0,0.0,-3.7204386312590835e-05,0.0,0.0,0.0,0.00012556480380499405,0.0,0.022848143744219843,0.0,0.0,0.0,0.0,0.0,0.010217254591095256,0.0,0.0,0.0,0.0,0.0,0.0,0.07266481701677897,0.0,-0.04306872770511296,0.0,0.0,0.03720438631259083,0.0,0.0,0.0,0.0,0.0,0.0,0.0,0.0,-0.004650548289073853,0.0,0.0,0.0,0.0,0.0,0.0,0.0,0.0,0.031898110714757566,0.0,-0.031898110714757566,0.0,0.0,0.0,0.0,0.0,0.0,0.0,0.0,0.0,0.0,0.0,0.0,0.0,0.0,0.0,0.0,0.003390249702734839,0.0005813185361342317,0.0,0.0,0.0,-0.019048645792046508,0.0,0.0,0.0,0.0,0.0,0.0,0.0,0.0,0.0,0.0,0.0,0.0,0.0,0.0,0.0,0.0,0.0,0.0023810807240058135,0.0,0.0,0.0,0.0,0.0,0.0,0.0,4.650548289073854e-06,0.0,0.0,0.0,0.0,0.0,0.0,0.0,0.0,0.0,0.12,0.0,0.0,-0.0023810807240058135,0.0,0.04306872770511296,0.0,0.0,0.0,0.004650548289073853,0.027121997621878714,-4.650548289073854e-06,0.0,0.0,0.0,0.0,0.0,0.0,-0.07266481701677897,0.0,0.0,0.0,0.0,0.0,0.0,0.0,-0.010217254591095256,0.0,0.0,0.0,0.0,0.0,0.0,0.0,0.0,-0.0495190381820584,0.0,0.0,0.0,0.0,0.0,0.0,0.0,0.0,0.0,0.0,0.0,0.0,0.0,0.0,0.0,0.0,0.0,-0.0015951380631523317,0.0,0.0,0.0,0.0,0.0,3.7204386312590835e-05,0.0,0.0,0.0,0.015695600475624256,-0.003390249702734839,0.0,0.0,0.0,0.0,0.0,0.0,0.0,0.0,0.0,0.0,0.0,0.0,0.019048645792046508,0.0,0.0,0.0,0.0,0.0,0.0,0.0,0.0,0.0,0.0,0.0,0.0,0.0,0.0,0.0,0.0,0.0,0.0,-0.056583221033161574,0.0,0.0,0.0,0.0,0.0,0.0,0.0,0.0,0.0,0.0,0.0,0.0,0.0,0.0,0.0,0.0,0.0,0.0,0.0,0.0,0.0,0.0,0.0,0.0,0.0,0.0,0.0,0.0,0.0,0.0,0.0,0.0,0.0,0.0,0.0,0.0,0.056583221033161574,0.0,0.0,0.0,0.0,0.0,-0.03720438631259083,-0.11342222222222222,0.0,0.0,0.0,0.0,0.0,0.0,0.0,0.0,0.0,0.0,0.0,0.0,0.0,0.0,0.0015951380631523317,0.0,-0.0005813185361342317,0.0002976350905007267,0.0,0.0,0.0,0.0,0.0,-0.012761104505218654,0.0,0.0,0.0,0.0,0.0,0.0,0.0,0.0,0.0,0.0,0.0,0.0,0.0,0.0,0.09153674197384067,0.0,0.0,0.0,0.0,0.0,0.0,-0.015695600475624256,0.0,0.0,0.0,-0.00012556480380499405,0.0,0.0,0.0,0.0,0.0,0.0,0.0,0.0,0.0,0.0,0.0,0.0,0.0,0.0,0.0,0.0,0.0,0.0,0.0,0.0,0.0,0.0,0.0,0.0,0.10208883604174923,0.0,0.0,0.0,0.0,0.0,0.0,0.0,0.0,0.0,0.0,0.0,0.0,0.0,0.0,0.0,0.0,0.0,0.0,0.0,-0.027121997621878714,0.0,0.0,0.0,0.0,0.0495190381820584,0.0,0.0,0.06428917954815695,0.0,0.0,0.0,0.0,-0.0002976350905007267,0.0,0.0,0.0,0.0,0.0,0.0,0.0,0.0,-0.008036147443519619,0.0,0.012761104505218654,0.0,0.0,0.0,-0.12,0.0,0.0,-0.022848143744219843,0.0,0.0,0.0,0.0,0.0,0.0,-0.0061898797727573,0.0,0.0,-0.10208883604174923,0.0,0.0,0.0,0.11342222222222222,0.0,0.0010045184304399524,0.0,0.0,0.0,0.0,0.0,0.0,0.0,0.0,0.0,0.0,0.0,0.0,0.0,0.0,0.0,0.0,0.0,0.0,0.0,0.0,0.0,0.0,0.0,-0.06428917954815695,-0.08173803672876205,0.0,0.0,0.0,0.0,0.0,0.0,0.0,0.0,0.0,0.0,0.0,0.0,-0.09153674197384067,0.0,0.0,0.0,0.0,0.0,0.0,0.0,0.008036147443519619,0.0,0.0,0.0,0.0,0.0,0.0,0.0,0.0,0.0,0.0,0.0,0.0,0.0,0.0,0.0,0.0,0.0,0.08173803672876205,0.0,0.0,0.0,0.0,0.0,0.0,0.0,0.0,0.0,0.0,0.0,0.0,0.0,0.0,0.0,0.0,0.0,0.0,0.0,0.0,0.0,0.0,0.0,0.0,0.0,0.0,0.0,0.0,0.0,0.0
2024-01-31,0.0,0.0,0.0,0.0,0.0,0.0,0.0,0.012761104505218654,0.0,0.0,0.0,0.0,0.0,0.0,-0.0015951380631523317,0.0,0.0,0.0,0.0,0.0,-3.7204386312590835e-05,0.0,0.0,0.0,0.0,0.0,0.0023810807240058135,0.0,0.0,0.0,0.0,0.0,4.650548289073854e-06,0.0,0.0,0.0,0.0,0.0,0.0,0.07266481701677897,0.0,-0.11342222222222222,0.0,0.0,0.004650548289073853,0.0,0.0,0.0,0.0,0.0,0.0,0.0,0.0,-0.019048645792046508,0.0,0.0,0.0,0.0,0.0,-0.12,0.0,0.0,0.0495190381820584,0.0,-0.0005813185361342317,0.0,0.0,0.0,0.0,0.0,0.0,0.0,0.0,0.0,0.0,0.0,0.0,0.0,0.0,0.0,0.0,0.027121997621878714,0.0,0.0,0.0,-0.09153674197384067,-0.08173803672876205,0.0,0.0,0.0,0.0,0.0,0.0,0.0,0.0,0.0,0.0,0.0,0.0,0.0,0.0,0.0,0.0,0.0,0.10208883604174923,0.0,0.0,0.0,0.0,0.0,0.0,0.0,0.0,0.0,0.0015951380631523317,0.04306872770511296,0.0,0.0,0.0,0.0,0.0,-0.0061898797727573,0.12,-0.012761104505218654,0.0,0.0,0.0,0.003390249702734839,0.0,0.008036147443519619,0.0,0.00012556480380499405,0.010217254591095256,-0.00012556480380499405,0.0,0.0,0.0,0.0,0.0,0.0,-0.031898110714757566,0.0,0.0,0.0,0.0,0.0,0.0,0.0,-0.022848143744219843,0.0,0.0,-0.0023810807240058135,0.0,0.0,0.0,0.0,0.0,-0.0002976350905007267,0.0,0.0,0.0,0.0,0.0,0.0,0.0,-0.06428917954815695,0.0,0.0,0.0,0.0,0.0,0.0,0.0,0.0,0.0,0.0,0.0,0.0,0.0,0.0,0.0,0.0,0.0,0.0,0.0,0.0061898797727573,0.0,0.0,0.0,0.0,0.0,0.0,0.0,0.0,0.0,0.0,0.0,0.0,0.0,0.015695600475624256,0.0,0.0,0.0,0.0,0.0,0.0,0.0,0.0,0.0,0.0,0.0,-0.10208883604174923,0.0,0.0,0.0,0.0,0.0,0.0,0.0,0.0,0.0,0.0,0.0,0.0,0.0,0.0,0.0,0.0,-0.004650548289073853,0.0,0.0,0.0,0.0,0.0,0.0,0.0,0.0,0.0,0.0,0.0,0.0,-0.008036147443519619,0.0,0.0,0.0,0.0,0.0,0.0,0.0,0.0,0.0,0.0,0.0,0.0,0.0,3.7204386312590835e-05,0.0,0.0,0.0,0.0,0.0,0.0,0.0,0.0,0.0,0.0,0.0,0.0,0.0,0.0,0.0,0.0,0.0,0.0,0.0,0.0,0.0,0.0,0.0,0.0,0.0,0.0,0.0,0.0,0.0,0.0,-0.015695600475624256,0.0,0.0,0.0,0.0,0.0,0.0,0.0,0.0,0.0,0.0,0.0,0.0,0.0,0.0,0.056583221033161574,0.0,0.0,0.0,0.0,0.0,0.0,0.0,0.0,0.0,0.0,-4.650548289073854e-06,0.0,0.0,0.0,0.0,0.0,0.0,0.0,-0.07266481701677897,0.0,0.0,0.0,0.0,-0.027121997621878714,0.0,0.0,0.0,0.0,0.0,0.0005813185361342317,0.0,0.0,0.0,0.0,0.0,0.06428917954815695,0.0,0.0,0.0,0.0,0.0,0.0,0.0,0.0,0.0,0.0,0.0,0.0,0.0,0.019048645792046508,0.0,0.0,0.0,0.0,0.0,-0.0010045184304399524,0.0,0.0,0.0,0.0,0.031898110714757566,0.0,0.0,0.09153674197384067,0.0,0.0,0.0,0.0,-0.056583221033161574,0.0,0.0,0.0,0.0,0.0,0.0,0.0,0.0,0.0,0.0,0.022848143744219843,0.0,0.0,0.0,0.0,0.0,0.0,-0.04306872770511296,0.0,0.0,0.0,0.0,0.0,0.0,-0.003390249702734839,0.0,0.0,0.0,0.0,-0.03720438631259083,0.0,0.11342222222222222,0.0,0.0,0.0,0.0,0.0,0.0,0.0,0.0,0.0,0.0,0.0,0.0,0.0,0.0,0.0,0.0,0.0,0.0,0.0,0.0,0.0,0.0,0.0,0.0,0.0,0.0,0.0,0.0,0.0,0.0,0.0,-0.010217254591095256,0.0,0.0,0.0,0.0,0.0,0.0,0.0,-0.0495190381820584,0.0,0.0,0.0,0.0,0.0,0.0,0.0,0.03720438631259083,0.0,0.0,0.0,0.0,0.0,0.0,0.0,0.0,0.0,0.0,0.0,0.0,0.0,0.0,0.0,0.0,0.0,0.08173803672876205,0.0,0.0,0.0,0.0,0.0,0.0,0.0,0.0,0.0002976350905007267,0.0,0.0,0.0,0.0,0.0,0.0,0.0,0.0,0.0010045184304399524,0.0,0.0,0.0,0.0,0.0,0.0,0.0,0.0,0.0,0.0,0.0,0.0
2024-02-29,0.0,0.0,0.0,0.0,0.0,0.0,0.0,0.0,0.0,-0.012761104505218654,0.0,0.0,-0.06428917954815695,0.0,-0.0010045184304399524,0.0,0.0,0.0,0.0,0.0,-0.004650548289073853,0.0,0.0,0.0,0.0,-0.08173803672876205,0.022848143744219843,0.0,0.0,0.0,0.0,0.0,0.003390249702734839,0.0,0.0,-0.019048645792046508,0.0,0.0,0.0,0.09153674197384067,0.0,0.0,0.0,0.0,0.008036147443519619,0.0,0.0,0.0,0.0,0.0,0.0,0.0,0.0,-0.027121997621878714,0.0,0.0,0.0,0.0,0.0,0.0,0.0,0.0,0.03720438631259083,0.0,-0.0023810807240058135,0.0,0.0,0.0,0.0,0.0,3.7204386312590835e-05,0.0,0.0,0.0,0.0,0.0,0.0,0.0,0.0,0.0,0.0,0.056583221033161574,0.0,0.0,0.0,0.0,0.0,0.0,0.0,0.0,0.0,0.0,0.0,0.0,0.0,0.0,0.0,0.0,0.0,0.0,0.0,0.0,0.0,0.0,0.11342222222222222,0.0,0.0,0.0,0.0,0.0,0.0,0.0,0.0,0.0,0.0061898797727573,0.027121997621878714,0.0,0.0,0.0,0.0,0.0,-0.04306872770511296,0.12,0.0,0.0,-0.031898110714757566,0.0,0.010217254591095256,0.0,0.0,0.0,0.0,0.0023810807240058135,-3.7204386312590835e-05,0.0,0.0,0.0,0.0,0.0,0.0,0.0,0.0,0.0,0.0,0.0,0.0,0.0,0.0,-0.008036147443519619,0.0,0.0,0.0,0.0,0.0,0.0,0.0,0.0,-0.0002976350905007267,0.0,0.0,0.0,0.0,0.0,0.0,0.0,-0.0061898797727573,0.0,0.0,0.0,0.0,0.0,-0.09153674197384067,-0.11342222222222222,0.0,0.00012556480380499405,0.0,0.0,0.0,0.0,0.0,0.0,0.0,0.0,0.0,0.0,0.0015951380631523317,0.0,0.0,0.0,0.0,0.0,0.0,0.0,0.0,0.0,0.0,0.0,0.0,0.0,0.0010045184304399524,0.0,0.0,0.0,0.0,-0.010217254591095256,0.0,0.0,0.0,0.0,0.0,0.0,-0.03720438631259083,0.0,0.0,0.0,0.0,0.0,0.0,0.0,0.0,0.0,0.0,0.0,0.0,0.0,0.0,0.0,0.0,-0.0015951380631523317,0.0,0.0,-0.022848143744219843,0.0,0.0,0.0,0.0,0.0,0.0,0.0,0.0,-0.07266481701677897,-0.015695600475624256,0.004650548289073853,0.0,0.0,0.0,0.0,0.0,0.0,0.0,0.0,0.0,0.0,0.0,0.0,4.650548289073854e-06,0.0,0.0,0.0,0.0,0.0,0.0,0.0,0.0,0.0,0.0,0.0,0.0,0.0,0.0,0.0,0.0,0.0,0.0,0.0,0.0,0.0,0.0,0.0,0.0,0.0,0.0,0.0,0.0,0.0002976350905007267,0.0,0.0,0.0,0.0,0.0,0.0,0.0,0.0,0.0,0.0,0.0,0.0,0.0,0.0,0.0,0.0,0.0495190381820584,0.0,-0.12,0.0,0.0,0.0,0.0,0.0,0.0,0.0,0.0,-0.00012556480380499405,0.0,0.0,0.0,0.0,0.0,0.0,0.0,-0.10208883604174923,0.0,0.0005813185361342317,0.0,0.0,-0.003390249702734839,0.0,0.0,0.0,0.0,0.0,0.0,0.0,0.0,0.0,0.0,0.0,0.06428917954815695,0.0,0.0,0.0,0.0,0.0,0.0,0.0,0.0,0.0,0.0,0.0,0.0,0.0,0.012761104505218654,0.0,0.0,0.0,0.0,0.0,-4.650548289073854e-06,0.0,0.0,0.0,0.0,0.019048645792046508,0.0,0.0,0.07266481701677897,0.0,0.0,0.0,0.0,0.0,0.0,0.0,0.0,0.0,0.0,0.0,0.0,0.0,0.0,0.0,0.04306872770511296,0.0,0.0,0.0,0.0,0.0,0.0,0.0,0.0,0.0,0.0,0.0,0.0,0.0,-0.0495190381820584,0.0,0.0,0.0,0.0,-0.056583221033161574,0.0,0.10208883604174923,0.0,0.0,0.0,0.0,0.0,0.0,0.0,0.0,0.0,0.0,0.0,0.0,0.0,0.0,0.0,0.0,0.0,0.0,0.0,0.0,0.0,0.0,0.0,0.0,0.0,0.0,0.0,0.0,0.0,0.0,0.0,-0.0005813185361342317,0.0,0.0,0.0,0.0,0.0,0.0,0.015695600475624256,0.0,0.0,0.0,0.0,0.0,0.0,0.0,0.0,0.031898110714757566,0.0,0.0,0.0,0.0,0.0,0.0,0.0,0.0,0.0,0.0,0.0,0.0,0.0,0.0,0.0,0.0,0.0,0.08173803672876205,0.0,0.0,0.0,0.0,0.0,0.0,0.0,0.0,0.0,0.0,0.0,0.0,0.0,0.0,0.0,0.0,0.0,0.0,0.0,0.0,0.0,0.0,0.0,0.0,0.0,0.0,0.0,0.0,0.0,0.0
2024-03-31,0.0,0.0,0.0,0.0,0.0,0.0,0.0,3.7204386312590835e-05,0.0,-0.010217254591095256,0.0,0.0,0.0,0.0,-0.0010045184304399524,0.0,0.0,0.0,0.0,0.0,-4.650548289073854e-06,0.0,0.0,0.0,0.0,0.0,0.04306872770511296,0.0,0.0,0.0,0.0,0.0,0.012761104505218654,0.0,0.0,-0.03720438631259083,0.0,0.0,0.0,0.09153674197384067,-0.031898110714757566,0.0,0.0,0.0,0.015695600475624256,0.0,0.0,0.0,0.0,0.0,0.0,0.0,0.0,0.0,0.0,0.0,0.0,0.0,0.0,0.0,0.0,0.0,0.03720438631259083,0.0,-0.0023810807240058135,0.0,0.0,0.0,0.0,0.0,0.0,0.0,0.0,0.0,0.0,0.0,0.0,0.0,0.0,0.0,-0.12,0.010217254591095256,0.0,0.0,0.0,0.0,0.0,0.0,0.0,0.0,0.0,0.0,0.0,0.0,0.0,0.0,0.0,0.0,0.0,0.0,0.0,0.0,0.0,0.0,0.06428917954815695,0.0,0.0,0.0,0.0,0.0,0.0,0.0,0.0,0.0,0.00012556480380499405,0.07266481701677897,0.0,0.0,0.0,0.0,0.0,-0.015695600475624256,0.11342222222222222,0.0,0.0,-0.0495190381820584,0.0,0.003390249702734839,0.0,0.0061898797727573,0.0,0.0005813185361342317,0.019048645792046508,-0.00012556480380499405,0.0,0.0,0.0,0.0,0.0,0.0,-0.027121997621878714,0.0,0.0,0.0,0.0,0.0,0.0,0.0,-0.019048645792046508,0.0,0.0,0.0,0.0,0.0,0.0,0.0,0.0,-3.7204386312590835e-05,0.0,0.0,0.0,0.0,0.0,0.0,0.0,-0.004650548289073853,0.0,0.0,0.0,0.0,0.0,0.0,0.0,0.0,0.0,0.0,0.0,0.0,0.0,0.0,0.0,0.0,0.0,0.0,0.0,0.0015951380631523317,0.0,0.0,0.0,0.0010045184304399524,0.0,0.0,0.0,0.0,0.0,0.0,0.0,0.0,0.0,0.0,0.0,0.0,0.0,0.0,0.0,0.0,0.0,0.0,0.0,0.0,0.0,0.0,0.0,0.0,0.0,0.0,0.0,0.0,0.0,0.0,0.0,0.0,0.0,0.0,0.0,0.0,0.0,0.0,-0.003390249702734839,0.0,0.0,0.0,0.0,-0.04306872770511296,0.0,0.0,0.0,0.0,0.0,0.0,-0.06428917954815695,-0.012761104505218654,0.0,0.0,0.0,0.0,0.0,0.0,0.0,0.0,0.0,0.0,0.0,0.0,0.0,0.0,0.0,0.0,0.0,0.0,0.0,0.0,0.0,0.0,0.0,0.0,0.0,0.0,0.0,0.0,0.0,0.0,0.0,0.0,0.0,0.0,0.0,0.0,0.0,0.0,0.008036147443519619,0.0,0.0,0.0,4.650548289073854e-06,0.0,0.0,0.0,0.0,0.0,0.0,-0.07266481701677897,0.0,0.0,0.0,0.0,0.0,0.0,0.0,0.0,0.0,0.0495190381820584,0.0,0.0,0.0,0.0,0.0,0.0,-0.0015951380631523317,0.0,0.0,0.0,-0.0002976350905007267,0.0,0.0002976350905007267,0.0,0.0,0.0,0.0,0.0,-0.10208883604174923,0.0,0.0,0.0,0.0,0.0,-0.008036147443519619,0.0,0.0,0.0,0.0,0.0,0.0,0.0,0.0,0.0,0.0,0.08173803672876205,0.0,0.0,0.0,0.0,0.0,0.0,0.0,0.0,0.0,0.0,0.0,0.0,0.0,0.031898110714757566,0.0,0.0,0.0,0.0,0.0,-0.0005813185361342317,0.0,0.0,0.0,0.0,0.004650548289073853,0.0,0.0,0.056583221033161574,0.0,0.0,0.0,0.0,0.0,0.0,0.0,0.0,0.0,-0.022848143744219843,0.0,0.0,0.0,-0.09153674197384067,0.0,0.022848143744219843,0.0,0.0,0.0,0.0,0.0,0.0,0.0,0.0,0.0,0.0,0.0,0.0,0.0,0.0,-0.08173803672876205,0.0,0.0,0.0,0.0,0.0,0.12,0.0,0.0,0.0,0.0,0.0,0.0,0.0,0.0,0.0,0.0,0.0,0.0,0.0,0.0,0.0,0.0,0.0,0.0,0.0,0.0,0.0,0.0,0.0,0.0,0.0,0.0,0.0,0.0,0.0,0.0,0.0,-0.056583221033161574,0.0,0.0,0.0,0.0,0.0,0.0,0.0,0.0,0.0,0.0,0.0,0.0,0.0,0.0,0.0,0.027121997621878714,0.0,0.0,0.0,0.0,0.0,0.0,0.0,0.0,0.0,0.0,0.0,0.0,0.0,0.0,0.0,0.0,0.0,0.10208883604174923,0.0,0.0023810807240058135,0.0,0.0,0.0,0.0,0.0,-0.0061898797727573,0.0,0.0,0.0,0.0,0.0,0.0,0.0,0.0,0.0,0.0,0.0,0.0,0.0,0.0,0.0,0.0,0.0,0.0,0.0,0.0,-0.11342222222222222,0.0
2024-04-30,0.0,0.0,0.0,0.0,0.0,0.0,0.0,0.0,0.0,-0.003390249702734839,0.0,0.0,0.0,0.0,-0.0010045184304399524,0.0,0.0,0.0,0.0,0.0,-3.7204386312590835e-05,0.0,0.0,0.0,0.0,0.0,0.04306872770511296,0.0,0.0,0.0,0.0,0.0,0.004650548289073853,0.0,0.0,-0.07266481701677897,-0.12,0.0,0.0,0.10208883604174923,-0.0023810807240058135,0.0,0.0,0.0,0.010217254591095256,0.0,0.0,0.0,0.0,0.0,0.0,0.0,0.0,0.0,0.0,0.0,0.0,0.0,0.0,-0.056583221033161574,0.0,0.0,0.022848143744219843,0.0,-0.012761104505218654,0.0,0.0,0.0,0.0,0.0,0.0,0.0,0.0,0.0,0.0,0.0,0.0,0.0,0.0,0.0,0.0,3.7204386312590835e-05,0.0,0.0,0.012761104505218654,0.0,0.0,0.0,-0.015695600475624256,-0.09153674197384067,0.0,0.0,0.0,0.0,0.0,0.0,0.0,0.0,0.0,0.0,0.0,0.0,0.0,0.0,0.07266481701677897,0.0,0.0,0.0,0.0,0.0,0.0,0.0,0.0,0.0,0.00012556480380499405,0.056583221033161574,0.0,0.0,0.0,0.0,0.0,0.0,0.12,0.0,0.0,0.0,0.0,0.015695600475624256,0.0,0.0005813185361342317,0.0,0.0061898797727573,0.019048645792046508,-0.010217254591095256,0.0,0.0,0.0,0.0,0.0,0.0,-0.019048645792046508,0.0,0.0,0.0,0.0,0.0,0.0,0.0,0.0,0.0,0.0,-0.0495190381820584,0.0,0.0,0.0,0.0,0.0,-0.0005813185361342317,0.0,0.0002976350905007267,0.0,0.0,0.0,0.0,0.0,-0.08173803672876205,0.0,0.0,0.0,0.0,0.0,0.0,0.0,0.0,0.0,0.0,0.0,0.0,0.0,0.0,0.0,0.0,0.0,0.0,0.0,0.0,0.0,0.0,0.0,0.008036147443519619,0.0,0.0,0.0,0.0,0.0,0.0,0.0,0.0,0.0,0.0,0.0,0.0,0.0,0.0,-0.10208883604174923,0.0,0.0,0.0,0.0,0.0,0.0,0.0,0.0,0.0,0.0,0.0,0.0,0.0,0.0,0.0,0.0,0.0,0.0,0.0,0.0,0.0023810807240058135,0.0,0.0,-0.11342222222222222,0.0,0.0,-0.04306872770511296,0.0,-0.008036147443519619,0.0,0.0,0.0,0.0,0.0,0.0,0.0,-0.027121997621878714,0.0,0.0,0.0,0.0,0.0,0.0,0.0,0.0,0.0,0.0,0.0,0.0,0.0,0.0,0.0,0.0,0.0,0.0,0.0,0.0,0.0,0.0,0.0,0.0,0.0,0.0,0.0,0.0,0.0,-0.031898110714757566,0.0,0.0,0.0,0.0,0.0,0.0,0.0,0.0,0.027121997621878714,0.0,0.0,0.0,0.0015951380631523317,0.0,0.0,0.0,0.0,0.0,0.0,-0.06428917954815695,0.0,0.0,0.0,0.0,0.0,0.0,0.0,0.0,0.0,0.0495190381820584,0.0,0.0,0.0,0.0,0.0,0.0,-0.0002976350905007267,0.0,0.0,0.0,-0.0061898797727573,0.0,0.0,0.0,0.0,0.0,0.0,0.0,0.0,0.0,0.0,0.0,0.0,-0.03720438631259083,-0.022848143744219843,4.650548289073854e-06,0.0,0.0,0.0,0.0,0.0,0.0,0.0,0.0,0.0,0.06428917954815695,0.0,0.0,0.0,0.0,0.0,0.0,0.0,0.0,0.0,0.0,0.0,0.0,0.0,0.0,0.0,0.0,0.0,0.0,0.0,-0.0015951380631523317,0.0,0.0,0.0,0.0,0.003390249702734839,0.0,0.0,0.09153674197384067,0.0,0.0,0.0,0.0,-0.004650548289073853,0.0,0.0,0.0,0.0,-0.00012556480380499405,0.0,0.0,0.0,0.0,0.0,0.0,0.0,0.0,0.0,0.0,0.0,0.0,0.0,0.0,0.0,0.0,0.0,0.0,0.0,0.0,0.0,0.0,0.0,0.0,0.0,0.0,0.11342222222222222,0.0,0.0,0.0,0.0,0.0,0.0,0.0,0.0,0.0,0.0,0.0,0.0,0.0,0.0,0.0,0.0,0.0,0.0,0.0,0.0,0.0,0.0,0.0,0.0,0.0,0.0,0.0,0.0,0.0,0.0,0.0,0.0,0.0,0.0,0.0,0.0,0.0,0.0,0.0,0.0,0.0,0.0,0.0,0.0,0.0,0.0,0.0,0.031898110714757566,0.0,0.0,0.0,0.0,0.0,0.0,0.0,0.0,0.0,0.0,0.0,0.0,0.0,0.0,0.0,0.0,0.0,0.08173803672876205,0.0,0.03720438631259083,0.0,0.0,0.0,0.0,0.0,-4.650548289073854e-06,0.0,0.0,0.0,0.0,0.0,0.0,0.0,0.0,0.0,0.0010045184304399524,0.0,0.0,0.0,0.0,0.0,0.0,0.0,0.0,0.0,0.0,0.0,0.0
2024-05-31,0.0,0.0,0.0,0.0,0.0,0.0,0.0,0.0,0.0,-0.11342222222222222,0.0,0.0,0.0,0.0,-0.06428917954815695,0.0,0.0,0.0,0.0,0.0,-0.0005813185361342317,0.0,0.0,0.0,0.0,0.0,3.7204386312590835e-05,0.0,0.0,0.0,0.0,0.0,0.0,0.0,0.0,0.0,0.0,0.0,0.0,0.08173803672876205,-0.0015951380631523317,0.0,0.0,0.0,0.003390249702734839,0.0,-0.12,0.0,0.0,0.0,0.0,0.0,0.0,0.0,0.0,0.0,0.0,-0.056583221033161574,0.0,-0.008036147443519619,0.0,0.0,0.022848143744219843,0.0,-0.027121997621878714,0.0,0.0,0.0,0.0,0.0,0.0,0.0,0.0,0.0,0.0,0.0,0.0,0.0,0.0,0.0,0.0,0.0010045184304399524,0.0,0.0,0.019048645792046508,0.0,0.0,0.0,-0.012761104505218654,-0.09153674197384067,0.0,0.0,0.0,0.0,0.0,0.0,0.0,0.0,0.0,0.0,0.0,0.0,0.0,0.0,0.09153674197384067,0.0,0.0,0.0,0.0,0.0,0.0,0.0,0.0,0.0,0.0,0.027121997621878714,0.0,0.0,0.0,0.0,0.0,0.0,0.12,0.0,0.0,0.0,0.0,0.0061898797727573,0.0,0.0,0.0,0.0015951380631523317,0.0495190381820584,-0.031898110714757566,0.0,0.0,0.0,0.0,0.0,0.0,0.0,0.0,0.0,0.0,0.0,0.0,0.0,0.0,0.0,0.0,0.0,0.0,0.0,0.0,0.0,0.0,0.0,-0.0002976350905007267,0.0,0.004650548289073853,0.0,0.0,0.0,0.0,0.0,-0.03720438631259083,0.0,0.0,0.0,0.0,0.0,0.0,0.0,0.0,0.0,0.0,0.0,0.0,0.0,0.0,0.0,0.0,0.0,0.0,0.0,0.0,0.0,0.0,0.0,0.008036147443519619,0.0,0.0,0.0,0.0,-0.04306872770511296,0.0,0.0,0.0,0.0,0.0,0.0,0.0,0.0,0.0,-0.10208883604174923,0.0,0.0,0.0,0.0,0.0,0.0,0.0,0.0,0.0,0.0,0.0,0.0,0.0,0.0,0.0,0.0,0.0,0.0,0.0,0.0,0.03720438631259083,0.0,0.0,0.0,0.0,0.0,-0.0061898797727573,0.0,-0.0023810807240058135,0.0,0.0,0.0,0.0,0.0,0.0,0.0,-0.019048645792046508,0.0,0.0,0.0,0.0,0.0,0.0,0.0,0.0,0.0,0.0,0.0,0.0,0.0,0.0,0.0,0.0,0.0,0.0,0.0,0.0,0.0,0.0,0.0,0.00012556480380499405,0.0,0.0,0.0,0.0,0.0,0.0,0.0,0.0,0.0,0.0,0.0,4.650548289073854e-06,0.0,0.0,0.012761104505218654,0.0,0.0,0.0,0.0,0.0,0.0,0.0,0.0,0.0,0.0,0.0,0.0,0.0,0.0,0.0,0.0,0.0,0.0,0.0,0.0,0.015695600475624256,0.0,0.0,0.0,0.0,0.0,0.0,-0.004650548289073853,0.0,0.0,0.0,-0.003390249702734839,0.0,0.0,0.0,0.0,0.0,0.0,0.0,0.0,0.0002976350905007267,0.0,0.0,0.0,0.0,-0.010217254591095256,0.0,0.0,-0.015695600475624256,0.0,0.0,0.0005813185361342317,0.0,0.0,0.0,0.0,0.06428917954815695,0.0,0.0,0.0,0.0,0.0,0.0,0.0,0.0,0.0,0.0,0.0,0.0,0.0,0.0,0.0,0.0,0.0,0.0,0.0,-0.0010045184304399524,0.0,0.0,0.0,0.0,0.0023810807240058135,0.0,0.0,0.07266481701677897,0.0,0.0,0.0,0.0,-0.00012556480380499405,0.0,0.0,0.0,0.0,-3.7204386312590835e-05,0.0,0.0,0.0,0.0,0.0,0.010217254591095256,0.0,0.0,0.0,0.0,0.0,0.0,0.0,0.0,0.0,0.0,0.0,0.0,0.0,-0.07266481701677897,0.0,0.0,0.0,0.0,-0.08173803672876205,0.0,0.11342222222222222,0.0,0.0,0.0,0.0,0.0,0.0,0.0,0.0,0.0,0.0,0.0,0.0,0.0,0.0,0.0,0.0,0.0,0.0,0.0,0.0,0.0,0.0,0.0,0.0,0.0,0.0,0.0,0.0,0.0,0.0,0.0,0.0,0.0,0.0,0.0,0.0,0.0,0.0,0.0,0.0,0.0,0.0,0.0,0.0,0.0,0.0,0.0,0.031898110714757566,0.0,0.0,0.0,0.0,0.0,-0.022848143744219843,0.0,0.0,0.0,0.0,0.0,0.0,0.0,0.0,0.0,0.0,0.0,0.10208883604174923,0.0,0.056583221033161574,0.0,0.0,0.0,0.0,0.0,-4.650548289073854e-06,0.0,0.0,0.0,0.0,0.0,0.0,0.0,0.0,0.0,0.04306872770511296,0.0,0.0,0.0,0.0,-0.0495190381820584,0.0,0.0,0.0,0.0,0.0,0.0,0.0
2024-06-30,0.0,0.0,0.0,0.0,0.0,0.0,0.0,0.0,0.0,-0.10208883604174923,0.0,0.0,0.0,0.0,0.0,0.0,0.0,0.0,0.0,0.0,-0.019048645792046508,0.0,0.0,0.0,0.0,0.0,3.7204386312590835e-05,0.0,0.0,0.0,0.0,0.0,0.0,0.0,0.0,0.0,0.0,0.0,0.0,0.08173803672876205,-0.004650548289073853,0.0,0.0,0.0,0.008036147443519619,0.0,0.0,0.0,0.0,0.0,0.0,0.0,0.0,0.0,0.0,0.0,0.0,-0.03720438631259083,0.0,-0.003390249702734839,0.0,0.0,0.003390249702734839,0.0,-0.0023810807240058135,0.0,0.0,0.0,0.0,0.0,0.0,0.0,0.0,0.0,0.0,0.0,0.0,0.0,0.0,0.0,0.0,0.0015951380631523317,0.0,0.0,0.031898110714757566,0.0,0.0,0.0,-0.012761104505218654,-0.010217254591095256,0.0,0.0,0.0,0.0,0.0,0.0,0.0,0.0,0.0,0.0,0.0,0.0,0.0,0.0,0.09153674197384067,0.0,0.0,0.0,0.0,0.0,0.0,0.0,0.0,0.0,0.0,0.04306872770511296,0.0,0.0,0.0,0.0,0.0,0.0,0.12,0.0,0.0,0.0,0.0,0.015695600475624256,0.0,0.004650548289073853,0.0,0.0,0.0495190381820584,-0.0015951380631523317,0.0,0.0,0.0,0.0,0.0,0.0,0.0,0.0,0.0,0.0,0.0,0.0,0.0,0.0,0.0,0.0,0.0,0.0,0.0,0.0,0.0,0.0,0.0,-0.0002976350905007267,0.0,0.010217254591095256,0.0,0.0,0.0,0.0,0.0,0.0,0.0,0.00012556480380499405,0.0,0.0,0.0,0.0,0.0,0.0,0.0,0.0,0.0,0.0,0.0,0.0,0.0,0.0,0.0,0.0,0.0,0.0,0.0,0.0,0.0,0.0061898797727573,4.650548289073854e-06,0.0,0.0,0.0,0.0,0.0,0.0,0.0,0.0,0.0010045184304399524,0.0,0.0,0.0,-0.12,-0.11342222222222222,-0.04306872770511296,0.0,0.0,0.0,0.0,0.0,0.0,0.0,0.0,0.0,0.0,0.0,0.0,0.0,0.0,0.0,0.0,0.0,0.0,0.0,0.027121997621878714,0.0,0.0,0.0,0.0,0.0,-0.008036147443519619,0.0,-0.00012556480380499405,0.0,0.0,0.0,0.0,0.0,0.0,0.0,-0.0061898797727573,0.0,0.0,0.0,0.0,0.0,0.0,0.0,0.0,0.0,0.0,0.0,0.0,0.0,0.0,0.0,0.0,0.0,0.0,0.0,0.0,0.0,0.0,0.0,0.0,0.0,0.0,0.0,0.0,0.0,-0.06428917954815695,0.0,0.0,0.0,0.0,0.0,0.0,0.0,0.0,0.0005813185361342317,0.0,0.0,0.0,0.0,0.0,0.0,-0.015695600475624256,0.0,0.0,0.0,0.0,0.0,0.0,0.0,0.0,0.0,0.0,0.0,0.0,0.0,0.0,0.0,0.0,0.0,0.0,0.0,0.0,-0.08173803672876205,0.0,0.0,0.0,0.0,0.0,0.0,0.0,0.0,0.0,0.0,0.0,0.0,0.0,0.0,0.0,0.0,0.0,0.0,0.0,0.0,-0.022848143744219843,0.0,0.0,0.012761104505218654,0.0,0.0,0.0,0.0,0.06428917954815695,0.0,0.0,0.0,0.0,0.0,0.0,0.0,0.0,0.0,0.0,0.0,0.0,0.0,0.0,0.0,0.0,0.0,0.0,0.0,-0.0010045184304399524,0.0,0.0,0.0,0.0,0.0,0.0,0.0,0.07266481701677897,0.0,0.0,0.0,0.0,-0.0005813185361342317,0.0,0.0,0.0,0.0,-3.7204386312590835e-05,0.0,0.0,0.0,0.0,0.0,0.022848143744219843,0.0,0.0,0.0,0.0,0.0,0.0,0.0,0.0,0.0,0.0,0.0,0.0,0.0,0.0,-0.027121997621878714,-0.056583221033161574,0.0,0.0,-0.0495190381820584,0.0,0.11342222222222222,0.0,0.0,0.0,0.0,0.0,0.0,0.0,0.0,0.0,0.0,0.0,0.0,0.0,0.0,0.0,0.0,0.0,0.0,0.0,0.0,0.0,0.0,0.0,0.0,0.0,0.0,0.0,0.0,0.0,0.0,0.0,0.0,0.0,0.0,0.0,0.0,0.0,0.0,0.0,0.0,0.0,0.0,0.0,0.0,0.0,0.0,0.0,0.019048645792046508,0.0,0.0,-0.09153674197384067,0.0,0.0,0.0,0.0002976350905007267,0.0,0.0,0.0,0.0,0.0,0.0,0.0,0.0,0.0,-0.031898110714757566,0.10208883604174923,0.0,0.056583221033161574,0.0,0.0,0.0,0.0,0.0,-4.650548289073854e-06,0.0,0.0023810807240058135,0.0,0.0,0.0,0.0,0.0,0.0,0.0,0.03720438631259083,0.0,0.0,0.0,0.0,-0.07266481701677897,0.0,0.0,0.0,0.0,0.0,0.0,0.0
2024-07-31,0.0,0.0,0.0,0.0,0.0,0.0,0.0,0.0,0.0,0.0,0.0,0.0,0.0,0.0,0.0,0.0,0.0,0.0,0.0,0.0,-0.00012556480380499405,0.0,0.0,0.0,0.0,0.0,0.0,0.0,0.0,0.0,0.0,0.0,0.0,0.0,0.0,0.0,0.0,0.0,0.0,0.07266481701677897,0.0,0.0,0.0,0.0,0.0,0.0,0.0,0.0,0.0,0.0,0.0,0.0,0.0,-0.12,0.0,0.0,0.0,-0.0015951380631523317,0.0,-0.0010045184304399524,0.0,0.0,0.0,0.0,-4.650548289073854e-06,0.0,0.0,0.0,0.0,0.0,0.0,0.0,0.0,0.0,0.0,0.0,0.0,0.0,0.0,0.0,0.0,0.0,0.0,0.0,0.03720438631259083,0.0,0.0,0.0,0.0,0.0,0.0,0.0,0.0,0.0,-0.11342222222222222,0.0,0.0,0.0,0.0,0.0,0.0,0.0,0.0,0.0,0.10208883604174923,0.0,0.0,0.0,0.0,0.0,0.0,0.0,0.0,0.0,0.0,0.004650548289073853,0.0,0.0,0.0,0.0,0.0,0.0,0.12,0.0,0.0,0.0,0.0,0.0,0.0,0.0,0.0,0.022848143744219843,0.06428917954815695,-0.0002976350905007267,0.0,0.0,0.0,0.0,0.0,0.0,0.0,0.0,0.0,0.0,0.0,0.0,0.0,0.0,0.0,0.0,0.0,0.0,0.0,0.0,0.0,0.0,0.0,-3.7204386312590835e-05,0.0,0.027121997621878714,0.0,0.0,0.0,0.0,0.0,0.0,0.0,0.0005813185361342317,0.0,0.0,0.0,0.0,0.0,0.0,0.0,0.0,0.0,0.0,0.0,0.0,0.0,0.0,0.0,0.0,0.0,0.0,0.0,0.0,0.0,0.019048645792046508,0.0,0.0,0.0,0.0,0.0,0.0,0.0,0.0,0.0023810807240058135,0.008036147443519619,0.0,0.0,0.0,-0.03720438631259083,-0.022848143744219843,-0.0495190381820584,0.0,0.0,0.0,0.0,0.0,0.0,0.0,0.0,0.0,0.0,0.0,0.0,0.0,0.0,0.0,0.0,0.0,0.0,0.0,0.0495190381820584,0.0,0.0,-0.031898110714757566,0.0,0.0,-0.0061898797727573,0.0,-0.0005813185361342317,0.010217254591095256,0.0,0.0,0.0,0.0,0.0,0.0,0.0,0.0,0.0,0.0,0.0,0.0,0.0,0.0,0.0,0.0,0.0,0.0,0.0,0.0,0.0,0.0,0.0,0.0,0.0,0.0,0.0,-0.09153674197384067,0.0,0.0,0.012761104505218654,0.0,0.0,0.0,0.0,0.0,-0.012761104505218654,0.0,3.7204386312590835e-05,0.0,0.0,0.0,0.0,0.0,-0.04306872770511296,0.0010045184304399524,0.0,0.0,0.0,0.0,0.0,0.0,-0.027121997621878714,0.0,0.0,0.0,0.0,0.0,0.0,0.0,0.0,0.0,0.0,0.0,0.0,0.0,0.0,0.0,-0.06428917954815695,0.0,0.0,-0.10208883604174923,0.0,0.0,0.0,0.0,0.0,0.0,0.0,0.0,0.0,0.0,0.0,0.0,0.0,0.0,0.00012556480380499405,0.0,0.0,0.0,0.0,0.0,0.0,0.0,0.0,0.0,0.0,0.031898110714757566,0.0,0.0002976350905007267,0.0,0.0,0.056583221033161574,0.0,0.0,0.0,0.0,0.0,0.0,0.0,0.0,0.0,0.0,0.0,0.0,0.0,0.0,0.0,0.0,0.0,0.0,0.0,-0.008036147443519619,0.0,0.0,0.0,0.0,0.0,0.0,0.0,0.0,0.0,0.0,0.0,0.0,-0.003390249702734839,0.0,0.0,0.0,0.0,-0.056583221033161574,0.0,0.0,0.0,0.0,0.0,0.0015951380631523317,0.0,0.0,0.0,0.0,0.0,4.650548289073854e-06,0.0,0.0,0.0,0.0,0.0,0.0,0.0,0.0,0.0,-0.015695600475624256,0.0,0.0,-0.010217254591095256,0.0,0.09153674197384067,0.0,0.0,0.0,-0.019048645792046508,0.0,0.0,0.0,0.0,0.0,0.0,0.0,0.0,0.0,0.0,0.0,0.0,0.0,0.0,0.0,0.0,0.0,0.0,0.0,0.0,0.0,0.0,0.0,0.0,0.0,0.0,0.0,0.0,0.0,0.0,0.0,0.0,0.0,0.0,0.0,0.0,0.0061898797727573,0.0,0.0,0.0,0.0,0.0,0.0,0.0,0.0,0.0,0.0,0.0,0.0,-0.07266481701677897,0.015695600475624256,0.0,0.0,0.0,0.0,0.0,0.0,0.0,0.0,0.0,-0.004650548289073853,0.11342222222222222,0.0,0.08173803672876205,0.0,0.0,0.0,0.0,0.0,-0.0023810807240058135,0.0,0.003390249702734839,0.0,0.0,0.0,0.0,0.0,0.0,0.0,0.04306872770511296,0.0,0.0,0.0,0.0,-0.08173803672876205,0.0,0.0,0.0,0.0,0.0,0.0,0.0
2024-08-31,0.0,0.0,0.0,0.0,0.0,0.0,0.0,0.0,0.0,0.0,0.0,0.0,0.0,0.0,0.0,0.0,0.0,0.0,0.0,0.0,-4.650548289073854e-06,-0.11342222222222222,0.0,0.0,0.0,0.0,0.0,0.0,0.0,0.0,0.0,0.0,0.027121997621878714,0.0,0.0,0.0,0.0,0.0,0.0,0.08173803672876205,-0.0015951380631523317,0.0,0.0,0.0,0.0015951380631523317,0.0,0.0,0.0,0.0,0.0,0.0,0.0,0.0,-0.010217254591095256,0.0,0.0,0.0,-0.0002976350905007267,0.0,-0.08173803672876205,0.0,0.0,0.0,0.0,-0.0005813185361342317,0.0,0.0,0.0,0.0,0.0,0.0,0.0,0.0,0.0,0.0,0.0,0.0,0.0,0.0,0.0,0.0,0.0,0.0,0.0,0.031898110714757566,0.0,0.0,0.0,0.0,0.0,0.0,0.0,0.0,0.0,0.0,0.0,0.0,0.0,0.0,0.0,0.0,0.0,0.0,0.0,0.10208883604174923,0.0,0.0,0.0,0.0,0.0,0.0,0.0,0.0,0.0,0.0,0.0495190381820584,0.0,0.0,0.0,0.0,0.0,0.0,0.12,0.0,0.0,0.0,0.0,0.0,0.0,0.0,0.0,0.004650548289073853,0.04306872770511296,0.0,0.0,0.0,0.0,0.0,0.0,-0.019048645792046508,0.0,0.0,0.0,0.0,0.0,0.0,0.0,0.0,0.0,0.0,0.0,0.0,0.0,0.0,0.0,0.0,0.0,-3.7204386312590835e-05,0.0,0.012761104505218654,0.0,0.0,0.0,0.0,0.00012556480380499405,0.0,0.0,0.0,0.0,0.0,0.0,0.0,0.0,0.0,0.0,0.0,0.0,0.0,0.0,0.0,0.0,0.0,0.0,0.0,0.0,0.0010045184304399524,0.0,0.0,0.0,0.003390249702734839,0.0,0.0,0.0,0.0,0.0,-0.12,0.0,0.0,0.0023810807240058135,0.0005813185361342317,0.0,0.0,0.0,0.0,0.0,-0.07266481701677897,0.0,0.0,0.0,0.0,0.0,0.0,0.0,0.0,0.0,0.0,0.0,0.0,0.0,0.0,0.0,0.0,0.0,0.0,0.0,0.056583221033161574,0.0,0.0,-0.031898110714757566,-0.027121997621878714,0.0,-0.004650548289073853,0.0,0.0,0.0,0.0,0.0,0.0,0.0,0.0,0.0,0.0,0.0,0.0,0.0,0.0,0.0,0.0,0.0,0.0,0.0,0.0,0.0,0.0,0.0,0.0,0.0,0.0,0.0,0.0,0.0,0.0,0.0,0.0,0.0,0.008036147443519619,0.0,0.0,0.0,0.0,0.0,-0.003390249702734839,0.0,0.0,0.0,0.0,0.0,0.0,0.0,0.0,0.0061898797727573,0.0,0.0,0.0,0.0,-0.10208883604174923,0.0,-0.022848143744219843,0.0,0.0,0.0,0.0,0.0,0.0,0.0,0.0,0.0,0.0,0.0,0.0,0.0,0.0002976350905007267,0.0,0.0,0.0,0.0,0.0,0.0,0.0,0.0,0.0,0.0,0.0,0.0,0.0,0.0,0.0,0.0,0.0,0.0,0.0,0.019048645792046508,0.0,0.0,0.0,0.0,0.0,0.0,0.0,-0.0010045184304399524,0.0,0.0,0.022848143744219843,0.0,4.650548289073854e-06,0.0,0.0,0.06428917954815695,0.0,0.0,0.0,0.0,0.0,0.0,0.0,0.0,-0.06428917954815695,0.0,0.0,0.0,0.0,0.0,0.0,0.0,0.0,0.0,0.0,-0.056583221033161574,0.0,0.0,0.0,0.0,0.0,0.0,0.0,0.015695600475624256,0.0,0.0,0.0,0.0,0.0,0.0,0.0,0.0,0.0,-0.0023810807240058135,0.0,0.0,0.0,0.0,0.0,0.0,0.0,0.0,0.0,0.0,0.0,0.0,0.0,0.0,0.0,0.0,0.0,0.0,0.0,0.0,0.0,-0.03720438631259083,0.0,0.0,-0.012761104505218654,0.0,0.11342222222222222,0.0,0.0,0.0,-0.0061898797727573,0.0,0.0,0.0,0.0,0.0,0.0,0.0,0.0,0.0,0.0,0.0,0.0,0.0,0.0,0.0,-0.0495190381820584,0.0,0.0,0.0,0.0,0.0,0.0,0.0,0.0,0.0,0.0,0.0,0.0,0.0,0.0,0.0,0.0,0.0,0.0,-0.09153674197384067,0.0,0.0,0.0,0.0,0.0,0.0,0.0,0.0,3.7204386312590835e-05,0.0,0.0,0.0,0.0,0.0,-0.04306872770511296,0.0,0.0,0.0,0.0,0.0,0.0,0.0,0.0,0.0,0.0,-0.015695600475624256,0.09153674197384067,0.0,0.07266481701677897,0.0,0.0,0.0,0.0,0.0,-0.00012556480380499405,0.0,0.010217254591095256,0.0,0.0,0.0,0.0,0.0,0.0,0.0,0.03720438631259083,0.0,0.0,0.0,0.0,0.0,0.0,0.0,0.0,0.0,-0.008036147443519619,0.0,0.0
2024-09-30,0.0,0.0,0.0,0.0,0.0,0.0,0.0,0.0,0.0,-0.022848143744219843,0.0,0.0,0.0,0.0,0.0,0.0,0.0,0.0,0.0,0.0,-4.650548289073854e-06,-0.008036147443519619,0.0,0.0,0.0,0.0,0.0,0.0,0.0,0.0,0.0,0.0,0.0495190381820584,0.0,0.0,-0.0495190381820584,0.0,0.0,0.0,0.07266481701677897,-0.0002976350905007267,0.0,0.0,0.0,0.004650548289073853,0.0,0.0,0.0,0.0,0.0,0.0,0.0,0.0,0.0,0.0,0.0,0.0,-0.0005813185361342317,0.0,-0.03720438631259083,0.0,0.0,0.0,0.0,-0.07266481701677897,0.0,0.0,0.0,0.0,0.0,0.0,0.0,0.0,0.0,0.0,0.0,0.0,0.0,0.0,0.0,0.0,0.0,0.0,0.0,0.027121997621878714,0.0,0.0,0.0,0.0,0.0,0.0,0.0,0.0,0.0,0.0,0.0,0.0,0.0,0.0,0.0,0.0,0.0,0.0,0.0,0.10208883604174923,0.0,0.0,0.0,0.0,0.0,0.0,0.0,0.0,0.0,0.0,3.7204386312590835e-05,0.0,0.0,0.0,0.0,0.0,0.0,0.12,0.0,0.0,0.0,0.0,0.0,0.0,0.0,0.0,0.003390249702734839,0.04306872770511296,-0.015695600475624256,0.0,0.0,0.0,0.0,0.0,-0.004650548289073853,0.0,0.0,0.0,0.0,0.0,0.0,0.0,0.0,0.0,-0.00012556480380499405,0.0,0.0,0.0,0.0,0.0,0.0,0.0,-3.7204386312590835e-05,0.0,0.0015951380631523317,0.0,0.0,0.0,-0.12,0.031898110714757566,0.0,0.0,0.0,0.0,0.0,0.0,0.0,0.0,0.0,0.0,0.0,0.0,0.0,0.0,0.0,0.0,0.0,0.0,0.0,0.0,0.010217254591095256,0.0,0.0,0.0,0.015695600475624256,0.0,0.0,0.0,0.0,0.0,-0.012761104505218654,0.0,0.0,0.008036147443519619,0.0061898797727573,0.0,0.0,0.0,0.0,0.0,0.0,0.0,0.0,0.0,0.0,0.0,0.0,0.0,0.0,0.0,0.0,0.0,0.0,0.0,0.0,0.0,0.0,0.0,0.0,0.0,0.022848143744219843,0.0,0.0,-0.10208883604174923,0.0,0.0,0.0,0.0,-0.08173803672876205,0.012761104505218654,0.0,0.0,0.0,0.0,0.0,0.0,0.0,0.0,0.0,0.0,0.0,0.0,0.0,0.0005813185361342317,0.0,0.0,0.0,0.0,0.0,0.0,0.0,0.0,0.0,0.0,0.0,0.0,0.0,0.0,0.0,0.0,0.03720438631259083,0.0,0.0,0.0,0.0,0.0,-0.11342222222222222,0.0,0.0,0.0,0.0,0.0,0.0,0.0,0.0,0.0023810807240058135,0.0,0.0,0.0,0.0,-0.003390249702734839,0.0,-0.0010045184304399524,0.0,0.0,0.0,0.0,0.0,0.0,0.0,0.0,0.0,0.0,0.0,0.0,0.0,0.0,0.0,0.0,0.0,0.0,0.0,0.0,-0.010217254591095256,0.0,0.0,0.0,0.0,0.0,0.0,0.0,0.0,0.0,0.0,0.0,0.0,0.0,0.0,0.0,0.0,0.0,0.0,0.0,0.0,-0.0023810807240058135,0.0,0.0,0.019048645792046508,0.0,0.0002976350905007267,0.0,0.0,0.06428917954815695,0.0,0.0,0.0,0.0,0.0,0.0,0.0,0.0,-0.056583221033161574,0.0,0.0,0.0,0.0,0.0,0.0,0.0,0.0,0.0,0.0,0.0,0.0,0.0,4.650548289073854e-06,0.0,0.0,0.0,0.0,0.0,0.0,0.0,0.0,0.0,0.0,0.0,0.0,0.0,0.0,-0.04306872770511296,0.0,0.0,0.0,0.0,0.0,0.0,0.0,0.0,0.0,0.0,0.0,0.0,0.0,0.0,0.0,0.0,0.0,0.0,0.0,0.0,0.0,-0.027121997621878714,0.0,0.0,-0.09153674197384067,0.0,0.09153674197384067,0.0,0.0,0.0,0.0,0.0,0.0,0.0,0.0,0.0,0.0,0.0,0.0,0.0,0.0,0.0,0.0,0.0,0.0,0.0,-0.031898110714757566,0.0,0.0,0.0,0.0,0.0,0.0,0.0,0.0,0.0,0.0,0.0,0.0010045184304399524,0.0,0.0,0.0,0.0,0.0,0.0,0.0,0.0,0.0,0.0,0.0,0.0,0.0,0.0,0.0,0.0,0.0,0.0,0.0,0.0,0.0,-0.0061898797727573,0.00012556480380499405,0.0,0.0,0.0,0.0,0.0,0.0,0.0,0.0,0.0,0.0,0.11342222222222222,0.0,0.08173803672876205,0.0,0.0,0.0,0.0,0.0,-0.0015951380631523317,0.0,0.0,0.0,0.0,0.0,0.0,0.0,0.0,0.0,0.056583221033161574,0.0,0.0,0.0,-0.019048645792046508,0.0,0.0,0.0,0.0,0.0,-0.06428917954815695,0.0,0.0
2024-10-31,0.0,0.0,0.0,0.0,0.0,0.0,0.0,0.0,0.0,-0.07266481701677897,0.0,0.0,0.0,0.0,0.0,0.0,0.0,0.0,0.0,0.0,-4.650548289073854e-06,-0.010217254591095256,0.0,0.0,0.0,0.0,0.0,0.0,0.0,0.0,0.0,0.0,0.0002976350905007267,0.0,0.0,-0.0005813185361342317,0.0,0.0,0.0,0.0495190381820584,-0.003390249702734839,0.0,0.0,0.0,0.00012556480380499405,0.0,0.0,0.0,0.0,0.0,-0.08173803672876205,0.0,0.0,0.0,0.0,0.0,-0.09153674197384067,-0.0010045184304399524,0.0,-0.012761104505218654,0.0,0.0,0.0,0.0,0.0,0.0,0.0,0.0,0.0,0.0,0.0,0.0,0.0,0.0,0.0,0.0,0.0,0.0,0.0,0.0,0.0,0.0,0.0,0.0,0.008036147443519619,0.0,0.0,0.0,0.0,-0.11342222222222222,0.0,0.0,0.0,0.0,0.0,0.0,0.0,0.0,0.0,0.0,0.0,0.0,0.0,0.03720438631259083,0.11342222222222222,0.0,0.0,0.0,0.0,0.0,0.0,0.0,0.0,0.0,0.0,0.012761104505218654,0.0,0.0,0.0,0.0,0.0,0.0,0.12,0.0,0.0,0.0,0.0,0.0,0.0,0.0,0.0,0.004650548289073853,0.027121997621878714,-0.0002976350905007267,0.0,0.0,0.0,0.0,0.0,-0.004650548289073853,0.0,0.0,0.0,0.0,0.0,0.0,0.0,0.0,0.0,-0.0495190381820584,0.0,0.0,0.0,0.0,0.0,0.0,0.0,-3.7204386312590835e-05,0.0,3.7204386312590835e-05,0.0,0.0,0.0,-0.031898110714757566,0.0015951380631523317,0.0,0.0,0.0,0.0,0.0,0.0,0.0,0.0,0.0,0.0,0.0,0.0,0.0,0.0,0.0,0.0,0.0,0.0,0.0,0.0,0.0061898797727573,0.0,0.0,0.0,0.010217254591095256,0.0,0.0,0.0,0.0,0.0,0.0,0.0,0.0,0.06428917954815695,0.003390249702734839,0.0,0.0,0.0,0.0,0.0,0.0,0.0,0.0,0.0,0.0,0.0,0.0,0.0,0.0,0.0,0.0,-0.056583221033161574,0.0,0.0,0.0,0.0,0.0,0.0,0.0,0.0,0.04306872770511296,0.0,0.0,0.0,0.0,0.0,0.0,0.0,-0.04306872770511296,0.015695600475624256,0.0,0.0,0.0,0.0,0.0,0.0,0.0,-0.0023810807240058135,0.0,0.0,0.0,0.0,0.0,0.0005813185361342317,0.0,0.0,0.0,0.0,0.0,0.0,0.0,0.0,0.0,0.0,0.0,0.0,0.0,0.0,0.0,0.0,0.019048645792046508,0.0,0.0,0.0,0.0,0.0,0.0,0.0,0.0,0.0,0.0,0.0,0.0,0.0,0.0,0.0,0.0,0.0,0.0,0.0,-0.0015951380631523317,0.0,-0.0061898797727573,0.0,0.0,0.0,0.0,0.0,0.0,0.0,0.0,0.0,0.0,0.0,0.0,0.0,4.650548289073854e-06,0.0,0.0,0.0,0.0,-0.06428917954815695,0.0,-0.008036147443519619,0.0,0.0010045184304399524,0.0,-0.12,0.0,0.0,0.0,0.0,0.0,0.0,0.0,0.0,0.0,0.0,0.0,0.0,0.0,0.0,0.0,0.0,0.0,0.0,0.0,0.056583221033161574,0.0,0.0,0.0,0.0,0.09153674197384067,0.0,0.0,0.0,0.0,0.0,0.0,0.0,0.0,0.0,0.0,0.0,0.0,0.0,0.0,0.0,0.0,0.0,0.0,0.0,0.0,0.0,0.0,0.0023810807240058135,0.0,0.0,0.0,0.0,0.07266481701677897,0.0,0.0,0.0,0.0,0.0,0.0,0.0,0.0,0.0,-0.022848143744219843,0.0,0.0,0.0,0.0,0.0,0.0,0.0,0.0,0.0,0.0,0.0,0.0,0.0,0.0,0.0,0.0,0.0,0.0,0.0,0.0,0.0,0.0,0.0,0.0,-0.10208883604174923,-0.015695600475624256,0.08173803672876205,0.0,0.0,0.0,0.0,0.0,0.0,0.0,0.0,0.0,0.0,0.0,0.0,0.0,0.0,0.0,0.0,0.0,0.0,0.0,0.0,0.0,0.0,0.0,0.0,0.0,0.0,0.0,0.0,0.0,0.0,0.0,0.0,0.0,0.0,0.0,0.0,0.0,0.0,0.0,0.0,0.0,0.0,0.0,0.0,0.0,0.0,0.0,0.0,0.0,0.0,0.0,0.0,0.0,-0.03720438631259083,0.0,0.0,0.0,0.0,0.0,0.0,0.0,0.0,0.0,0.0,0.0,0.031898110714757566,0.0,0.10208883604174923,0.0,0.0,0.0,0.0,0.0,-0.00012556480380499405,0.0,0.0,0.0,0.0,0.0,0.0,0.0,0.0,0.0,0.022848143744219843,-0.027121997621878714,0.0,0.0,-0.019048645792046508,0.0,0.0,0.0,0.0,0.0,0.0,0.0,0.0
2024-11-30,0.0,0.0,0.0,0.0,0.0,0.0,0.0,0.0,0.0,-0.03720438631259083,0.0,0.0,0.0,0.0,0.0,0.0,0.0,0.0,0.0,0.0,-3.7204386312590835e-05,0.0,0.0,0.0,0.0,0.0,0.0,0.0,0.0,0.0,0.0,0.0,0.003390249702734839,0.0,0.0,-4.650548289073854e-06,0.0,0.0,0.0,0.10208883604174923,-0.003390249702734839,0.0,0.0,0.0,0.0061898797727573,0.0,0.0,0.0010045184304399524,0.0,0.0,-0.027121997621878714,0.0,0.0,0.0,0.0,0.0,-0.08173803672876205,-0.056583221033161574,0.0,-0.004650548289073853,0.0,0.0,0.0,0.0,0.0,0.0,0.0,0.0,0.0,0.0,0.0,0.0,0.0,0.0,0.0,0.0,0.0,0.0,0.0,0.0,0.0,0.0,0.0,0.0,0.04306872770511296,0.0,0.0,0.0,0.0,-0.010217254591095256,0.0,0.0,0.0,0.0,0.0,0.0,0.0,0.0,0.0,0.0,0.0,0.0,0.0,0.06428917954815695,0.09153674197384067,0.0,-0.09153674197384067,0.0,0.0,0.0,0.0,0.0,0.0,0.0,0.0,0.0005813185361342317,0.0,0.0,0.0,0.0,0.0,0.0,0.12,0.0,-0.10208883604174923,0.0,0.0,0.0,0.0,0.0,0.0,0.00012556480380499405,0.0,-0.06428917954815695,0.0,0.0,0.0,0.0,0.0,-0.0002976350905007267,0.0,0.0,0.0,0.0,0.0,0.0,0.0,0.0,-0.04306872770511296,-0.031898110714757566,0.0,0.0,0.0,0.0,0.0,0.0,0.0,-0.0015951380631523317,0.0,0.004650548289073853,0.0,0.0,0.0,0.0,0.0,0.0,0.0,0.0,0.0,0.0,0.0,0.0,0.0,0.0,0.0,0.0,0.0,0.0,0.0,0.0,0.0,0.0,0.0,0.0,0.0,0.022848143744219843,0.0,0.0,0.0,0.027121997621878714,0.0,0.0,0.0,0.0,0.0,0.0,0.0,0.0,0.010217254591095256,0.008036147443519619,0.0,0.0,0.0,0.0,0.0,0.0,0.0,0.0,0.0,0.0,0.0,0.0,-0.12,0.0,0.0,0.0,-0.0005813185361342317,0.0,0.0,0.0,0.0,0.0,0.0,0.0,0.0,0.08173803672876205,0.0,0.0,-0.07266481701677897,0.0,0.0,0.0,0.0,-0.00012556480380499405,0.019048645792046508,0.0,0.0,0.0,0.0,0.0,0.0,0.0,-0.0061898797727573,0.0,0.0,0.0,0.0,0.0,0.0015951380631523317,0.0,0.0,0.0,0.0,0.0,0.0,0.0,0.0,0.0,0.0,0.0,0.0,0.0,0.0,0.0,0.0,0.015695600475624256,0.0,0.0,0.0,0.0,0.0,0.0,0.0,0.0,0.0,0.0,0.0,0.0,0.0,0.0,0.0,0.0,0.0,0.0,0.0,-0.0010045184304399524,0.0,0.0,0.0,0.0,0.0,0.0,0.0,0.0,0.0,0.0,0.0,0.0,0.0,0.0,0.0,4.650548289073854e-06,0.0,0.0,0.0,0.0,0.0,0.0,-0.008036147443519619,0.0,0.0023810807240058135,0.0,-0.015695600475624256,0.0,0.0,0.0,0.0,0.0,0.0,0.0,0.0,0.0,0.0,0.0,0.0,0.0,0.0,0.0,0.0,0.0,0.0,0.0,0.031898110714757566,0.0,0.0,0.0,0.0,0.07266481701677897,0.0,0.0,0.0,0.0,0.0,0.0,0.0,0.0,-0.0495190381820584,0.0,0.0,0.0,-0.019048645792046508,0.0,0.0,0.0,0.0,0.0,0.0,0.0,0.0,0.0,0.0,0.0,0.0002976350905007267,0.0,0.0,0.0495190381820584,0.0,0.0,0.0,0.0,0.0,0.0,0.0,0.0,0.0,0.0,0.0,0.0,0.0,0.0,0.0,3.7204386312590835e-05,0.0,0.0,0.0,0.0,0.0,0.0,0.0,0.0,0.0,0.0,0.0,0.0,0.0,0.0,0.0,0.0,0.0,0.0,0.0,-0.0023810807240058135,0.03720438631259083,0.0,0.0,0.0,0.0,0.0,0.0,0.0,0.0,0.0,0.0,0.0,0.0,0.0,0.0,0.0,0.0,0.0,0.0,0.0,0.0,0.0,0.0,0.0,0.0,0.0,0.0,0.0,0.0,0.0,0.0,0.0,0.0,0.0,0.0,0.0,0.0,0.0,0.0,0.0,0.0,0.0,0.0,0.0,0.0,0.0,0.0,0.0,0.0,0.0,0.0,0.0,0.0,0.0,-0.11342222222222222,0.0,0.0,0.0,0.0,0.0,0.0,0.0,0.0,0.0,0.0,0.0,0.056583221033161574,0.0,0.11342222222222222,0.0,0.0,0.0,0.0,0.0,-0.012761104505218654,0.0,0.0,0.0,0.0,0.0,0.0,0.0,0.0,0.0,0.012761104505218654,-0.022848143744219843,0.0,0.0,0.0,0.0,0.0,0.0,0.0,0.0,0.0,0.0,0.0
2024-12-31,0.0,0.0,0.0,0.0,0.0,0.0,0.0,0.0,0.0,-0.022848143744219843,0.0,0.0,0.0,0.0,0.0,0.0,0.0,0.0,0.0,0.0,-0.012761104505218654,0.0,0.0,0.0,0.0,0.0,0.0,0.0,0.0,0.0,0.0,0.0,0.0,0.0,0.0,-0.0002976350905007267,0.0,0.0,0.0,0.11342222222222222,-0.0005813185361342317,0.0,0.0,0.0,4.650548289073854e-06,0.0,0.0,0.0010045184304399524,0.0,0.0,-0.027121997621878714,0.0,0.0,0.0,0.0,0.0,0.0,-0.010217254591095256,-0.019048645792046508,-0.003390249702734839,0.0,0.0,0.0,0.0,0.0,0.0,0.0,0.0,0.0,0.0,0.0,0.0,0.0,0.0,0.0,0.0,0.0,0.0,0.0,0.0,0.0,3.7204386312590835e-05,0.0,0.0,0.031898110714757566,0.0,0.0,0.0,0.0,-0.04306872770511296,0.0,0.0,0.0,0.0,0.0,0.0,0.0,0.0,0.0,0.0,-0.10208883604174923,0.0,0.0,0.06428917954815695,0.08173803672876205,0.0,0.0,0.0,0.0,0.0,0.0,0.0,0.0,0.0,0.0,0.0,0.0,0.0,0.0,0.0,0.0,0.0,0.12,-0.06428917954815695,0.0,0.0,0.0,0.0023810807240058135,0.0,0.0,0.0,0.0,0.0,-0.0023810807240058135,0.0,0.0,0.0,0.0,0.0,-0.00012556480380499405,0.0,0.0,0.0,0.0,0.0,0.0,0.0,0.0,-0.056583221033161574,0.0,0.0,0.008036147443519619,0.0,0.0,0.0,-0.12,0.0,-3.7204386312590835e-05,0.0,0.004650548289073853,0.0,0.0,0.0,-0.07266481701677897,0.0,0.0,0.0,0.0,0.0,0.0,0.0,0.0,0.0,0.0,0.0,0.0,0.0,0.0,0.0,0.0,0.0,0.0,0.0,0.0,0.0,0.022848143744219843,0.0,0.0,0.0,0.0061898797727573,0.0,0.0,0.0,0.0,0.0,0.0,0.0,0.0,0.012761104505218654,0.0,0.0,0.0,0.010217254591095256,0.0,0.0,0.0,0.0,0.0,0.0002976350905007267,0.0,0.0,-0.11342222222222222,0.0,0.0,0.0,0.0,-0.0015951380631523317,0.0,0.0,0.0,0.0,0.0,-0.09153674197384067,0.0,0.0,0.056583221033161574,0.0,0.0,0.0,0.0,0.0,0.0,0.0,-4.650548289073854e-06,0.015695600475624256,0.0,0.0,0.0,0.0,0.0,0.0,0.0,-0.0010045184304399524,0.0,0.0,0.0,0.0,0.0,0.0015951380631523317,0.0,0.0,0.0,0.0,0.0,0.0,0.0,0.0,0.0,0.0,0.0,0.0,0.0,0.0,0.0,0.0,0.03720438631259083,0.0,0.0,0.0,0.0,0.0,0.0,0.0,0.0,0.0,0.0,0.0,0.0,0.0,0.0,0.0,0.0,0.0,0.0,0.0,-0.008036147443519619,0.0,0.0,0.0,0.0,0.0,0.0,0.0,0.0,0.0,0.0,0.0,0.0,0.0,0.0,0.0,0.0,0.0,0.0,0.0,0.0,0.0,0.0,-0.031898110714757566,0.0,0.0,0.0,-0.0495190381820584,0.0,0.0,0.0,0.0,0.0,0.0,0.0,0.0,0.0,0.0,0.0,0.0,0.0,0.0,0.0,0.0,-0.0061898797727573,0.0,0.0,0.003390249702734839,0.0,0.0,0.0,0.0,0.09153674197384067,0.0,0.0,0.0,0.0,0.0,0.0,0.0,0.0,0.0,0.0,0.0,0.0,-0.015695600475624256,0.0,0.0,0.0,0.0,0.0,0.0,0.0,0.0,0.0,0.0,0.0,0.0,0.0,0.0,0.07266481701677897,0.0,0.0,0.0,0.0,0.0,0.0,0.0,0.0,0.0,0.0,0.0,0.0,0.0,0.0,0.0,0.027121997621878714,0.0495190381820584,0.0,0.0,0.0,0.0,0.0,0.0,0.0,0.0,0.0,0.0,0.0,0.0,0.0,0.0,0.0,0.0,0.0,0.0,-0.004650548289073853,0.00012556480380499405,0.0,0.0,0.0,0.0,0.0,0.0,0.0,0.0,0.0,0.0,0.0,0.0,0.0,0.0,0.0,0.0,0.0,0.0,0.0,0.0,0.0,0.0,0.0,0.0,0.0,0.0,0.0,0.0,0.0,0.0,0.0,0.0,0.0,0.0,0.0,0.0,0.0,0.0,0.0,0.0,0.0,0.0,0.0,0.0,0.0,0.0,0.019048645792046508,0.0,0.0,0.0,0.0,0.0,0.0,0.0,0.0,0.0,0.0,0.0,0.0,0.0,0.0,0.0,0.0,0.0,-0.08173803672876205,0.04306872770511296,0.0,0.10208883604174923,0.0,0.0,0.0,0.0,0.0,-0.03720438631259083,0.0,0.0,0.0,0.0,0.0,0.0,0.0,0.0,0.0,0.0,0.0,0.0,0.0,0.0,0.0,0.0,0.0,0.0005813185361342317,0.0,0.0,0.0,0.0
2025-01-31,0.0,0.0,0.0,0.0,0.0,0.0,0.0,-0.07266481701677897,0.0,-0.019048645792046508,0.0,0.0,0.0,0.0,-0.10208883604174923,0.0,0.0,0.0,0.0,-0.027121997621878714,0.0,0.0,0.0,0.0,0.0,0.0,0.0,0.0,0.0,0.0,0.0,0.0,0.0,0.0,0.0,-0.0010045184304399524,0.0,0.0,0.0,0.12,-0.004650548289073853,0.0,0.0,0.0,0.0,0.0,0.0,0.0495190381820584,0.0,0.0,-0.003390249702734839,0.0,0.0,0.0,0.0,0.0,0.0,-0.0061898797727573,-0.0495190381820584,-0.0023810807240058135,0.0,0.0,0.0,0.0,0.0,0.0,0.0,0.0,0.0,0.0,0.0,0.0,0.0,0.0,0.0,0.0,0.0,0.0,0.0,0.0,0.0,0.0,0.0,-0.04306872770511296,0.003390249702734839,0.0,0.0,0.0,0.0,0.0,0.0,0.0,0.0,0.0,0.0,0.0,0.0,0.0,0.0,0.0,-0.031898110714757566,0.0,0.0,0.027121997621878714,0.07266481701677897,0.0,0.0,0.0,0.0,0.0,0.0,0.0,0.0,0.0,0.0,0.0,0.0,0.0,0.0,0.0,0.0,0.0,0.11342222222222222,0.0,0.0,0.0,0.0,0.0,0.0,0.0,0.0,0.0,0.0,-0.0002976350905007267,0.0,0.0,0.0,0.0,0.0,-4.650548289073854e-06,0.0,0.0,0.0,0.0,0.0,0.0,0.0,0.0,-0.11342222222222222,-0.015695600475624256,0.0,0.031898110714757566,0.0,0.0,0.0,0.0,0.0,-0.00012556480380499405,-0.06428917954815695,0.010217254591095256,0.0,0.0,0.0,0.0,0.0,0.0,0.0,0.0,0.0,0.0,0.0,0.0,0.0,0.0,0.0,0.0,0.0,0.0,0.0,0.0,0.0,0.0,0.0,0.0,0.0,0.0023810807240058135,0.0,0.0,0.0,0.022848143744219843,3.7204386312590835e-05,0.0,0.0,0.0,0.0,0.0,0.0,0.0,0.0,0.0,0.0,0.0,0.012761104505218654,0.0,0.0,0.0,0.0,0.0,0.0,0.0,0.0,0.0,0.0,0.0,0.0,0.0,-0.12,0.0,0.0,0.0,0.0,0.0,0.0,0.0,0.0,0.10208883604174923,0.0,0.0,0.0,0.0,0.0,0.0,0.0,-0.0005813185361342317,0.008036147443519619,0.015695600475624256,0.0,0.0,0.0,0.0,0.0,0.0,-3.7204386312590835e-05,0.0,0.0,0.0,0.0,0.0,0.0,0.0,0.0,0.0,0.0,0.0,0.0,0.0,0.0,0.0,0.0,0.0,0.0,0.0,0.0,0.0,0.0,0.0010045184304399524,0.0,0.0,0.0,0.0,0.0,0.0,0.0,0.0,0.0,0.0,0.0,0.0,0.0,0.0002976350905007267,0.0,0.0,0.0,0.0,0.0,-0.010217254591095256,0.0,0.0,0.0,0.0,0.0,0.0,0.0,0.0,0.0,-0.03720438631259083,0.0,0.0,0.0,0.0,0.0,0.0,0.0,0.0,0.0,0.0,0.0,0.0,-0.012761104505218654,0.0,0.0,0.0,-0.0015951380631523317,0.0,0.0,0.0,0.0,0.0,0.0,0.0,0.0,0.0,0.0,0.0,0.0,0.0,0.0,0.0,0.0,-0.008036147443519619,0.0,0.0,0.0015951380631523317,0.0,0.0,0.0,0.0,0.04306872770511296,0.0,0.0,0.0,0.0,0.0,0.0,0.0,0.0,0.0,0.0,0.0,0.0,-0.056583221033161574,0.0,0.0,0.0,0.0,0.0,0.0,0.0,0.0,0.0,0.0,0.0,0.0,0.0,0.0,0.08173803672876205,0.0,0.0,0.0,0.0,0.0,0.0,0.0,0.0,0.0,-0.022848143744219843,0.0,0.0,0.0,0.0,0.0,0.004650548289073853,0.06428917954815695,0.0,0.0,0.0,0.0,0.0,0.0,0.0,0.0,0.0,0.0,0.0,0.0,0.0,0.0,0.0,0.0,0.0,0.0,-0.08173803672876205,0.0,0.0,0.0,0.0,0.0,0.0,0.0,0.0,0.0,0.0,0.0,0.0,0.0,0.0,0.0,0.0,0.00012556480380499405,0.0,0.0,0.0,0.0,0.0,0.0,0.0,0.0,0.0,0.0,0.0,0.0,0.0,0.0,0.0,0.056583221033161574,0.0005813185361342317,0.0061898797727573,0.0,0.0,0.0,0.0,0.0,0.0,0.0,0.0,0.0,0.0,0.0,0.0,0.019048645792046508,0.0,0.0,0.0,0.0,0.0,0.0,0.0,0.0,0.0,0.0,0.0,0.0,0.0,0.0,0.0,0.0,0.0,-0.09153674197384067,0.03720438631259083,0.0,0.09153674197384067,0.0,0.0,0.0,0.0,0.0,0.0,0.0,0.0,0.0,0.0,0.0,0.0,0.0,0.0,0.0,4.650548289073854e-06,0.0,0.0,0.0,0.0,0.0,0.0,0.0,0.0,0.0,0.0,0.0,0.0
2025-02-28,0.0,0.0,0.0,0.0,0.0,0.0,0.0,-0.10208883604174923,0.0,-0.04306872770511296,0.0,0.0,0.0,0.0,-0.06428917954815695,0.0,0.0,0.0,0.0,0.0,-0.004650548289073853,0.0,0.0,0.0,0.0,0.0,0.0,0.0,0.0,0.0,0.0,0.0,0.0005813185361342317,0.0,0.0,-0.0061898797727573,0.0,0.0,0.0,0.12,-0.012761104505218654,0.0,0.0,0.0,0.019048645792046508,0.0,0.0,0.056583221033161574,0.0,0.0,-0.010217254591095256,0.0,0.0,0.0,0.0,0.0,-0.031898110714757566,-0.008036147443519619,0.0,-0.0005813185361342317,0.0,0.0,0.0,0.0,0.0,0.0,0.0,0.0,0.0,0.0,0.0,0.0,0.0,0.0,0.0,0.0,0.0,0.0,0.0,0.0,0.0,0.0,0.0,-0.11342222222222222,0.0061898797727573,0.0,0.0,0.0,0.0,0.0,0.0,0.0010045184304399524,0.0,0.0,0.0,0.0,0.0,0.0,0.0,0.0,0.0,0.0,0.0,0.027121997621878714,0.004650548289073853,0.0,0.0,0.0,0.0,0.0,0.0,0.0,0.0,0.0,0.0,0.0,0.0,0.0,0.0,0.0,0.0,0.0,0.10208883604174923,-0.0023810807240058135,0.0,0.0,0.0,0.0,0.0,0.0,0.0,0.0023810807240058135,0.0,-0.0015951380631523317,0.0,0.0,0.0,0.0,0.0,-0.00012556480380499405,0.0,0.0,-0.09153674197384067,0.0,0.0,0.0,0.0,0.0,-0.0495190381820584,-0.022848143744219843,0.0,0.0,0.0,0.0,0.0,0.0,0.0,-0.0002976350905007267,0.0,0.015695600475624256,0.0,0.0,0.0,0.0,0.0,0.0,0.0,0.0,0.0,0.0,0.0,0.0,0.0,0.0,0.0,0.0,0.0,0.0,0.0,0.0,0.0,0.0,0.0,0.0,0.0,0.0,0.0,0.0,0.0,0.022848143744219843,0.0,0.0,0.0,0.0,0.0,0.0,0.0,0.0,0.00012556480380499405,0.0,0.0,0.0,0.031898110714757566,0.0,0.0,0.0,0.0,0.0,0.0,0.0,0.0,0.0,0.0,0.0,0.0,0.0,-0.12,0.0,0.0,0.0,0.0,0.0,0.0,0.0,0.0,0.07266481701677897,0.0,0.0,0.0,0.0,0.0,0.0,0.0,-0.0010045184304399524,0.008036147443519619,0.012761104505218654,0.0,0.0,-0.056583221033161574,0.0,0.0,0.0,-4.650548289073854e-06,0.0,0.0,0.0,0.0,0.0,0.0,0.0,0.0,0.0,0.0,0.0,0.0,0.0,0.0,0.0,0.0,0.0,0.0,0.0,0.0,0.0,0.0,0.0,0.0,0.0,0.0,0.0,0.0,0.0,0.0,0.0,0.0,0.0,0.0,0.0,0.0,0.0,0.0,0.0,0.0,0.0,0.0,0.0,0.0,0.0,0.0,0.0,0.0,0.0,0.0,0.0,0.0,-0.003390249702734839,0.0,0.0,0.0,0.0,0.0,0.0,0.0,0.0,0.0,0.0,0.0,0.0,-0.015695600475624256,0.0,0.0,0.0,-3.7204386312590835e-05,0.0,0.0002976350905007267,0.0,0.0,0.0,0.0,0.0,0.0,0.0,0.0,0.0,0.0,0.0,0.0,3.7204386312590835e-05,0.0,-0.027121997621878714,0.0,0.0,0.0,0.0,0.0,0.0,-0.019048645792046508,0.06428917954815695,0.0,0.0,0.0,0.0,0.0,0.0,0.0,0.0,-0.08173803672876205,0.0,0.0,0.0,0.0,0.0,0.0,0.0,0.0,0.0,0.0,0.0,0.0,0.0,0.0,0.0,0.0,0.0,0.0,0.11342222222222222,0.0,0.0,0.0,0.0,0.0,0.0,0.0,0.0,0.0,-0.03720438631259083,0.0,0.0,0.0,0.0,0.0,0.0,0.08173803672876205,0.0,0.0,0.0,0.0,0.0,0.0,0.0,0.0,0.0,0.0,0.0,0.0,0.0,0.0,0.0,0.0,0.0,0.0,-0.07266481701677897,4.650548289073854e-06,0.0,0.0,0.0,0.0,0.0,0.0,0.0,0.0,0.0,0.0,0.0,0.0,0.0,0.0,0.0,0.0,0.0,0.0,0.0,0.0,0.0,0.0,0.0,0.0,0.0,0.0,0.0,0.0,0.0,0.0,0.0,0.03720438631259083,0.0015951380631523317,0.010217254591095256,0.0,0.0,0.0,0.0,0.0,0.0,0.0,0.0,0.0,0.0,0.0,0.0,0.0495190381820584,0.0,0.0,0.0,0.0,0.0,0.0,0.0,0.0,0.0,0.0,0.0,0.0,0.0,0.0,0.0,0.0,0.0,0.0,0.04306872770511296,0.0,0.09153674197384067,0.0,0.0,0.0,0.0,0.0,0.0,0.0,0.0,0.0,0.0,0.0,0.0,0.0,0.0,0.0,0.003390249702734839,0.0,0.0,0.0,0.0,0.0,0.0,0.0,0.0,0.0,0.0,0.0,0.0
2025-03-31,0.0,0.0,0.0,0.0,0.0,0.0,0.0,-0.010217254591095256,0.0,0.0,0.0,0.0,0.0,0.0,-0.031898110714757566,0.0,0.0,0.0,0.0,-0.09153674197384067,-0.07266481701677897,0.0,0.0,0.0,0.0,0.0,-0.003390249702734839,0.0,0.0,0.0,0.0,0.0,0.0,0.0,0.0,-0.0061898797727573,0.0,0.0,0.0,0.12,-0.08173803672876205,0.0,0.0,0.0,0.0005813185361342317,0.0,0.0,0.0495190381820584,0.0,0.0,0.0,0.0,0.0,0.0,0.0,0.0,0.0,-0.0010045184304399524,0.0,-0.0002976350905007267,0.0,0.0,0.0,0.0,0.0,0.0,0.0,0.0,0.0,0.0,0.0,0.0,0.0,0.0,0.0,0.0,0.0,0.0,0.0,0.0,0.0,0.0,0.0,0.0,0.03720438631259083,0.0,0.0,0.0,0.0,0.0,0.0,0.0,0.0,0.0,0.0,-0.015695600475624256,0.0,0.0,0.0,0.0,0.0,0.0,0.0,4.650548289073854e-06,0.06428917954815695,0.0,0.0,0.0,0.0,0.0,0.0,0.0,0.0,-0.11342222222222222,0.0,0.0,0.0,0.0,0.0,0.0,0.0,0.0,0.11342222222222222,0.0,0.0,0.0,0.0,0.0,0.0,0.0,0.0,0.0,0.0,-0.00012556480380499405,0.0,0.0,0.0,0.0,0.0,-0.0005813185361342317,0.0,0.0,-0.03720438631259083,0.0,0.0,0.0,0.0,0.0,0.0,-0.12,0.0,0.010217254591095256,0.0,0.0,0.0,0.0,0.0,-0.0023810807240058135,0.0,0.003390249702734839,0.0,0.0,0.0,0.0,0.0,0.0,0.0,0.0,0.0,0.0,0.0,0.0,0.0,0.0,0.0,0.0,0.0,0.0,0.0,0.0,0.0,0.0,0.0,0.0,0.0,0.0,0.0,0.0,0.0,0.0061898797727573,0.0,0.0,0.0,0.0,0.0,0.0,0.0,0.0,0.00012556480380499405,3.7204386312590835e-05,0.0,0.0,0.04306872770511296,0.0,0.0,0.0,0.0,0.0,0.0,0.0,0.0,0.0,0.0,0.0,0.0,0.0,-0.022848143744219843,0.0,0.0,0.0,0.0,0.0,0.0,0.0,0.0,0.10208883604174923,0.0,0.0,0.0,0.0,0.0,-0.06428917954815695,0.0,0.0,0.015695600475624256,0.027121997621878714,0.0,0.0,0.0,0.0,0.0,0.0,-3.7204386312590835e-05,0.0,0.0,0.0,0.0,0.0,0.0,0.0,0.0,0.0,0.0,0.0,0.0,0.0,0.0,0.0,0.0,0.0,0.0,0.0,0.0,0.0,0.0,0.0,0.0,0.0,0.0,0.0,0.0,0.0,0.0,0.0,0.0,0.0,0.0,0.0,0.0,0.0,0.0,0.0,0.0,0.0,0.0,0.0,0.0,0.0,0.0,0.0,0.0,0.0,0.0,0.0,0.0,-0.0015951380631523317,0.0,0.0,-0.04306872770511296,0.0,0.0,0.0,-0.10208883604174923,0.0,0.0,0.0010045184304399524,0.0,0.0,0.0,0.0,0.0,0.0,-4.650548289073854e-06,0.0,0.0,0.0,0.0,0.0,0.0,0.0,0.0,0.0,0.0,0.0,0.0,0.0,0.0,0.0,0.0,-0.056583221033161574,0.0,0.0,0.0002976350905007267,0.0,0.0,0.0,-0.004650548289073853,0.0023810807240058135,0.0,0.0,0.0,0.0,0.0,0.0,0.0,0.0,-0.019048645792046508,0.0,0.0,0.0,0.0,0.0,0.0,0.0,0.0,0.0,0.0,0.0,0.0,0.0,0.0,0.0,0.0,0.0,0.0,0.09153674197384067,0.0,0.0,0.0,0.0,0.0,0.0,0.0,0.0,0.0,-0.0495190381820584,0.0,0.0,0.0,0.0,0.0,0.004650548289073853,0.08173803672876205,0.0,-0.008036147443519619,0.0,0.0,0.0,0.0,0.0,0.0,0.0,0.0,0.0,0.0,0.0,0.0,0.0,0.0,0.0,0.0,0.0,-0.012761104505218654,0.0,0.0,0.0,0.0,0.0,0.0,0.0,0.0,0.0,0.0,0.0,-0.027121997621878714,0.0,0.0,0.0,0.0,0.0,0.0,0.0,0.0,0.0,0.0,0.0,0.0,0.0,0.0,0.0,0.0,0.0,0.0,0.0,0.056583221033161574,0.0015951380631523317,0.019048645792046508,0.0,0.0,0.0,0.0,0.012761104505218654,0.0,0.0,0.0,0.0,0.0,0.0,0.0,0.031898110714757566,0.0,0.0,0.0,0.0,0.0,0.0,0.0,0.0,0.0,0.0,0.0,0.0,0.0,0.0,0.0,0.0,0.0,0.0,0.008036147443519619,0.0,0.07266481701677897,0.0,0.0,0.0,0.0,0.0,0.0,0.0,0.0,0.0,0.0,0.0,0.0,0.0,0.0,0.0,0.022848143744219843,0.0,0.0,0.0,0.0,0.0,0.0,0.0,0.0,0.0,0.0,0.0,0.0
2025-04-30,0.0,0.0,0.0,0.0,0.0,0.0,0.0,0.0,0.0,0.0,0.0,0.0,0.0,0.0,0.0,0.0,0.0,0.0,0.0,-0.0495190381820584,-0.0015951380631523317,-0.008036147443519619,0.0,0.0,0.0,0.0,-0.00012556480380499405,0.0,0.0,0.0,0.0,0.0,0.0,0.0,0.0,-0.03720438631259083,0.0,0.0,0.0,0.12,0.0,0.0,0.0,0.0,0.0,0.0,0.0,0.008036147443519619,0.0,0.0,0.0,0.0,0.0,0.0,0.0,0.0,0.0,-0.0010045184304399524,0.0,-0.0061898797727573,0.0,0.0,0.0,0.0,0.0,0.0,0.0,0.0,0.0,0.0,0.0,0.0,0.0,0.0,0.0,0.0,0.0,0.0,0.0,0.0,0.0,0.0,0.0,-0.06428917954815695,0.0,0.0,0.0,0.0,0.0,0.0,0.0,0.0,0.0,0.0,0.0,0.0,0.0,0.0,0.0,0.0,-0.08173803672876205,0.0,0.0,0.0,0.0,0.0,0.0,0.0,0.0,0.0,0.0,0.0,0.0,-0.012761104505218654,0.0,0.0,0.0,0.0,0.0,0.0,0.0,0.0,0.08173803672876205,0.0,0.0,0.0,0.0,0.0,0.0,0.0,0.0,0.0,0.0,-0.0005813185361342317,0.0,0.0,0.0,0.0,0.0,-3.7204386312590835e-05,0.0,0.0,-0.027121997621878714,0.0,0.0,0.0,0.0,0.0,0.0,0.0,0.0,0.056583221033161574,0.0,0.0,0.0,0.0,0.0,-0.0002976350905007267,0.0,0.0,0.0,0.0,0.0,0.0,0.0,0.0,0.0,0.0,0.0015951380631523317,0.0,0.0,0.0,0.0,0.0,0.0,0.0,0.0,0.0,0.0,0.0,0.0,0.0,0.0,0.0,0.0,0.0,0.0,0.0,0.0,0.0,0.0,0.015695600475624256,0.0061898797727573,0.0,0.0,0.0,0.0,0.0,0.0,0.0005813185361342317,0.0,0.0,0.0495190381820584,0.0,0.0,0.0,0.0,0.0,0.0,0.0,0.0,0.0,0.0,0.0,0.0,0.0,-0.12,0.0,0.0,0.0,0.0,0.0,-0.010217254591095256,0.0,0.0,0.09153674197384067,0.0,0.0,0.0,0.0,0.0,0.0,0.0,0.0,0.03720438631259083,0.012761104505218654,0.0,0.0,-0.10208883604174923,0.0,0.0,0.0,-0.004650548289073853,0.0,0.0,0.0010045184304399524,-0.11342222222222222,0.0,0.0,0.0,0.0,0.0,0.0,0.0,0.0,0.0,0.0,0.0,0.0,0.0,0.0,0.0,0.0,0.0,0.0,0.0,0.0,0.0,0.0,0.0,0.0,0.0,0.0,0.0,0.0,0.0,0.0,0.0,0.0,0.0,0.0,0.0,0.0,0.0,0.0,0.0,0.0,0.0,0.0,0.0,0.0,0.0,0.0,0.0,0.0,-0.031898110714757566,0.0,0.0,0.0,0.0,0.0,0.0,0.0,0.0,0.0,0.027121997621878714,0.0,0.0,0.0,0.0,0.0,-0.056583221033161574,-4.650548289073854e-06,0.0,0.0,0.0,0.0,0.0,0.0,0.0,0.0,0.0,0.0,0.0,0.0,0.0,0.0,0.0,0.0,0.0,0.0,0.0,0.019048645792046508,0.0,0.0,0.0,-0.09153674197384067,0.0,0.0,0.0,0.0,0.0,0.0,0.0,0.0,0.0,-0.0023810807240058135,0.0,0.0,0.0,0.0,0.0,0.0,0.0,0.0,0.0,0.0,0.0,0.0,0.0,0.0,0.0,0.0,0.0,0.0,0.10208883604174923,0.003390249702734839,0.0,0.0,0.0,0.0,0.0,0.0,0.0,0.0,0.0,0.0,0.0,0.0,0.0,0.0,0.022848143744219843,0.11342222222222222,0.0,-0.07266481701677897,0.0,0.0,0.0,0.0,0.0,0.0,0.0,0.0,0.0,0.0,0.0,0.0,0.0,0.0,0.0,0.0,0.0,-0.003390249702734839,0.0,0.0,0.0,0.0,0.0,0.0,0.0,0.0,0.0,0.0,0.0,-0.04306872770511296,0.0,0.0,-0.015695600475624256,0.0,0.0,0.0,0.0002976350905007267,0.0,0.0,0.0,0.0,0.0,0.0,0.0,0.0,0.0,0.0023810807240058135,0.0,0.0,0.07266481701677897,0.010217254591095256,0.031898110714757566,0.0,0.0,0.0,0.0,0.0,0.0,0.0,0.0,0.0,0.0,0.0,0.0,0.04306872770511296,0.0,0.0,0.0,-0.019048645792046508,0.0,0.0,0.0,0.0,0.0,0.0,0.0,0.0,0.0,0.0,0.0,0.0,0.0,0.0,0.0,0.0,0.06428917954815695,0.00012556480380499405,0.0,0.0,0.0,0.0,0.0,0.0,0.0,0.0,3.7204386312590835e-05,0.0,0.0,0.0,4.650548289073854e-06,0.0,0.004650548289073853,-0.022848143744219843,0.0,0.0,0.0,0.0,0.0,0.0,0.0,0.0,0.0,0.0,0.0
2025-05-31,0.0,0.0,0.0,0.0,0.0,0.0,0.0,0.0,0.0,0.0,0.0,0.0,0.0,0.0,0.0,0.0,0.0,0.0,0.0,0.0,-0.0023810807240058135,-0.0002976350905007267,0.0,0.0,0.0,0.0,-0.004650548289073853,0.0,0.0,0.0,0.0,0.0,0.0,0.0,0.0,-0.022848143744219843,0.0,0.0,0.0,0.12,0.0,0.0,0.0,0.0,0.0,0.0,0.0,0.03720438631259083,0.0,0.0,0.0,0.0,0.0,0.0,0.0,0.0,0.0,-0.07266481701677897,0.0,-0.019048645792046508,0.0,0.0,-0.056583221033161574,0.0,0.0,0.0,0.0,0.0,0.0,0.0,0.0,0.0,0.0,0.0,0.0,0.0,0.0,0.0,0.0,0.0,0.0,0.0,0.0,-0.04306872770511296,0.0,0.0,0.0,0.0,0.0,0.0,0.0,0.0,0.0,0.0,0.0,0.0,0.0,0.0,0.0,0.0,0.0,0.0,0.0,0.0,0.0,0.0,0.0,0.0,0.0,0.0,0.0,0.0,0.0,-0.0061898797727573,0.0,0.0,0.0,0.0,0.0,0.0,0.0,0.0,0.09153674197384067,0.0,0.0,0.0,0.0,0.0,0.0,0.0,0.0,0.0,0.0,-0.015695600475624256,0.0,0.0,0.0,0.0,0.0,-0.003390249702734839,0.0,0.0,-0.027121997621878714,0.0,0.0,0.0,0.0,0.0,0.0,-0.0005813185361342317,0.0,0.04306872770511296,0.0,0.0,0.0,0.0,0.0,-0.00012556480380499405,0.0,0.0,0.0,0.0,0.0,0.0,0.0,0.0,0.0,0.0,0.0061898797727573,0.0,0.0,0.0,0.0,0.0,0.0,0.0,0.0,0.0,0.0,0.0,0.0,0.0,0.0,0.0,0.0,0.0,0.0,0.0,0.0,0.0,0.0,0.027121997621878714,0.022848143744219843,0.0,0.0,0.0,0.0,0.0,0.0,0.0,0.0,0.0,0.06428917954815695,0.0002976350905007267,0.0,0.0,0.0,0.0,0.0,0.0,0.0,0.0,0.0,0.0,0.0,0.0,-0.06428917954815695,0.0,0.0,0.0,0.0,0.0,0.0,0.0,0.0,0.07266481701677897,0.0,0.0,0.0,0.0,0.0,0.0,0.0,0.0,0.0495190381820584,3.7204386312590835e-05,0.0,0.0,0.0,0.0,0.0,0.0,-0.008036147443519619,0.0,0.0,0.0,-0.12,0.0,0.0,0.0,0.0,0.0,0.0,0.0,0.0,0.0,0.0,0.0,0.0,0.0,0.0,0.0,0.0,0.0,0.0,0.0,0.0,0.0,0.0005813185361342317,0.0,0.0,0.0,0.0,0.0,0.0,0.0,0.0,0.0,0.0,0.0,0.0,0.0,0.0,0.0,0.0,0.0,0.0,0.0,0.0,0.0,0.0,0.0,0.0,0.0,0.0,-0.0010045184304399524,0.0,0.0,0.0,0.0,0.0,0.0,-0.031898110714757566,0.0,0.0,0.012761104505218654,0.0,0.0,0.0,0.0,0.0,-0.09153674197384067,-4.650548289073854e-06,0.0,0.0,0.0,0.0,0.0,0.0,0.0,0.0,0.0,0.0,0.0,0.0,0.0,0.0,4.650548289073854e-06,0.0,0.0,0.0,0.0,0.0,0.0,0.0,0.0,-0.0495190381820584,0.0,0.0,0.0,0.0,0.0,0.0,0.0,0.0,0.0,-0.0015951380631523317,0.0,0.0,0.0,0.0,0.0,0.0,0.0,0.0,0.0,0.0,0.0,0.0,0.0,0.0,0.0,0.0,0.0,0.0,0.11342222222222222,0.019048645792046508,0.0,0.0,0.0,0.0,0.0,0.0,0.0,0.0,0.0,0.0,0.0,0.0,0.0,0.0,0.0,0.10208883604174923,0.0,-0.08173803672876205,0.0,0.0,0.0,0.0,0.0,0.0,0.0,0.0,0.0,0.0,0.0,0.0,0.0,0.0,0.0,0.0,0.0,-3.7204386312590835e-05,0.0,0.0,0.0,0.0,0.0,0.0,0.0,0.0,0.0,0.0,0.0,-0.10208883604174923,0.0,0.0,-0.03720438631259083,0.0,0.0,0.0,0.008036147443519619,0.0,0.0,0.0,0.0,0.0,0.0,0.0,-0.012761104505218654,0.0,0.015695600475624256,0.0,0.0023810807240058135,0.08173803672876205,0.0015951380631523317,0.031898110714757566,0.0,0.0,0.0,0.0,0.010217254591095256,0.0,0.0,0.0,0.0,0.0,0.0,0.0,0.004650548289073853,0.0,0.0,0.0,0.0,0.0,0.0,0.0,0.0,0.0,0.0,0.0,0.0,0.0,0.0,0.0,0.0,0.0,0.0,0.0,0.0,0.056583221033161574,0.0010045184304399524,0.0,0.0,0.0,0.0,0.0,0.0,0.0,0.0,0.003390249702734839,0.0,0.0,0.00012556480380499405,0.0,0.0,0.0,-0.010217254591095256,0.0,0.0,0.0,0.0,0.0,0.0,-0.11342222222222222,0.0,0.0,0.0,0.0
2025-06-30,0.0,0.0,0.0,0.0,0.0,0.0,0.0,0.0,0.0,0.0,0.0,0.0,0.0,0.0,-0.031898110714757566,0.0,0.0,0.0,0.0,0.0,-0.0005813185361342317,-0.03720438631259083,0.0,0.0,0.0,0.0,-0.022848143744219843,0.0,0.0,0.0,0.0,0.0,0.0,0.0,0.0,-0.0010045184304399524,0.0,0.0,0.0,0.11342222222222222,0.0,-0.06428917954815695,0.0,0.0,0.0015951380631523317,0.0,0.0,0.056583221033161574,0.0,0.0,0.0,0.0,0.0,0.0,0.0,0.0,0.0,0.0,0.0,-0.003390249702734839,0.0,0.0,0.0,0.0,0.0,0.0,0.0,0.0,0.0,0.0,0.0,0.0,0.0,0.0,0.0,0.0,0.0,0.0,0.0,0.0,0.0,0.0,0.0,-0.11342222222222222,0.0,0.0,0.0,0.0,0.0,0.0,0.0,0.0,0.0,0.0,0.0,0.0,0.0,0.0,0.0,0.0,0.0,0.0,0.0,0.0,0.0,0.0,0.0,0.0,0.0,0.0,0.0,0.0,0.0,-0.0015951380631523317,0.0,0.012761104505218654,0.0,0.0,0.0,0.0,0.0,0.0,0.08173803672876205,0.0,0.0,0.0,0.0,0.0,0.0,0.0,0.0,0.0,0.0,0.0,0.0,0.0,0.0,0.0,0.0,0.0,0.0,0.0,-0.004650548289073853,0.0,0.0,0.0,0.0,0.0,-0.019048645792046508,-0.027121997621878714,0.0,0.0,0.0,0.0,0.0,0.0,0.0,-3.7204386312590835e-05,0.0,0.0,0.0,0.0,0.0,0.0,0.0,0.0,0.0,0.0,0.0,0.0,0.0,0.0,0.0,0.0,0.0,0.0,0.0,-0.10208883604174923,0.0,0.0,0.0,0.0,0.0,0.0,4.650548289073854e-06,0.022848143744219843,0.0,0.0,0.0,0.0,0.0,0.0010045184304399524,0.0005813185361342317,0.0,0.0,0.010217254591095256,0.0,0.0,0.0,0.0,0.0,0.0,0.06428917954815695,0.0061898797727573,0.0,3.7204386312590835e-05,0.0,0.0,0.0,0.0,0.0,0.0,-0.056583221033161574,0.0,0.0,0.0,-0.0023810807240058135,0.0,0.0,0.0,0.0,0.0,0.0,0.0,0.0,0.09153674197384067,0.0,0.0,0.0,0.0,0.0,0.0,0.0,0.0,0.0495190381820584,0.0,0.0,0.0,0.0,0.0,0.0,0.0,0.0,0.0,0.0,0.0,-0.08173803672876205,0.0,0.0,0.0,0.0,0.0,0.0,0.0,0.0,0.0,0.0,0.0,0.0,0.0,0.0,0.0,0.0,0.0,0.0,0.0,0.0,0.0,0.0,0.0,0.0,0.0,0.0,0.0,0.0,0.0,0.0,0.0,0.0,0.0,0.0,0.0,0.0,0.0,0.0,0.0,0.0,0.0,-0.010217254591095256,0.0,0.0,0.0,0.0,0.0,0.0,-0.0002976350905007267,0.0,0.0,0.0,0.0,0.0,0.0,0.0,0.0,0.0,0.0,0.0,0.0,0.0,0.0,0.0,-0.07266481701677897,-4.650548289073854e-06,0.0,0.0,0.0,0.0,0.0,0.0,0.0,0.0,0.0,0.0,0.0,0.0,0.0,0.0,0.04306872770511296,0.0,-0.0495190381820584,0.0,0.0,0.0,0.0,0.0,0.0,0.0,0.0,0.0,0.0,0.0,0.0,0.0,0.0,0.0,0.0,-0.0061898797727573,0.0,0.0,0.0,-0.008036147443519619,0.0,0.0,0.0,0.0,0.0,0.0,0.0,0.0,0.0,0.0,0.0,0.0,0.0,0.0,0.12,0.027121997621878714,0.0,0.0,0.0,0.0,0.0,0.0,0.0,0.0,0.0,0.0,0.0,0.0,0.0,0.0,0.0,0.10208883604174923,0.0,-0.12,0.0,0.0,0.0,0.0,0.0,0.0,0.0,0.0,0.0,0.0,0.0,0.0,0.0,0.0,0.0,0.0,0.0,-0.00012556480380499405,0.0,0.0,0.0,0.0,0.0,0.0,0.0,0.0,0.0,0.0,0.0,0.0,0.0,0.0,-0.04306872770511296,0.0,0.0,0.0,0.008036147443519619,0.0,0.0,0.0,0.0,0.0,0.0,0.0,-0.012761104505218654,0.0,0.015695600475624256,0.0,0.0,0.07266481701677897,0.031898110714757566,0.0,0.0,0.0,0.0,0.0,0.019048645792046508,0.0,0.0,0.0,0.0023810807240058135,0.0,0.0,0.0,0.0,0.0,0.0,0.0,0.0,0.0,0.0,-0.09153674197384067,0.0,0.0,0.0,0.0,0.0,0.0,0.0,0.0,0.0,0.0,0.003390249702734839,0.0,0.0,0.03720438631259083,0.0002976350905007267,0.0,0.0,0.0,0.0,0.0,0.0,0.0,0.0,0.00012556480380499405,0.0,0.0,0.0,0.004650548289073853,0.0,0.0,-0.015695600475624256,0.0,0.0,0.0,0.0,0.0,0.0,0.0,0.0,0.0,0.0,0.0
2025-07-31,0.0,0.0,0.0,0.0,0.0,0.0,0.0,0.0,0.0,0.0,0.0,0.0,0.0,0.0,-0.0005813185361342317,0.0,0.0,0.0,0.0,0.0,-3.7204386312590835e-05,0.0,0.0,0.0,0.0,0.0,-0.08173803672876205,0.0,0.0,0.0,0.0,0.0,0.0,0.0,0.0,-0.0061898797727573,0.0,0.0,0.0,0.12,0.0,-0.019048645792046508,0.0,0.0,0.031898110714757566,0.0,0.0,0.08173803672876205,0.0,0.0,0.0,0.0,0.0,0.0,0.0,0.0,0.0,0.0,0.0,-0.0015951380631523317,0.0,0.0,0.0,0.0,0.0,0.0,0.0,0.0,0.0,0.0,0.0,0.0,0.0,0.0,0.0,0.0,0.0,0.0,0.0,0.0,0.0,0.00012556480380499405,0.0,0.0,3.7204386312590835e-05,0.0,0.0,0.0,0.0,0.0,0.0,0.0010045184304399524,0.0,0.0,0.0,0.0,0.0,0.0,0.0,0.0,0.0,0.0,0.0,0.0,0.0,0.0,0.0,0.0,0.0,0.0,0.0,0.0,0.0,0.0,0.0,0.0023810807240058135,0.0,0.0,0.0,0.0,0.0,0.0,0.09153674197384067,0.0,0.0,0.0,0.0,0.019048645792046508,0.0,0.0,0.0,-0.010217254591095256,0.0,0.0,0.0,0.0,0.0,0.0,0.0,0.0,0.0,0.0,-0.00012556480380499405,0.0,0.0,0.0,0.0,0.0,-0.031898110714757566,0.0,0.0,0.0,0.0,0.0,0.0,0.0,0.0,-0.004650548289073853,0.0,0.0,0.0,0.0,0.0,0.0,0.0,0.0,0.0,0.0,0.0,0.0,0.0,0.0,0.0,0.0,0.0,0.0,0.0,0.0,0.0,0.0,0.0,0.0,0.0,0.0,0.0002976350905007267,0.0,0.0,0.0,0.0,0.0,0.0,0.0,4.650548289073854e-06,0.0,-0.022848143744219843,0.003390249702734839,0.0,0.0,0.0,0.0,0.0,0.0,0.06428917954815695,0.0015951380631523317,0.0,0.0,0.0,0.0,0.0,0.0,0.0,0.0,0.0,0.0,0.0,0.0,-0.0010045184304399524,0.0,0.0,0.0,0.0,0.0,0.0,0.0,0.0,0.10208883604174923,0.0,0.0,0.0,0.0,0.0,0.0,0.0,-0.11342222222222222,0.03720438631259083,0.004650548289073853,0.0,0.0,0.0,0.0,0.0,0.0,-0.12,0.0,0.0,0.0,-0.04306872770511296,0.0,0.0,0.0,0.0,0.0,0.0,0.0,0.0,0.0,0.0,0.0,0.0,0.0,0.0,0.0,0.0,0.0,0.0,0.0,0.0,0.0,0.0,0.0,0.0,0.0,0.0,0.0,0.0,0.0,0.0,0.0,0.0,0.0061898797727573,0.0,0.0,0.0,0.0,0.0,0.0,0.0,0.0,-0.008036147443519619,0.0,0.0,0.0,0.0,0.0,0.0,-0.03720438631259083,0.0,0.0,0.0,0.0,0.0,0.0,0.0,0.0,0.0,0.0,0.0,0.0,0.0,0.0,0.0,-0.012761104505218654,-4.650548289073854e-06,0.0,0.0,0.0,0.0,0.0,0.0,0.0,0.0,0.0,0.0,0.0,0.0,0.0,0.0,0.015695600475624256,0.0,-0.09153674197384067,0.0,0.0,0.04306872770511296,0.0,0.0,0.0,-0.10208883604174923,0.0,0.0,0.0,0.0,0.0,0.0,0.0,0.0,0.0,-0.0023810807240058135,0.0,0.0,0.0,-0.056583221033161574,0.0,0.0,0.0,0.0,0.0,0.0,0.0,0.0,0.0,0.0,0.0,0.0,0.0,0.0,0.11342222222222222,0.010217254591095256,0.0,0.0,0.0,0.012761104505218654,0.0,0.0,0.0,0.0,0.0,0.0,0.0,0.0,0.0,0.0,0.008036147443519619,0.07266481701677897,0.0,-0.0002976350905007267,0.0,0.0,0.0,0.0,0.0,0.0,0.0,0.0,0.0,0.0,0.0,0.0,0.0,0.0,0.0,0.0,0.0,-0.06428917954815695,0.0,0.0,0.0,0.0,0.0,0.0,0.0,0.0,0.0,0.0,0.0,0.0,0.0,0.0,0.0,0.0,0.0,0.0,0.0,0.0,0.0,0.0,-0.027121997621878714,0.0,-0.003390249702734839,0.0,-0.015695600475624256,0.0,0.0,0.0,0.0,0.0495190381820584,0.027121997621878714,0.0,0.0,0.0,0.0,0.0,0.056583221033161574,0.0,0.0,0.0,0.0,0.0,0.0,0.0,0.0005813185361342317,0.0,0.0,0.0,0.0,-0.07266481701677897,0.0,0.0,0.0,0.0,0.0,0.0,0.0,0.0,0.0,0.0,0.0,0.0,0.0,0.0,0.0,0.022848143744219843,0.0,0.0,0.0,0.0,0.0,0.0,0.0,0.0,0.0,0.0,0.0,0.0,0.0,0.0,0.0,0.0,-0.0495190381820584,0.0,0.0,0.0,0.0,0.0,0.0,0.0,0.0,0.0,0.0,0.0
2025-08-31,0.0,0.0,0.0,0.0,0.0,0.0,0.0,-0.0495190381820584,0.0,0.0,0.0,0.0,0.0,0.0,-0.008036147443519619,0.0,0.0,0.0,0.0,0.0,-0.031898110714757566,0.0,0.0,0.0,0.0,0.0,0.0,0.0,0.0,0.0,0.0,0.0,0.0,0.0,0.0,-0.010217254591095256,0.0,0.0,0.0,0.12,0.0,-0.0061898797727573,0.0,0.0,0.0061898797727573,0.0,0.0,0.07266481701677897,0.0,0.0,0.0,0.0,0.0,0.0,0.0,-0.12,0.0,-0.0010045184304399524,0.0,-0.0002976350905007267,0.0,0.0,0.0,0.0,0.0,0.0,0.0,0.0,0.0,0.0,0.0,0.0,0.0,0.0,0.0,0.0,0.0,0.0,0.0,0.0,0.0,0.0,0.0,0.0,0.003390249702734839,0.0,0.0,0.0,0.0,0.0,0.0,0.0002976350905007267,0.0,0.0,0.0,0.0,0.0,0.0,0.0,0.0,0.0,0.0,0.0,0.0,0.027121997621878714,0.0,0.0,0.0,0.0,0.0,0.0,0.0,0.0,0.0,0.0,0.0,0.0,0.0,0.0,0.0,0.0,0.0,0.06428917954815695,0.0,0.0,0.0,0.0,0.04306872770511296,0.0,0.0,0.0,-0.012761104505218654,0.0,0.0,0.0,0.0,0.0,0.0,0.0,0.0,0.0,0.0,-0.00012556480380499405,0.0,0.0,0.0,0.0,0.0,-0.04306872770511296,0.0,0.0,0.008036147443519619,0.0,0.0,0.0,0.0,0.0,0.0,-0.08173803672876205,0.0,0.0,0.0,0.0,0.0,0.0,0.0,0.0,0.0,0.0,0.0,0.0,0.0,0.0,0.0,0.0,0.0,0.0,-0.056583221033161574,0.0,0.0,0.0,0.0,0.0,0.0,0.0,0.0,0.0,0.0,0.0,0.004650548289073853,3.7204386312590835e-05,0.0,0.0,0.0,0.0,0.0005813185361342317,0.0,0.0,0.0,0.0,0.0,0.0,0.08173803672876205,0.0,0.0,0.0,0.0,0.0,0.0,0.0,0.0,0.0,0.0,0.0,0.0,0.0,-0.0005813185361342317,0.0,0.0,0.0,0.0,0.0,0.0,0.0,0.0,0.10208883604174923,0.0,-0.06428917954815695,0.0,0.0,0.0,0.0,0.0,-0.022848143744219843,0.0495190381820584,0.010217254591095256,0.00012556480380499405,0.0,0.0,0.0,0.0,0.0,0.0,0.0,0.0,0.0,0.0,0.0,0.0,0.0,0.0,0.0,0.0,0.0,0.0,0.015695600475624256,0.0,0.0,0.0,0.0,0.0,0.0,0.0,0.0,0.0,0.0,0.0,0.0,0.0,0.0,0.0,0.0,0.0,0.0,0.0,0.0,0.0,0.0,0.0,0.019048645792046508,0.0,0.0,0.0,0.0,0.0,0.0,0.0,0.0,-0.0023810807240058135,0.0,0.0,0.0,0.0,0.0,0.0,0.0,0.0,0.0,0.0,0.0,0.0,0.0,0.0,0.0,0.0,0.0,0.0,0.0,0.0,0.0,0.0,-0.004650548289073853,-4.650548289073854e-06,0.0,0.0,0.0,0.0,0.0,0.0,0.0,0.0,0.0,0.0,0.0,0.0,0.0,0.0,0.012761104505218654,0.0,0.0,0.0,0.0,0.03720438631259083,0.0,0.0,0.0,0.0,0.0,0.0,0.0,0.0,0.0,0.0,0.0,0.0,0.0,0.0,0.0,0.0,0.0,-0.019048645792046508,0.0,0.0,0.0,0.0,0.0,0.0,0.0,0.0,0.0,0.0,0.0,0.0,0.0,0.0,0.11342222222222222,0.0015951380631523317,0.0,0.0,0.0,0.0,0.0,0.0,0.0,0.0,0.0,0.0,0.0,0.0,0.0,0.0,0.022848143744219843,0.09153674197384067,0.0,-3.7204386312590835e-05,0.0,0.0,0.0,0.0,0.0,0.0,0.0,0.0,0.0,0.0,0.0,0.0,0.0,0.0,0.0,0.0,-0.11342222222222222,0.0,0.0,0.0,0.0,0.0,0.0,0.0,0.0,0.0,0.0,0.0,0.0,-0.0015951380631523317,0.0,0.0,-0.09153674197384067,0.0,0.0,0.0,0.0,0.0,0.0,0.0,-0.07266481701677897,0.0,-0.003390249702734839,0.0,-0.027121997621878714,0.0,0.0,-0.10208883604174923,0.0,4.650548289073854e-06,0.031898110714757566,0.0,0.0,0.0,0.0,0.0,0.0010045184304399524,0.0,0.0,0.0,0.0,0.0,0.0,0.0,0.0023810807240058135,0.0,0.0,0.0,0.0,-0.015695600475624256,0.0,0.0,0.0,0.0,0.0,0.0,0.0,0.0,0.0,0.0,0.0,0.0,0.0,0.0,0.0,0.056583221033161574,0.0,0.0,0.0,0.0,0.0,0.0,0.0,0.0,0.0,0.0,0.0,0.0,0.0,0.0,0.0,0.0,-0.03720438631259083,0.0,0.0,0.0,0.0,0.0,0.0,0.0,0.0,0.0,0.0,0.0
2025-09-30,0.0,0.0,0.0,0.0,0.0,0.0,0.0,-0.008036147443519619,0.0,0.0,0.0,0.0,0.0,0.0,0.0,0.0,0.0,0.0,0.0,0.0,0.0,-0.0023810807240058135,0.0,0.0,0.0,0.0,0.0,0.0,0.0,0.0,0.0,0.0,0.0,0.0,0.0,-0.015695600475624256,0.0,0.0,0.0,0.12,0.0,-0.04306872770511296,0.0,0.0,0.004650548289073853,0.0,0.0,0.0495190381820584,0.0,0.0,0.0,0.0,0.0,-0.0061898797727573,0.0,0.0,0.0,-0.010217254591095256,0.0,-0.0015951380631523317,0.0,0.0,0.0,0.0,0.0,0.0,0.0,0.0,0.0,0.0,0.0,0.0,0.0,0.0,0.0,0.0,0.0,0.0,0.0,0.0,0.0,0.0010045184304399524,0.0,0.0,0.010217254591095256,0.0,0.0,0.0,0.0,0.0,0.0,0.00012556480380499405,0.0,0.0,0.0,0.0,0.0,0.0,0.0,0.0,-3.7204386312590835e-05,0.0,0.0,0.0,0.022848143744219843,0.0,0.0,0.0,0.0,0.0,0.0,0.0,0.0,0.0,0.0,0.003390249702734839,0.0,0.0,0.0,0.0,0.0,0.0,0.07266481701677897,0.0,0.0,0.0,0.0,0.019048645792046508,0.0,0.0,0.0,0.0,0.0,0.0,0.0,0.0,-0.06428917954815695,0.0,0.0,0.0,0.0,0.0,-0.00012556480380499405,0.0,0.0,0.0,0.0,0.0,0.0,0.0,0.0,0.0023810807240058135,0.0,0.0,0.0,0.0,-0.12,0.0,-0.0010045184304399524,0.0,0.0,0.0,0.0,0.0,0.0,0.0,0.0,0.0,0.0,0.0,0.0,0.0,0.0,0.0,0.0,0.0,0.0,0.0,0.0,0.0,0.0,0.0,0.0,0.0,0.0,0.0,0.0,0.0,0.0,0.027121997621878714,0.0,0.0,0.0,0.0,0.0,3.7204386312590835e-05,0.0,0.0,0.0,0.0,0.0,0.0,0.09153674197384067,0.0,0.0,0.0,0.0,0.0,0.0,0.0,0.0,0.0,0.0,0.0,0.0,0.0,-0.027121997621878714,0.0,0.0,0.0,0.0,0.0,0.0,0.0,0.0,0.10208883604174923,0.0,-0.0495190381820584,0.0,0.0,0.0,0.0,0.0,0.0,0.0005813185361342317,0.03720438631259083,0.0,0.0,0.0,0.0,-0.11342222222222222,0.0,-0.10208883604174923,0.0,0.0,0.0,0.0,0.0,0.0,0.0,-0.022848143744219843,0.0,0.0,0.0,0.0,0.0061898797727573,0.0,0.0,0.0,0.0,0.0,0.0,0.0,0.0,0.0,0.0,0.0,0.0,0.0,0.0,0.0,0.0,0.0,0.0,-0.012761104505218654,0.0,0.0,0.0,0.0,0.031898110714757566,0.0,0.0,0.0,0.0,0.0,0.0,0.0,0.0,-0.003390249702734839,0.0,0.0,0.0,0.0,0.0,0.0,0.0,0.0,0.0,0.0,0.0,0.0,0.0,0.0,0.0,0.0,0.0,0.0,0.0,0.0,0.0,0.0,-0.07266481701677897,-4.650548289073854e-06,0.0,0.0,0.0,0.0,0.0,0.0,0.0,0.0,0.0,0.0,0.0,0.0,0.0,0.0,0.0002976350905007267,0.0,0.0,0.0,0.0,0.04306872770511296,0.0,0.0,0.0,0.0,0.0,0.0,0.0,0.0,0.0,0.0,0.0,0.0,0.0,0.0,0.0015951380631523317,0.0,0.0,0.0,0.0,0.0,0.0,0.0,0.0,0.0,0.0,0.0,0.0,0.0,0.0,0.0,0.0,0.0,0.11342222222222222,0.0,0.0,0.0,0.0,0.0,0.0,0.0,0.0,0.0,0.0,0.0,0.0,0.0,0.0,0.0,0.012761104505218654,0.08173803672876205,0.0,-0.0005813185361342317,0.0,0.0,4.650548289073854e-06,0.0,0.0,0.0,0.0,0.0,0.0,0.0,-0.09153674197384067,0.0,0.0,0.0,0.0,0.0,0.0,0.0,0.0,0.0,0.0,0.0,0.0,0.0,0.0,0.0,0.0,0.0,0.0,-0.08173803672876205,0.0,-0.031898110714757566,-0.004650548289073853,0.0,0.0,0.0,0.0,0.0,0.0,0.0,-0.019048645792046508,0.0,0.0,0.0,-0.03720438631259083,0.0,0.0,0.0,0.0,0.0,0.056583221033161574,0.0,0.0,0.0,0.0,0.0,0.0,0.0,0.0,0.0,0.0,0.0,0.0,0.0,0.015695600475624256,0.0,0.0,0.0,0.0,-0.0002976350905007267,0.0,-0.056583221033161574,0.0,0.0,0.0,0.0,0.0,0.0,0.0,0.0,0.0,0.0,0.0,0.008036147443519619,0.0,0.06428917954815695,0.0,0.0,0.0,0.0,0.0,0.0,0.0,0.0,0.0,0.0,0.0,0.0,0.0,0.0,0.0,0.0,0.0,0.0,0.0,0.0,0.0,0.0,0.0,0.0,0.0,0.0,0.0,0.0
2025-10-31,0.0,0.0,0.0,0.0,0.0,0.0,0.0,-0.003390249702734839,0.0,0.0,0.0,0.0,0.0,0.0,0.0,0.0,0.0,0.0,0.0,0.0,0.0,-0.012761104505218654,0.0,0.0,0.0,0.0,0.0,0.0,0.0,0.0,0.0,0.0,0.0,0.0,0.0,0.0,0.0,0.0,0.0,0.12,0.0,-0.08173803672876205,0.0,0.0,0.010217254591095256,0.0,0.0,0.027121997621878714,0.0,0.0,0.0,0.0,0.0,-0.031898110714757566,0.0,0.0,0.0,-0.019048645792046508,0.0,-0.0061898797727573,0.0,0.0,0.0,0.0,0.0,0.0,0.0,0.0,0.0,0.0,0.0,0.0,0.0,0.0,0.0,0.0,0.0,0.0,0.0,0.0,0.0,0.012761104505218654,0.0,-0.11342222222222222,0.003390249702734839,0.0,0.0,0.0,0.0,0.0,0.0,0.0,0.0,0.0,0.0,0.0,0.0,0.0,0.0,0.0,-3.7204386312590835e-05,0.0,0.0,0.0,0.022848143744219843,-0.004650548289073853,0.0,0.0,0.0,0.0,0.0,0.0,0.0,0.0,0.0,0.0,0.0,0.0,0.0,0.0,0.0,0.0,0.06428917954815695,0.0,0.0,0.0,0.0,0.0061898797727573,0.0,0.0,0.0,0.0,0.0,0.0,0.0,0.0,-0.12,0.0,0.0,0.0,0.0,0.0,-0.00012556480380499405,0.0,0.0,0.0,0.0,0.0,0.0,0.0,0.0,0.08173803672876205,0.0,0.0,0.0,0.0,-0.0495190381820584,0.0,-0.0023810807240058135,0.0,0.0,0.0,0.0,0.0,-0.04306872770511296,0.0,0.0,0.0,0.0,0.0,0.0,0.0,0.0,0.0,0.0,0.0,0.0,0.0,0.0,0.0,0.0,0.0,0.0,0.0,0.0,0.0,0.0,0.0,0.0,0.019048645792046508,0.0,0.0,0.0,0.0,0.0,0.0,0.0,0.0,0.0,0.0,0.0,0.0,0.07266481701677897,0.0,-0.027121997621878714,0.0,0.0,0.0,0.0,0.0,0.0,0.0,0.0,0.0,0.0,0.0,0.0,0.0,0.0,0.0,0.0,0.0,0.0,0.0,0.0,0.11342222222222222,0.0,0.0,0.0,0.0,0.0,0.0,0.0,0.0,0.0015951380631523317,0.015695600475624256,0.0,0.0,0.0,0.0,-0.010217254591095256,0.0,0.0,0.0,0.0,0.0,0.0,0.0,0.0,0.0,-0.0005813185361342317,0.0,0.0,0.0,0.0,0.008036147443519619,0.0,0.0,0.0,0.0,0.0,0.0,0.0,0.0,0.0,0.0,0.0,0.0,0.0,0.0,0.0,0.0,0.0,0.0,0.0,0.0,0.0,0.0,0.0,0.03720438631259083,0.0,0.0,0.0,0.0,0.0,0.0,0.0,0.0,-0.0015951380631523317,0.0,0.0,0.0,0.0,0.0,0.0,0.0,0.0,0.0,0.0,0.0,0.0,0.0,0.0,0.0,0.0,0.0,0.0,0.0,0.0,0.0,0.0,-0.056583221033161574,-4.650548289073854e-06,0.0,0.0,0.0,0.0,0.0,0.0,0.0,0.0,0.0,0.0,0.0,0.0,0.0,0.0,0.00012556480380499405,0.0,0.0,0.0,0.0,0.004650548289073853,0.0,0.0,0.0,0.0,0.0,0.0,0.0,0.0,0.0,0.0,0.0,0.0,0.0,-0.015695600475624256,4.650548289073854e-06,0.0,0.0,0.0,0.0,0.0,0.0,0.0,0.0,0.0,0.0,0.0,0.0,0.0,0.0,0.0,0.0,0.0,0.10208883604174923,0.0,0.0,0.0,0.0,0.0,0.0,0.0,0.0,0.0,0.0,0.0,0.0,0.0,0.0,0.0,0.031898110714757566,0.09153674197384067,0.0,-0.0002976350905007267,0.0,0.0,0.0010045184304399524,0.0,0.0,0.0,0.0,0.0,0.0,0.0,-0.09153674197384067,0.0,0.0,0.0,0.0,0.0,0.0,0.0,0.0,0.0,0.0,0.0,0.0,0.0,0.0,0.0,0.0,0.0,0.0023810807240058135,-0.022848143744219843,0.0,0.0,-0.07266481701677897,0.0,0.0,0.0,0.0,0.0,0.0,0.0,-0.10208883604174923,0.0,0.0,0.0,-0.008036147443519619,0.0,0.0,0.0,0.0,0.0,0.0495190381820584,0.0,0.0,0.0,0.0,0.0,0.0005813185361342317,0.0,0.0,-0.03720438631259083,0.0,0.0,0.0,0.0,0.056583221033161574,0.0,0.0,0.0,0.0,-0.0010045184304399524,0.0,-0.06428917954815695,0.0,0.0,0.0,0.0,0.0,0.0,0.0,0.0,0.0,0.0,0.0,0.0002976350905007267,0.0,0.04306872770511296,0.0,0.0,0.0,0.0,0.0,0.0,0.0,3.7204386312590835e-05,0.0,0.0,0.0,0.0,0.0,0.0,0.0,0.0,0.0,0.0,0.0,0.0,0.0,0.0,0.0,0.0,0.0,0.0,0.0,0.0
2025-11-30,0.0,0.0,0.0,0.0,0.0,0.0,-0.12,-0.04306872770511296,0.0,0.0,0.0,0.0,0.0,0.0,0.0,0.0,0.0,0.0,0.0,0.0,0.0,-0.0005813185361342317,0.0,0.0,0.0,0.0,0.0,0.0,0.0,0.0,0.0,0.0,0.0,0.0,0.0,0.0,0.0,0.0015951380631523317,0.0,0.12,0.0,0.0,0.0,0.0,0.012761104505218654,0.0,0.0,0.010217254591095256,0.0,0.0,0.0,0.0,0.0,-0.019048645792046508,0.0,0.0,0.0,-0.0023810807240058135,0.0,0.0,0.0,0.0,-0.027121997621878714,0.0,0.0,0.0,0.0,0.0,0.0,0.0,0.0,0.0,0.0,0.0,0.0,0.0,0.0,0.0,0.0,0.0,0.0,0.0,0.0,0.0,0.0,0.0,0.0,0.0,0.0,0.0,0.0,0.056583221033161574,0.0,0.0,0.0,0.0,0.0,-0.08173803672876205,0.0,0.0,-0.008036147443519619,0.0,0.0,0.0,0.03720438631259083,-0.012761104505218654,0.0,0.0,0.0,0.0,0.0,0.0,0.0,0.0,0.0,0.0,0.0,0.0,0.0,0.0,0.0,0.0,0.027121997621878714,0.0,0.0,0.0,0.0,0.0023810807240058135,0.0,0.0,0.0,-0.03720438631259083,0.0,0.0,0.0,0.0,-0.11342222222222222,0.0,0.0,0.0,0.0,0.0,-3.7204386312590835e-05,0.0,0.0,0.0,0.0,0.0,0.0,0.0,0.0,0.08173803672876205,0.0,0.0,0.0,0.0,-0.10208883604174923,0.0,-0.031898110714757566,0.0,0.0,0.0,0.0,0.0,-0.0061898797727573,0.0,0.0,0.0,0.0,0.0,0.0,0.0,0.0,0.0,0.0,0.0,0.0,0.0,0.0,0.0,-0.015695600475624256,0.0,0.0,0.0,0.0,0.0,0.0,0.0,0.0,0.019048645792046508,0.0,0.0,0.0,0.0,0.0,0.0,0.0,0.0,0.0,0.0,0.0,0.0,0.031898110714757566,0.0,-0.06428917954815695,0.0,0.0005813185361342317,0.0,0.0,0.0,0.0,0.0,0.0,0.0,0.0,0.0,0.0,0.0,0.0,0.0,0.0,0.0,0.0,0.0,0.0,0.11342222222222222,0.0,0.0,0.0,0.0,0.0,0.0,0.0,0.0,0.008036147443519619,0.015695600475624256,0.0,0.0,0.0,0.0,-0.003390249702734839,0.0,0.0,0.0,0.0,0.0,0.0,0.0,0.0,0.0,-0.0002976350905007267,0.0,0.0,0.0,0.0,0.0002976350905007267,0.0,0.0,0.0,0.0,-0.07266481701677897,0.0,0.0,0.0,0.0,0.0,0.0,0.0,0.0,0.0,0.0,0.0,0.0,0.0,0.0,0.0,0.0,0.0,0.0,0.07266481701677897,0.0,0.0,0.0,0.0,0.0,0.0,0.0,0.0,-0.0015951380631523317,0.0,0.0,0.0,0.0,0.0,0.0,0.0,0.0,0.0,0.0,0.0,0.0,0.0,0.0,0.0,0.0,0.0,0.0,0.0,0.0,0.0,0.0,0.0,-4.650548289073854e-06,0.0,0.0,0.0,0.0,0.0,0.0,0.0,0.0,4.650548289073854e-06,0.0,0.0,0.0,0.0,0.0,0.0,0.0,0.0,0.0,0.0,0.003390249702734839,0.0,0.0,0.0,0.0,0.0,0.0,0.0,0.0,0.0,0.0,0.0,0.0,0.0,0.0,0.0,0.0,0.0,0.0,0.0,0.0,0.0,0.0,0.0,0.0,0.0,0.0,0.0,0.0,0.0,0.0,0.0,0.0,0.10208883604174923,0.0,0.0,0.0,0.0,0.0,0.0,0.0,0.0,0.0,3.7204386312590835e-05,0.0,0.0,0.0,0.0,0.0,0.004650548289073853,0.09153674197384067,0.0,-0.0010045184304399524,0.0,0.0,0.0,0.0,0.0,0.0,0.0,0.0,0.0,0.0,-0.056583221033161574,0.0,0.0,0.0,0.0,0.0,0.0,0.0,0.0,0.0,0.0,0.0,0.0,0.0,0.0,0.0,0.0,0.0,0.022848143744219843,-0.00012556480380499405,0.0,0.0,0.0,0.0,0.0,0.0,0.0,0.0,0.0,0.0,-0.09153674197384067,0.0,0.0,0.0,-0.004650548289073853,0.0,0.0,0.0,0.0,0.0,0.04306872770511296,0.0,0.0,0.0,0.0,0.0,0.0061898797727573,0.0,0.0,-0.010217254591095256,0.0,0.0,0.0,0.0,0.0010045184304399524,0.0,0.0,0.0,0.0,-0.0495190381820584,0.0,-0.022848143744219843,0.0,0.0,0.0,0.0,0.0,0.0,0.0,0.0,0.0,0.0,0.0,0.0,0.0,0.00012556480380499405,0.0,0.0,0.0,0.0,0.0,0.06428917954815695,0.0,0.0495190381820584,0.0,0.0,0.0,0.0,0.0,0.0,0.0,0.0,0.0,0.0,0.0,0.0,0.0,0.0,0.0,0.0,0.0,0.0,0.0,0.0
2025-12-31,0.0,0.0,0.0,0.0,0.0,0.0,0.0,-0.07266481701677897,0.0,0.0,0.0,0.0,0.0,0.0,0.0,0.0,0.0,0.0,0.0,0.0,0.0,0.0,0.0,0.0,0.0,-0.11342222222222222,0.004650548289073853,0.0,0.0,0.0,0.0,0.0,0.0,0.0,0.0,0.0,0.0,0.0061898797727573,0.0,0.11342222222222222,0.0,-0.0061898797727573,0.0,0.0,0.022848143744219843,0.0,0.0,0.0002976350905007267,0.0,0.0,0.0,0.0,0.0,-0.0015951380631523317,0.0,0.0,0.0,-0.019048645792046508,0.0,0.0,0.0,0.0,-0.09153674197384067,0.0,0.0,0.0,0.0,0.0,0.0,0.0,0.0,0.0,0.0,0.0,0.0,0.0,0.0,0.0,0.0,0.0,0.0,0.0,0.0,0.0,0.0,0.0,0.0,0.0,0.0,0.0,0.0,0.06428917954815695,0.0,0.0,-0.10208883604174923,-0.027121997621878714,0.0,-0.004650548289073853,0.0,0.0,-0.06428917954815695,0.0,0.0,0.0,0.03720438631259083,-0.031898110714757566,0.0,0.0,0.0,0.0,0.0,0.0,0.0,0.0,0.0,4.650548289073854e-06,0.0,0.0,0.0,0.0,0.0,0.0,0.0,0.0,0.0,0.0,0.0,0.0,0.0,0.0,0.0,-0.0005813185361342317,0.0,0.0,0.0,0.0,0.0,0.0,0.0,0.0,0.0,0.0,-0.00012556480380499405,0.0,0.0,0.0,0.0,0.0,0.0,0.0,0.0,0.09153674197384067,0.0,0.0,0.0,0.0,0.0,0.0,0.0,0.0,0.0,0.0,0.0,0.0,-0.022848143744219843,0.0,0.0,0.0,0.0,0.0,0.0,0.0,0.0,0.0,0.0,0.0,0.0,0.0,0.0,0.0,-0.008036147443519619,0.0,0.0,0.0,0.0,0.0,-0.056583221033161574,-4.650548289073854e-06,0.0,0.04306872770511296,0.0,0.0,0.0,0.0,0.0,0.0,0.0,0.0,0.0,0.0,0.0,0.0,0.0015951380631523317,0.0,-0.04306872770511296,0.0,0.00012556480380499405,0.0,0.0,0.0,0.0,0.0,0.0,0.0,0.0,0.0,0.0,0.0,0.0,0.0,0.0,0.0,0.0,0.0,0.0,0.12,0.0,0.0,0.0,0.0,0.0,0.0,0.0,0.0,0.008036147443519619,0.0005813185361342317,0.0,0.0,0.0,0.0,-0.012761104505218654,0.0,0.0023810807240058135,0.0,0.0,-0.12,0.0,0.0,0.0,0.0,-3.7204386312590835e-05,0.0,0.0,0.0,0.0,0.0,0.0,0.0,0.0,0.0,0.0,0.0,0.0,0.0,0.0,0.0,0.0,0.0,0.0,0.0,0.0,-0.03720438631259083,0.0,0.0,0.0,0.0,0.0,0.0,0.0,0.08173803672876205,0.0,0.0,0.0,0.0,0.019048645792046508,-0.010217254591095256,0.0,0.0,-0.0023810807240058135,0.0,0.0,0.0,0.0,0.0,0.0,0.0,0.0,0.0,0.0,0.0,0.0,0.0,0.0,0.0,0.0,0.0,0.0,0.0,0.0,0.0,0.0,0.0,-0.0002976350905007267,0.0,0.0,0.0,0.0,0.0,0.0,0.0,0.0,0.031898110714757566,0.0,0.0,0.0,0.0,0.0,0.0,0.0,0.0,0.0,0.0,0.003390249702734839,0.0,0.0,0.0,0.0,0.0,0.0,0.0,0.0,0.0,0.0,-0.08173803672876205,0.0,0.0,0.0,0.0,0.0,0.0,0.0,0.0,0.0,0.0,0.0,0.0,0.0,0.0,0.0,0.0,0.0,0.0,0.0,0.0,0.0,0.10208883604174923,0.0,0.0,0.0,0.0,0.0,0.0,0.0,0.0,0.0,0.0,0.0,0.0,0.0,0.0,0.0,0.0,0.015695600475624256,0.0,0.0,0.0,0.0,0.0,0.0,0.0,0.0,0.0,0.0,0.0,0.0,0.0,0.0,0.0,0.0,0.0,0.0,0.0,0.012761104505218654,0.0,0.0,0.0,0.0,0.0,0.0,0.0,0.0,0.0,0.0,0.0495190381820584,-0.003390249702734839,0.0,0.0,0.0,0.0,0.0,0.0,0.0,0.0,0.0,0.0,0.0,0.0,3.7204386312590835e-05,0.0,-0.015695600475624256,0.0,0.0,0.0,0.0,0.0,0.027121997621878714,0.0,0.0,0.0,0.0,0.0,0.010217254591095256,0.0,0.0,-0.0010045184304399524,0.0,0.0,0.0,0.0,0.0,0.0,0.0,0.0,0.0,-0.0495190381820584,0.0,0.0,0.0,0.0,0.0,0.0,0.0,0.0,0.0,0.0,0.0,0.0,0.0,0.0010045184304399524,0.0,0.0,0.0,0.0,0.0,0.0,0.0,0.056583221033161574,0.0,0.07266481701677897,0.0,0.0,0.0,0.0,0.0,0.0,0.0,0.0,0.0,0.0,0.0,0.0,0.0,0.0,0.0,0.0,0.0,0.0,0.0,0.0
2026-01-31,0.0,0.0,0.0,0.0,0.0,0.0,-0.12,-0.015695600475624256,0.0,0.0,0.0,0.0,0.0,0.0,0.0,0.0,0.0,0.0,0.0,0.0,0.0,-0.11342222222222222,0.0,0.0,0.0,0.0,0.0061898797727573,0.0,0.0,0.0,0.0,0.0,0.0,0.0,0.0,0.0,0.0,0.019048645792046508,0.0,0.022848143744219843,0.0,-0.0010045184304399524,0.0,0.0,0.056583221033161574,0.0,0.0,0.0,0.0,0.0,0.0,0.0,0.0,-0.008036147443519619,0.0,0.0,0.0,0.0,0.0,0.0,0.0,0.0,-0.031898110714757566,0.0,0.0,0.0,0.0,0.0,0.0,0.0,0.0,0.0,0.0,3.7204386312590835e-05,0.0,0.0,0.0,0.0,0.0,0.0,0.0,0.0,0.0,0.0,0.0,0.0,0.0,0.0,0.0,-0.0005813185361342317,0.0,0.09153674197384067,0.0,0.0,-0.07266481701677897,-0.03720438631259083,0.0,-0.004650548289073853,0.0,0.0,0.0,0.0,0.0,0.0010045184304399524,0.0,0.0,0.0,0.0,0.0,0.0,-0.012761104505218654,0.0,0.0,0.0,0.0,0.0,0.0,0.0,0.0,0.0,0.0,0.0,0.0,0.0,0.0,0.0,0.0,0.0,0.0,0.0,0.0,-0.0002976350905007267,0.0,0.0,0.0,0.0,0.0,0.0,0.0,0.0,0.0,0.0,-0.0023810807240058135,0.0,0.0,0.0,0.0,0.0,0.0,0.0,0.0,0.11342222222222222,0.0,0.0,0.0,0.0,0.0,0.0,0.0,0.0,0.0,0.0,0.0,0.0,-0.09153674197384067,0.0,0.0,0.0,0.0,0.0,0.0,0.0,0.0,0.0,0.0,0.0,0.0,0.0,0.0,0.0,-0.0015951380631523317,0.0,0.0,0.0,0.0,0.0,0.0,-4.650548289073854e-06,0.0,0.027121997621878714,0.0,0.0,0.0,0.0,0.0,0.0,0.0,0.0,-0.056583221033161574,0.0,0.0,0.0,0.010217254591095256,0.0,0.0,0.0,0.00012556480380499405,0.0,0.0,0.012761104505218654,0.015695600475624256,0.0,-0.06428917954815695,0.0,0.0,0.0,0.0,0.0,0.0,0.0,0.0,0.0,0.0,0.0,0.0,0.10208883604174923,0.0,0.0,0.0,0.0,0.0,0.0,0.0,0.0,4.650548289073854e-06,0.0,0.0,0.0,0.0002976350905007267,0.0,0.0,0.0,0.004650548289073853,0.0,0.0,0.0,0.0,0.0,0.0,0.0,-0.00012556480380499405,0.0,0.0,0.0,0.0,0.0,0.0,0.0,0.0,0.0,0.0,0.0,0.0,0.0,0.0,0.0,0.003390249702734839,0.0,0.0,0.0,0.0,0.0,0.0,0.0,0.0,0.0,0.0,0.0,0.0,0.12,0.0,0.0,0.0,0.0,0.031898110714757566,-0.027121997621878714,0.0,0.0,-0.04306872770511296,0.0,0.0,0.0,0.0,0.0,0.0,0.0,0.0,0.0,0.0,0.0,0.0,0.0,0.0,0.0,0.0,0.0,0.0,0.0,0.0,0.0,0.0,0.0,-0.019048645792046508,0.0,0.0,0.0,0.0,0.0,0.0,0.0,0.0,0.06428917954815695,0.0,0.0,0.0,0.0,0.03720438631259083,0.0,0.0,0.0,0.0,0.0,0.0005813185361342317,0.0,0.0,0.0,0.0,0.0,0.0,0.0,0.0,0.0,0.0,-0.010217254591095256,-0.10208883604174923,0.0,0.0,0.0,0.0,0.0,0.0,0.0,0.0,0.0,0.0,0.0,0.0,0.0,0.0,0.0,0.0,0.0,0.0,0.0,0.0,0.04306872770511296,0.0,0.0,0.0,0.0,0.0,0.0,0.0,0.0,0.0,0.0,0.0,0.0,0.0,0.0,0.0,0.0,0.008036147443519619,0.0,0.0,0.0,0.0,0.0,0.0,0.0,0.0,0.0,0.0,0.0,0.0,0.0,0.0,0.0,0.0,0.0,0.0,0.0,0.0,0.0,0.0,0.0,0.0,0.0,0.0,0.0,0.0,0.0,0.0,0.07266481701677897,-0.0061898797727573,-0.08173803672876205,0.0,0.0,0.0,0.0,0.0,0.0,0.0,0.0,0.0,0.0,0.0,0.0015951380631523317,0.0,0.0,0.0,0.0,0.0,0.0,-0.003390249702734839,0.0023810807240058135,0.0,0.0,0.0,0.0,0.0,0.0,0.0,0.0,-3.7204386312590835e-05,0.0,0.0,0.0,0.0,0.0,0.0,0.0,0.0,0.0,-0.022848143744219843,0.0,0.0,0.0,0.0,0.0,0.0,0.0,0.0,0.0,0.0,0.0,0.0,0.0,0.0,0.0,0.0,0.0,0.0,0.0,0.0,0.0,0.0495190381820584,0.0,0.08173803672876205,0.0,0.0,0.0,0.0,0.0,0.0,0.0,0.0,0.0,0.0,0.0,0.0,0.0,0.0,0.0,0.0,0.0,0.0,-0.0495190381820584,0.0
2026-02-28,0.0,0.0,0.0,0.0,0.0,0.0,0.0,0.0,0.0,0.0,0.0,0.0,0.0,0.0,0.0,0.0,0.0,0.0,0.0,0.0,3.7204386312590835e-05,0.0,0.0,0.0,0.0,0.0,0.012761104505218654,0.0,0.0,0.0,0.0,0.0,0.0,0.0,0.0,0.0,0.0,0.004650548289073853,0.0,0.04306872770511296,0.0,-0.0005813185361342317,0.0,0.0,0.0,0.0,0.0,0.0,0.0,0.0,0.0,0.0,0.0,-0.03720438631259083,0.0,0.0,0.0,-0.0495190381820584,0.0,0.0,0.0,0.0,-0.09153674197384067,0.0,0.0,0.0,0.0,0.0,0.0,0.0,0.0,0.0,0.0,0.0,0.0,0.0,0.0,0.0,0.0,0.0,0.0,0.0,0.0,0.0,4.650548289073854e-06,0.0,0.0,0.0,0.0,-0.015695600475624256,0.0,0.056583221033161574,0.0,0.0,-0.004650548289073853,0.0,0.0,-0.0061898797727573,0.0,0.0,0.0,0.0,0.0,0.019048645792046508,0.0,0.0,0.0,0.0,0.0,0.0,-0.019048645792046508,0.0,0.0,0.0,0.0,0.0,0.0,0.0,0.0,0.0,0.0,0.0,0.022848143744219843,0.0010045184304399524,0.0,0.0,0.0,0.0,0.0,0.0,0.0,-0.0002976350905007267,0.0,0.00012556480380499405,0.0,0.0,0.0,0.0,0.0,0.0,0.0,0.0,-0.0023810807240058135,0.0,0.0,0.0,0.0,0.0,0.0,0.0,0.0,0.12,0.0,0.0,0.0,0.0,0.0,0.0,0.0,0.0,0.0,0.0,0.0,0.0,-0.027121997621878714,0.0,0.0,0.0,0.0,0.0,0.0,0.0,0.0,0.0,0.0,0.0,0.0,0.0,0.0,0.0,-0.0015951380631523317,0.0,0.0,0.0,0.0,0.0,0.0,-4.650548289073854e-06,0.0,0.027121997621878714,0.0,0.0,0.0,0.0,0.0,0.0,0.0,0.0,-0.003390249702734839,0.0005813185361342317,0.0,0.0,0.015695600475624256,0.0,-0.08173803672876205,0.0,0.0023810807240058135,0.0,0.0,0.0,0.0,0.0,-0.031898110714757566,0.0,0.0,0.0,0.0,0.0,0.0,0.0,0.0,0.0,0.0002976350905007267,0.0,0.0,0.08173803672876205,0.0,-0.04306872770511296,0.0,0.0,0.0,0.0,0.0,0.0,0.0015951380631523317,0.0,0.0,0.0,0.0,0.0,0.0,0.0,0.008036147443519619,0.0,0.0,-0.12,0.0,0.0,0.0,0.0,-0.00012556480380499405,0.0,0.0,0.0,0.0,0.0,0.0,0.0,0.0,0.0,0.0,0.0,0.0,0.0,0.0,0.0,0.0061898797727573,0.0,0.0,0.0,0.0,0.0,0.0,0.0,0.0,0.0,0.0,0.0,0.0,0.11342222222222222,0.0,0.0,0.0,0.0,0.03720438631259083,-0.0010045184304399524,0.0,0.0,-0.008036147443519619,0.0,0.0,0.0,0.0,0.0,0.0,0.0,0.0,0.0,0.0,0.0,0.0,0.0,0.0,0.0,0.0,0.0,0.0,0.0,0.0,0.0,0.0,0.0,-0.06428917954815695,0.0,0.0,0.0,0.0,0.0,0.0,0.0,0.0,0.09153674197384067,0.0,0.0,0.0,0.0,0.0495190381820584,0.0,0.0,0.0,0.0,-0.056583221033161574,0.003390249702734839,0.0,0.0,0.0,0.0,0.0,0.0,0.0,0.0,0.0,0.0,0.0,0.0,0.0,0.0,0.0,0.0,0.0,0.0,0.0,0.0,0.0,0.0,0.0,0.0,0.0,0.0,0.0,0.0,0.0,0.0,0.0,0.0,0.031898110714757566,0.0,0.0,0.0,0.0,0.0,0.0,0.0,0.0,0.0,0.0,0.0,0.0,0.0,-0.022848143744219843,0.0,0.0,0.0,0.0,0.0,0.0,0.0,0.0,0.0,0.0,0.0,0.0,0.0,0.0,0.0,0.0,0.0,0.0,0.0,0.0,0.0,0.0,0.0,0.0,0.0,0.0,0.0,0.0,0.0,0.0,0.0,0.0,0.0,0.07266481701677897,-0.010217254591095256,-0.07266481701677897,0.0,0.0,0.0,0.0,0.0,0.0,0.0,0.0,0.0,0.0,0.0,0.0,0.0,-0.11342222222222222,0.0,0.0,0.0,0.0,0.0,0.010217254591095256,0.0,0.0,0.0,0.0,0.0,0.0,0.0,0.0,-3.7204386312590835e-05,0.0,0.0,0.0,0.0,0.0,0.0,0.0,0.0,0.0,-0.10208883604174923,0.0,0.0,0.0,0.0,0.0,0.0,0.0,0.0,0.0,0.0,0.0,0.0,0.0,0.0,0.0,0.0,0.0,0.0,0.0,0.0,0.0,0.06428917954815695,0.0,0.10208883604174923,0.0,0.0,0.0,0.0,0.0,0.0,0.0,0.0,0.0,0.0,0.0,0.0,0.0,0.0,0.0,0.0,0.0,0.0,-0.012761104505218654,0.0
2026-03-31,0.0,0.0,0.0,0.0,0.0,0.0,-0.06428917954815695,-0.0495190381820584,0.0,0.0,0.0,0.0,0.0,0.0,0.0,0.0,0.0,0.0,0.0,0.0,0.015695600475624256,0.0,0.0,0.0,0.0010045184304399524,0.0,0.027121997621878714,0.0,0.0,0.0,0.0,0.0,0.0,0.0,0.0,0.0,0.0,0.004650548289073853,0.0,0.0,0.0,-0.019048645792046508,0.0,0.0,0.0,0.0,0.0,0.0,0.0,0.0,0.0,0.0,0.0,-0.03720438631259083,0.0,0.0,0.0,0.0,0.0,0.0,0.0,0.0,-0.09153674197384067,0.0,0.0,0.0,0.0,0.0,0.0,0.0,0.0,0.0,0.0,0.0,0.0,0.0,0.00012556480380499405,0.0,0.0,0.0,0.0,0.0,0.0,-0.015695600475624256,0.0,0.0,0.0,0.0,0.003390249702734839,-0.012761104505218654,0.0,0.07266481701677897,0.0,0.0,0.0,0.0,0.0,-0.07266481701677897,0.0,0.0,0.0,0.0,0.0,0.031898110714757566,0.0,0.0,0.0,0.0,0.0,0.0,-0.10208883604174923,0.0,0.0,0.0,-0.027121997621878714,0.0,0.0,0.0,0.0,0.0,0.0,0.0,4.650548289073854e-06,0.0,0.0,0.0,0.0,0.0,0.0,0.0,0.0,0.0,0.0,0.010217254591095256,0.0,0.0,0.0,0.0,0.0,0.0,0.0,0.0,0.0,0.0,0.0,0.0,0.0,-0.0061898797727573,0.0,0.0,0.0,0.12,0.0,0.0,0.0,0.0,0.0,0.0,0.0,0.0,0.0,0.0,0.0,0.0,-0.12,0.0,0.0,0.0,0.0,0.0,0.0,0.0,0.0,0.0,0.0,0.0,0.0,0.0,0.0,0.0,-0.0010045184304399524,0.0,0.0,0.0,0.0,0.0,-0.08173803672876205,-3.7204386312590835e-05,0.0,0.0495190381820584,0.0,0.0,0.0,0.0,0.0,0.0,0.0,0.0,-0.0005813185361342317,0.0,0.0,0.0,0.0061898797727573,0.0,0.0,0.0,0.008036147443519619,0.0,0.0,0.0,0.0,0.0,-0.031898110714757566,0.0,0.0,0.0,0.0,0.0,0.0,0.0,0.0,0.0,0.012761104505218654,0.0,0.0,0.019048645792046508,0.0,-0.010217254591095256,0.0,0.0,0.0,0.0,0.0,0.0,0.0,0.0,0.0,0.0,0.0,0.0,0.0,0.0,0.03720438631259083,0.0,0.0,0.0,0.0,0.0,0.0,0.0,-0.00012556480380499405,0.0,0.0,0.0,0.0,0.0,0.0,0.0,0.0,0.0,0.0,0.0,0.0,0.0,0.0,-0.11342222222222222,0.0023810807240058135,0.0,0.0,0.0,0.0,0.0,0.0,0.0,0.0,0.0,0.0,0.0,0.0,0.10208883604174923,0.0,0.0,0.0,0.0,0.056583221033161574,-0.0002976350905007267,0.0,0.0,0.0,0.0,0.0,0.0,0.0,0.0,0.0,0.0,0.0,0.0,0.0,0.0,0.0,0.0,0.0,0.0,0.0,0.0,0.0,0.0,0.0,0.0,3.7204386312590835e-05,0.0,0.0,0.0,0.0,0.0,0.0,0.0,0.0,0.0,0.0,0.09153674197384067,0.0,0.0,0.0,0.0,0.04306872770511296,0.0,0.0,0.0,0.0,-0.0015951380631523317,0.0,0.0,0.0,0.0,0.0,0.0,0.0,0.0,0.0,0.0,0.0,0.0,0.0,0.0,0.0,0.0,0.0,0.0,0.0,0.0,0.0,0.0,0.0,0.0,0.0,0.0,0.0,0.0,0.0,0.0,0.0,0.0,0.0,0.0015951380631523317,0.0,0.0,0.0,0.0,0.0,0.0,0.0,0.0,0.0,0.0,0.0,0.0,0.0,-0.0023810807240058135,0.0,0.0,0.0,0.0,0.0,0.0,0.0,0.0,0.0,0.0,0.0,-0.022848143744219843,0.0,0.0,0.0,0.0,0.0,0.0,0.0,0.0,0.0,0.0,0.0,0.0,0.0,0.0,0.0,0.0,0.0,0.0,0.0,0.0,0.0,0.08173803672876205,0.0,0.0,0.0,-0.056583221033161574,0.0,0.0,0.0,0.0,0.0,0.0,0.0,0.0,0.0,0.022848143744219843,0.0,0.0,0.0,0.0,0.0,0.0,0.0,0.0002976350905007267,0.0,0.0,0.0,0.0,0.0,0.0,0.0,0.0,-4.650548289073854e-06,0.0,0.0,0.0,-0.004650548289073853,0.0,0.0,0.0,0.0,0.0,-0.003390249702734839,0.0,0.0,0.0,0.0,0.0,0.0,0.0,0.0,0.0,0.0,0.0,0.0,0.0,0.0005813185361342317,0.0,0.0,0.0,0.0,0.0,0.0,0.0,0.06428917954815695,-0.04306872770511296,0.11342222222222222,0.0,0.0,0.0,0.0,0.0,0.0,0.0,0.0,0.0,0.0,0.0,0.0,0.0,0.0,0.0,0.0,0.0,0.0,-0.008036147443519619,0.0
2026-04-30,0.0,0.0,0.0,0.0,0.0,0.0,-0.010217254591095256,-0.0061898797727573,0.0,0.0,-0.056583221033161574,0.0,0.0,0.0,0.0,0.0,0.0,0.0,-0.06428917954815695,0.0,0.012761104505218654,0.0,0.0,0.0,0.010217254591095256,0.0,0.008036147443519619,0.0,0.0,0.0,0.0,0.0,0.0,0.0,0.0,0.0,0.0,0.004650548289073853,0.0,0.0,0.0,-0.004650548289073853,-0.10208883604174923,0.0,0.0,0.0,0.0,0.0,0.0,0.0,0.0,0.0,0.0,-0.019048645792046508,0.0,0.0,0.0,0.0,0.0,0.0,0.0,0.0,0.0,0.0,0.0,0.0,0.0,0.0,-0.012761104505218654,0.0,0.0,0.0,0.0,0.0,0.0,0.0,0.0061898797727573,0.0,0.0,0.0,0.0,0.0,0.0,-0.07266481701677897,0.0,0.0,0.0,0.0,0.0,-0.11342222222222222,0.0,0.08173803672876205,0.0,0.0,0.0,0.0,0.0,0.0,0.0,0.0,0.0,0.0,0.0,0.056583221033161574,0.0,0.0,0.0,0.0,0.0,0.0,-0.09153674197384067,0.0,0.0,0.0,-0.04306872770511296,0.0,0.0,-0.015695600475624256,0.0,0.0,0.0,0.0,0.0,0.0,0.0,0.0,0.0,0.0,0.0,0.0,0.0,0.0,0.0,0.0015951380631523317,0.0,0.0,0.0,0.0,0.0,0.0,0.0,0.0,0.0,0.0,0.0,0.0,0.0,0.0,0.0,0.0,0.0,0.10208883604174923,0.0,0.0,0.0,0.0,0.0,0.0,0.0,0.0,0.0,0.0,0.0,0.0,-0.027121997621878714,0.0,0.0,0.0,0.0,0.0,0.0,0.0,0.0,0.0,0.0,0.0,0.0,0.0,0.0,0.0,-0.0005813185361342317,0.0,0.0,0.0,0.0,0.0,0.0,-4.650548289073854e-06,0.0,0.06428917954815695,0.0,0.0,0.0,0.0,0.0,0.0,0.0,0.0,-0.0002976350905007267,0.0,0.0,0.0,0.019048645792046508,0.0,0.0,0.0,0.03720438631259083,0.0,0.0,0.0,0.0,0.0,0.0,0.0,0.0,0.0,0.0,0.0,0.0,0.0,0.0,0.0,0.015695600475624256,0.0,0.0,0.0,0.0,-0.031898110714757566,0.0,0.0,0.0,0.0,0.0,0.0,0.0002976350905007267,0.0,0.0,0.0,0.0,0.0,0.0,0.0,0.0010045184304399524,0.0,0.0,0.0,0.0,0.0,0.0,0.0,-3.7204386312590835e-05,0.0,0.0,0.0,0.0,0.0,0.0,0.0,0.0,0.0,0.0,0.0,0.0005813185361342317,0.0,0.0,-0.0495190381820584,0.0023810807240058135,0.0,0.0,0.0,0.0,0.0,0.0,0.0,0.0,0.0,0.0,0.0,0.0,0.12,0.0,0.0,0.0,0.0,0.04306872770511296,-0.0015951380631523317,0.0,0.0,0.0,0.0,0.0,0.0,0.0,0.0,0.0,0.0,0.0,0.0,0.0,0.0,0.0,0.0,0.0,0.0,0.0,0.0,0.0,0.0,0.0,0.0,4.650548289073854e-06,0.0,3.7204386312590835e-05,0.0,0.0,0.0,0.0,0.0,0.0,0.0,0.0,0.09153674197384067,0.0,0.0,0.0,0.0,0.027121997621878714,0.0,0.0,0.0,0.0,-0.008036147443519619,0.0,0.0,0.0,0.0,0.0,0.0,0.0,0.0,0.0,0.0,0.0,0.0,0.0,0.0,0.0,0.0,0.0,0.0,0.0,0.0,-0.022848143744219843,0.0,0.0,0.0,0.0,0.0,0.0,0.0,0.0,0.0,0.0,0.0,0.0,0.0,0.0,0.0,0.0,0.0,0.0,0.0,0.0,0.0,0.0,0.0,0.0,0.0,0.003390249702734839,-0.03720438631259083,0.0,0.0,0.0,0.0,0.0,0.0,0.0,0.0,0.0,0.0,0.0,-0.003390249702734839,0.0,0.0,0.0,0.0,0.0,0.0,0.0,0.0,0.0,0.0,0.0,0.0,0.0,0.0,0.0,0.0,0.0,0.0,0.0,0.0,0.0,0.07266481701677897,0.0,0.0,0.0,0.0,0.0,0.0,0.0,0.0,0.0,0.0,0.0,0.0,0.0,0.0495190381820584,0.0,0.0,0.0,0.0,0.0,0.0,0.0,0.00012556480380499405,0.0,0.0,0.0,0.0,0.0,0.0,0.0,0.0,-0.00012556480380499405,0.0,0.0,0.0,-0.0023810807240058135,0.0,0.0,0.0,0.0,0.0,-0.12,0.0,0.0,0.0,0.0,0.0,0.0,0.0,0.0,0.0,0.0,0.0,-0.08173803672876205,0.0,0.031898110714757566,0.0,0.0,0.0,0.0,0.0,0.0,0.0,0.022848143744219843,-0.0010045184304399524,0.11342222222222222,0.0,0.0,0.0,0.0,0.0,0.0,0.0,0.0,0.0,0.0,0.0,0.0,0.0,0.0,0.0,0.0,0.0,0.0,0.0,0.0
2026-05-31,0.0,0.0,0.0,0.0,0.0,0.0,-0.07266481701677897,-0.0495190381820584,0.0,0.0,-0.12,0.0,0.0,0.0,0.0,0.0,0.0,0.0,-0.056583221033161574,0.0,0.019048645792046508,0.0,0.0,0.0,0.015695600475624256,0.0,0.012761104505218654,0.0,0.0,0.0,0.0,0.0,0.0,0.0,0.0,0.008036147443519619,0.0,4.650548289073854e-06,0.0,0.0,0.0,-0.004650548289073853,0.0,0.0,0.0,0.0,0.0,0.0,0.0,0.0,0.0,0.0,0.0,-0.0010045184304399524,0.0,0.0,0.0,0.0,0.0,0.0,0.0,0.0,0.0,0.0,0.0,0.0,-0.11342222222222222,0.0,-0.0015951380631523317,-0.031898110714757566,0.0,0.0,0.0,0.0,0.0,0.0,0.0061898797727573,0.0,0.0,0.0,0.0,0.0,0.0,0.0,0.0,0.0,0.0,0.0,0.0,-0.03720438631259083,0.0,0.10208883604174923,0.0,0.0,0.0,0.0,0.0,-0.10208883604174923,0.0,0.0,0.0,0.0,0.0,0.056583221033161574,0.0,0.0,0.0,0.0,0.0,0.0,-0.012761104505218654,0.0,0.0,0.0,0.0,0.0,0.0,-0.0023810807240058135,0.0,0.0,0.0,0.0,0.0,0.0,0.0,0.0,0.0,0.0,0.0,0.0,0.0,0.0,0.0,0.0,0.0,0.0,0.0,0.0,0.0,0.0,0.0,0.0,0.0,0.0,0.0,0.0,0.0,0.0,0.0,0.0,0.0,0.09153674197384067,0.0,0.0,0.0,0.0,0.0,0.0,0.0,0.0005813185361342317,0.0,0.0,0.0,0.0,-0.019048645792046508,0.0,0.0,0.0,0.0,0.0,0.0,0.0,0.0,0.0,0.0,0.0,0.0,0.0,0.0,0.0,-0.0002976350905007267,0.0,0.0,0.0,0.0,-0.027121997621878714,-0.06428917954815695,-4.650548289073854e-06,0.0,0.06428917954815695,3.7204386312590835e-05,0.0,0.0,0.0,0.0,0.0,0.0,0.0,-0.00012556480380499405,0.0,0.0,0.0,0.022848143744219843,0.0,-0.08173803672876205,0.0,0.03720438631259083,0.0,0.0,0.0,0.0,0.0,0.0,0.0,0.0,0.0,0.0,0.0,0.0,0.0,0.0,0.0,0.0,0.0,0.0,0.0010045184304399524,0.0,0.0,0.0,0.0,0.0,0.0,0.0,0.0,0.0,0.0,0.0,0.0,0.0,0.0,0.0,0.0,0.0023810807240058135,0.0,0.0,0.0,0.0,0.0,0.0,0.0,-3.7204386312590835e-05,0.0,0.0,0.0,0.0,0.0002976350905007267,0.0,0.0,0.0,0.0,0.0,0.0,0.0,0.0,0.0,0.0,0.004650548289073853,0.0,0.0,0.0,0.0,0.0,0.0,0.0,0.0,0.0,0.0,0.0,0.0,0.12,0.0,0.0,0.0,0.0,0.031898110714757566,-0.0061898797727573,0.0,0.0,0.0,0.0,0.0,0.0,0.0,0.0,0.0,0.0,0.0,0.0,0.0,0.0,0.0,0.0,0.0,-0.09153674197384067,0.0,0.0,0.0,0.0,0.0,0.0,0.0,0.0,0.00012556480380499405,0.0,0.0,0.0,0.0,0.0,0.0,0.0,0.0,0.07266481701677897,0.0,0.0,0.0,0.0,0.010217254591095256,0.0,0.0,0.0,0.0,0.0,0.0,0.0,0.0,0.0,0.0,0.0,0.0,0.0,0.0,0.0,0.0,0.0,0.0,0.0,0.0,0.0,0.0,0.0,0.0,0.0,-0.022848143744219843,0.0,0.0,0.0,0.0,0.0,0.0,0.0,0.0,0.0,0.0,0.0,0.0,0.0,0.0,0.0,0.0,0.0,0.0,0.0,0.0,0.0,0.0,0.0,0.0,0.0,0.003390249702734839,0.0,0.0,0.0,0.0,0.0,0.0,0.0,0.0,0.0,0.0,0.0,0.0,-0.015695600475624256,0.0,0.0,0.0,0.0,0.0,0.0,0.0,0.0,0.0,0.0,0.0,0.0,0.0,0.0,0.0,0.0,0.0,0.0,0.0,0.0,0.0,0.08173803672876205,0.0,0.0,0.0,0.0,0.0,0.0,0.0,0.0,0.0,0.0,0.0,0.0,0.0,0.0495190381820584,0.0,0.0,0.0,0.0,0.0,0.0,0.0,0.0015951380631523317,0.0,0.0,0.0,0.0,0.0,0.0,0.0,0.0,-0.0005813185361342317,0.0,0.0,0.0,-0.008036147443519619,0.0,0.0,0.0,0.0,0.0,-0.010217254591095256,0.0,0.0,0.0,0.0,0.0,0.0,0.0,0.0,0.0,0.0,0.0,-0.04306872770511296,0.0,0.04306872770511296,0.0,0.0,0.0,0.0,0.0,0.0,0.0,0.027121997621878714,-0.003390249702734839,0.11342222222222222,0.0,0.0,0.0,0.0,0.0,0.0,0.0,0.0,0.0,0.0,0.0,0.0,0.0,0.0,0.0,0.0,0.0,0.0,0.0,0.0
2026-06-30,0.0,0.0,0.0,0.0,0.0,0.0,-0.019048645792046508,-0.09153674197384067,0.0,0.0,0.0,0.0,0.0,0.0,0.0,0.0,0.0,0.0,-0.08173803672876205,0.0,0.015695600475624256,0.0,0.0,0.0,0.0015951380631523317,0.0,0.03720438631259083,0.0,0.0,0.0,0.0,0.0,0.0,0.0,0.0,0.003390249702734839,0.0,0.0,0.0,0.0,0.0,-0.04306872770511296,0.0,0.0,0.0,0.0,0.0,0.0,0.0,0.0,0.0,0.0,0.0,-0.022848143744219843,0.0,0.0,0.0,0.0,0.0,0.0,0.0,0.0,0.0,0.0,0.0,0.0,-0.056583221033161574,0.0,-0.008036147443519619,-0.012761104505218654,0.0,0.0,0.0,0.0,0.0,0.0,0.008036147443519619,0.0,0.0,0.0,0.0,0.0,0.0,0.0,0.0,0.0,0.0,0.0,0.0,-0.0002976350905007267,0.0,0.09153674197384067,0.0,0.0,0.0,0.0,0.0,0.0,0.0,0.0,0.0,0.0,0.0,0.056583221033161574,0.0,0.0,0.0,0.0,0.0,0.0,-0.0023810807240058135,0.0,0.0,0.0,-0.11342222222222222,0.0,0.0,-0.0010045184304399524,0.0,0.0,0.0,0.0,0.0,0.0,0.0,0.0,0.0,0.0,0.0,0.0,0.0,0.0,3.7204386312590835e-05,0.0,0.0,0.0,0.0,0.0,0.0,0.0,0.0,0.0,0.0,0.0,0.0,0.0,0.0,0.0,0.0,0.0,0.0,0.07266481701677897,0.0,0.0,-0.12,0.0,0.0,0.0,0.0,0.0,0.0,0.0,0.0,0.0,-0.027121997621878714,0.0,0.0,0.0,0.0,0.0,0.0,0.0,0.0,0.0,0.0,0.0,0.0,0.0,0.0,0.0,-0.004650548289073853,0.0,0.0,0.0,0.0,-0.003390249702734839,-0.015695600475624256,-3.7204386312590835e-05,0.0,0.0495190381820584,0.0023810807240058135,0.0,0.0,0.0,0.0,0.0,0.0,0.0,-0.00012556480380499405,0.0,0.0,0.0,0.010217254591095256,0.0,-0.07266481701677897,0.0,0.027121997621878714,0.0,0.0010045184304399524,0.0,4.650548289073854e-06,0.0,0.0,0.0,0.0,0.0,0.0,0.0,0.0,0.0,0.0,0.0,0.0,0.0,0.0,0.0,0.0,0.0,0.0,0.0,0.0,0.0,0.0,0.0,0.0,0.0,0.0,0.0,0.0,0.0,0.0,0.0,0.06428917954815695,-0.10208883604174923,0.0,0.0,0.0,0.0,0.0,0.0,-4.650548289073854e-06,0.0,0.0,0.0,0.0,0.0,0.0,0.0,0.0,0.0,0.0,0.0,0.00012556480380499405,0.0,0.0,0.0,0.0002976350905007267,0.0,0.0,0.0,0.0,0.0,0.0,0.0,0.0,0.0,0.0,0.0,0.0,0.12,0.0,0.0,0.0,0.0,0.022848143744219843,-0.010217254591095256,0.0,0.0,0.0,0.0,0.0,0.0,0.0,0.0,0.0,0.0,0.0,0.0,0.0,0.0,0.0,0.0,0.0,0.0,0.0,0.0,0.0,0.0,0.0,0.0,0.0061898797727573,0.0,0.0,0.0,0.012761104505218654,0.0,0.0,0.0,0.0,0.0,0.0,0.08173803672876205,0.0,0.0,0.0,0.0,0.0,0.0,0.0,0.0,0.0,-0.0005813185361342317,0.0,0.0,0.0,0.0,0.0,0.0,0.0,0.0,0.0,0.0,0.0,0.0,0.0,0.0,0.004650548289073853,0.0,0.0,0.0,0.0,0.0,-0.06428917954815695,0.0,0.0,0.0,0.0,0.0,0.0,0.0,0.0,0.0,0.0,0.0,0.0,0.0,0.0,0.0,0.0,0.0,0.0,0.0,0.0,0.0,0.0,0.0,0.0,0.0,0.0005813185361342317,0.0,0.0,0.0,0.0,0.0,0.0,0.0,0.0,0.0,0.0,0.0,0.0,-0.0495190381820584,0.0,0.0,0.0,0.0,0.0,0.0,0.0,0.0,0.0,0.0,0.0,0.0,0.0,0.0,0.0,0.0,0.0,0.0,0.0,0.0,0.0,0.10208883604174923,0.0,0.0,0.0,0.0,0.0,0.0,0.0,0.0,0.0,0.0,0.0,0.0,0.0,0.04306872770511296,0.0,0.0,0.0,0.0,0.0,0.0,0.0,0.0,0.0,0.0,0.0,0.0,0.0,0.0,0.0,0.0,-0.0061898797727573,0.0,0.0,0.0,-0.03720438631259083,0.0,0.0,0.0,0.0,0.0,0.0,0.0,0.0,0.0,0.0,0.0,0.0,0.0,0.0,0.0,0.0,0.0,-0.031898110714757566,0.0,0.031898110714757566,0.0,0.0,0.0,0.0,0.0,0.0,0.0,0.019048645792046508,-0.0015951380631523317,0.11342222222222222,0.0,0.0,0.0,0.0,0.0,0.0,0.0,0.0,0.0,0.0,0.0,0.0,0.0,0.0,0.0,0.0,0.0,0.0,0.0,0.0
2026-07-31,0.0,0.0,0.0,0.0,0.0,0.0,-0.03720438631259083,-0.0495190381820584,0.0,0.0,0.0,0.0,0.0,0.0,0.0,0.0,0.0,0.0,-0.027121997621878714,0.0,0.012761104505218654,0.0,0.0,0.0,0.004650548289073853,0.0,0.056583221033161574,0.0,0.0,0.0,0.0,0.0,0.0,0.0,0.0,3.7204386312590835e-05,0.0,0.0,0.0,0.0,0.0,0.0,0.0,0.0,0.0,0.0,0.0,-0.11342222222222222,0.0,0.0,0.0,0.0,0.0,0.0,0.0,0.0,0.0,0.0,0.0,0.0,0.0,0.0,0.0,0.0,0.0,0.0,-0.09153674197384067,0.0,-0.008036147443519619,-0.0023810807240058135,0.0,0.0,0.0,0.0,0.0,0.0,0.0010045184304399524,0.0,0.0,0.0,0.0,0.0,0.0,0.0,0.0,0.0,0.0,0.0,0.0,-0.00012556480380499405,0.0,0.06428917954815695,0.0,0.0,0.0,0.0,0.0,0.0,0.0,0.0,0.0,0.0,0.0,0.04306872770511296,0.0,0.0,0.0,0.0,0.0,0.0,-0.06428917954815695,0.0,0.0,0.0,0.0,0.0,0.0,-0.003390249702734839,0.0,0.0,0.0,0.0,0.0,0.0,0.0,0.0,0.0,0.0,0.0,0.0023810807240058135,0.0,0.0,0.0495190381820584,0.0,0.0,0.0,0.0,0.0,0.0,0.0,0.0,0.0,0.0,0.0,0.0,0.0,0.0,0.0,0.0,0.0,0.0,0.09153674197384067,0.0,0.0,-0.08173803672876205,0.0,0.0,0.0,0.0,0.0,0.0,0.0,0.0,0.0,-0.031898110714757566,0.0,0.0,0.0,0.0,0.0,0.0,0.0,0.0,0.0,0.0,0.0,0.0,0.0,0.0,0.0,-0.019048645792046508,0.0,0.0,0.0,0.0,0.0,-0.012761104505218654,-0.0002976350905007267,0.0,0.022848143744219843,0.019048645792046508,0.0,0.0,0.0,0.0,0.0,0.0,0.0,-0.004650548289073853,0.0,0.0,0.0,0.0,0.0,-0.12,0.0,0.015695600475624256,0.0,0.0015951380631523317,0.0,4.650548289073854e-06,0.0,0.0,0.0,0.0,0.0,0.0,0.0,0.0,0.0,0.0,0.0,0.0,0.0,0.0,0.0,0.003390249702734839,0.0,0.0,0.0,0.0,0.0,0.0,0.0,0.0,0.0,0.0,0.0,0.0,0.0,0.0,0.0,0.07266481701677897,-0.0015951380631523317,0.0,0.0,0.0,0.0,0.0,0.0,-3.7204386312590835e-05,0.0,0.0,0.0,0.0,0.0,0.0,0.0,0.0,0.0,0.0,0.0,0.0,0.0,0.0,0.0,0.0005813185361342317,0.0,0.0,0.0,0.0,0.0,0.0,0.0,0.0,0.0,0.0,0.0,0.0,0.12,0.0,0.0,0.0,0.0,0.031898110714757566,-0.0005813185361342317,0.0,0.0,0.0,0.0,0.0,0.0,0.0,0.0,0.0,0.0,0.0,0.0,0.0,0.0,0.0,0.0,0.0,0.0,0.0,0.0,0.0,0.0,0.0,0.0,0.0002976350905007267,0.0,0.0,0.0,0.027121997621878714,0.0,0.0,0.0,0.0,0.0,0.0,0.11342222222222222,0.0,0.0,0.0,0.0,0.0,0.0,0.0,0.0,0.0,0.0,0.0,0.0,0.0,0.0,0.00012556480380499405,0.0,0.0,0.0,0.0,0.0,0.0,0.0,0.0,0.0,0.008036147443519619,0.0,0.0,0.0,0.0,0.0,-0.056583221033161574,0.0,0.0,0.0,0.0,0.0,0.0,0.0,0.0,0.0,0.0,0.0,0.0,0.0,0.0,0.0,0.0,0.0,-0.0010045184304399524,0.0,0.0,0.0,0.0,0.0,0.0,0.0,0.0,-0.10208883604174923,0.0,0.0,0.0,0.0,0.0,0.0,0.0,0.0,0.0,0.0,0.0,-0.022848143744219843,0.0,0.0,0.0,0.0,0.0,0.0,0.0,0.0,0.0,0.0,0.0,0.0,0.0,0.0,0.0,0.0,0.0,0.0,0.0,0.0,0.0,0.08173803672876205,0.0,0.0,0.0,0.0,0.0,0.0,0.0,0.0,0.0,0.0,0.0,0.0,0.0,0.03720438631259083,0.0,0.0,0.0,0.0,0.0,0.0,0.0,0.0,0.0,0.0,0.0,0.0,0.0,0.0,0.0,0.0,-4.650548289073854e-06,0.0,0.0,0.0,-0.010217254591095256,0.0,0.0,0.0,0.0,0.0,0.0,0.0,0.0,0.0,0.0,0.0,-0.07266481701677897,0.0,0.0,0.0,0.0,0.0,-0.015695600475624256,0.0,0.010217254591095256,0.0,0.0,0.0,0.0,0.0,0.0,0.0,0.0061898797727573,-0.04306872770511296,0.10208883604174923,0.0,0.0,0.0,0.0,0.0,0.0,0.0,0.0,0.0,0.0,0.0,0.0,0.0,0.0,0.0,0.0,0.0,0.0,0.0,-0.0061898797727573
2026-08-31,0.0,0.0,0.0,0.0,0.0,0.0,-0.003390249702734839,-0.031898110714757566,0.0,0.0,0.0,0.0,0.0,0.0,0.0,0.0,0.0,0.0,0.0,0.0,0.0010045184304399524,0.0,0.0,0.0,0.019048645792046508,0.0,0.056583221033161574,0.0,0.0,0.0,0.0,0.0,0.0,0.0,0.0,0.0,0.0,0.0,0.0,0.0,0.0,0.0,0.0,0.0,0.0,0.0,0.0,0.0,0.0,0.0,0.0,0.0,0.0,0.0,0.0,0.0,0.0,0.0,0.0,0.0,0.0,0.0,0.0,0.0,0.0,0.0,-0.0495190381820584,0.0,-0.08173803672876205,-0.0015951380631523317,0.0,0.0,0.0,0.0,0.0,0.0,0.004650548289073853,0.0,0.0,0.0,0.0,0.0,0.0,0.0,0.0,0.0,0.0,0.0,0.0,-0.0010045184304399524,0.0,0.07266481701677897,0.0,0.0,0.0,0.0,0.0,0.0,3.7204386312590835e-05,0.0,0.0,0.0,0.0,0.022848143744219843,-0.0023810807240058135,0.0,0.0,0.0,0.0,0.0,-0.056583221033161574,0.0,0.0,0.0,-0.11342222222222222,0.0,0.0,-0.0005813185361342317,0.0,0.0,-0.04306872770511296,0.0,0.0,0.0,0.0,0.0,0.0,0.0,0.0,0.0015951380631523317,0.0,0.0,0.031898110714757566,0.0,0.0,0.0,0.0,0.0,0.0,0.0,0.0,0.0,0.0,0.0,0.0,0.0,0.0,0.0,0.0,0.0,0.0,0.027121997621878714,0.0,0.0,0.0,0.0,0.0,0.0,0.0,0.0,0.0,0.0,0.0,0.0,0.0,0.0,0.0,0.0,0.0,0.0,0.0,0.0,0.0,0.0,0.0,0.0,0.0,0.0,0.0,0.0,-0.022848143744219843,0.0,0.0,0.0,0.0,0.0,-0.010217254591095256,-3.7204386312590835e-05,0.0,0.015695600475624256,0.010217254591095256,0.0,0.0,0.0,0.0,0.0,0.0,0.0,-0.004650548289073853,0.0,0.0,0.0,0.0002976350905007267,0.0,0.0,0.0,0.0495190381820584,0.0,0.0005813185361342317,0.0,4.650548289073854e-06,0.0,0.0,0.0,0.0,0.0,0.0,0.0,0.0,0.0,0.0,0.0,0.0,0.0,0.0,0.0,0.0023810807240058135,0.0,0.0,0.0,0.0,0.0,0.0,0.0,0.0,0.0,0.0,0.0,0.0,0.0,0.0,0.0,0.09153674197384067,-0.0002976350905007267,0.0,0.0,0.0,0.0,0.0,0.0,-0.00012556480380499405,0.0,0.0,0.0,0.0,0.0,0.0,0.0,0.0,0.0,0.0,0.0,0.00012556480380499405,0.0,0.0,0.0,0.012761104505218654,0.0,0.0,0.0,0.0,0.0,0.0,0.0,0.0,0.0,0.0,0.0,0.0,0.10208883604174923,0.0,0.0,0.0,0.0,0.04306872770511296,-0.012761104505218654,0.0,0.0,0.0,0.0,0.0,0.0,0.0,0.0,0.0,0.0,0.0,0.0,0.0,0.0,0.0,0.0,0.0,0.0,0.0,0.0,0.0,0.0,-0.12,0.0,0.0,0.0,0.008036147443519619,0.0,0.03720438631259083,0.0,0.0,0.0,0.0,0.0,0.0,0.12,0.0,0.0,0.0,0.0,0.0,-0.03720438631259083,0.0,-0.09153674197384067,0.0,-0.027121997621878714,0.0,0.0,0.0,0.0,0.0,0.0,0.0,0.0,0.0,0.0,0.0,0.0,0.0,0.0,0.0,0.0,0.0,0.0,0.0,0.0,0.0,0.0,0.0,0.0,0.0,0.0,0.0,0.0,0.0,0.0,0.0,0.0,0.0,0.0,0.0,0.0,0.0,0.0,-0.015695600475624256,0.0,0.0,0.0,0.0,0.0,0.0,0.0,0.0,-0.07266481701677897,0.0,0.0,0.0,0.0,0.0,0.0,0.0,0.0,0.0,0.0,0.0,-0.10208883604174923,0.0,0.0,0.0,0.0,0.0,0.0,0.0,0.0,0.0,0.0,0.0,0.0,0.0,0.0,0.0,0.0,0.0,0.0,0.0,0.0,0.0,0.08173803672876205,0.0,0.0,0.0,0.0,0.0,0.0,0.0,0.0,0.0,0.0,0.0,0.0,0.0,0.06428917954815695,0.0,0.0,0.0,0.0,0.0,0.0,0.0,0.0,0.0,0.0,0.0,0.0,0.0,0.0,0.0,0.0,-4.650548289073854e-06,0.0,0.0,0.0,-0.0061898797727573,0.0,0.0,0.0,0.0,0.0,0.0,0.0,0.0,0.0,0.0,0.0,0.0,0.0,0.0,0.0,0.0,0.0,-0.06428917954815695,0.0,0.0061898797727573,0.0,0.0,0.0,0.0,0.0,0.0,0.0,0.003390249702734839,-0.019048645792046508,0.11342222222222222,0.0,0.0,0.0,0.0,0.0,0.0,0.0,0.0,0.0,0.0,0.0,0.0,0.0,0.0,0.0,0.0,0.0,0.0,0.0,-0.008036147443519619
